"Name","Version","VersionCN","IconSWF","IconExportName","Character","Skin","GiveOnSkinUnlock","IsPicto","BattleCategory","Rarity","EmoteType","SoundEffect","SfxIndex","LockedForChronos","EmoteBundles","IsDefaultBattleEmote","PriceBling","PriceGems","DontSellInCatalog","DisableCatalogRelease","CatalogNewDaysAdjustment","NotInCatalogTID","ExtraCatalogCampaign","HideFromCatalogRarityCategory","UnlockedByFame","BrawlerTrophyReward","ShouldDownweight","OdditiesShopAvailability"
"string","int","int","string","string","string","string","boolean","boolean","String","String","String","String","int","boolean","String","boolean","int","int","boolean","boolean","int","string","string","boolean","String","String","boolean","string"
"emoji_8bit",,,"sc/emoji_1.sc","emoji_8bit","Arcade",,,,"DEFAULT","DEFAULT","DEFAULT","8bit_start_vo","0",,,,,,"TRUE",,,,,,,,,"NEVER"
"emoji_8bit_angry",,,"sc/emoji_1.sc","emoji_8bit_angry","Arcade",,,,"ANGRY","COMMON","ANGRY","8bit_hurt_vo","0",,,,"375","9","TRUE",,,,,,,,"TRUE","AVAILABLE"
"emoji_8bit_gg",,,"sc/emoji_1.sc","emoji_8bit_gg","Arcade",,,,"SPECIAL","RARE","GG","8bit_kill_vo","1",,,,"750","19","TRUE",,,,,,,,,"AVAILABLE"
"emoji_8bit_sad",,,"sc/emoji_1.sc","emoji_8bit_sad","Arcade",,,,"SAD","COMMON","SAD","8bit_die_vo","3",,,,"375","9","TRUE",,,,,,,,,"AVAILABLE"
"emoji_8bit_thanks",,,"sc/emoji_1.sc","emoji_8bit_thanks","Arcade",,,,"SPECIAL","EPIC","THANKS","8bit_kill_vo","2",,,,"1500","39","TRUE",,,,,,,,,"AVAILABLE"
"emoji_angry",,,"sc/emoji_1.sc","emoji_angry",,,,,"ANGRY","DEFAULT","ANGRY",,,,,,,,"TRUE",,,,,,,,"TRUE","NEVER"
"emoji_annoyed",,,"sc/emoji_1.sc","emoji_annoyed",,,,,"ANGRY","DEFAULT","ANGRY",,,,,,,,"TRUE",,,,,,,,"TRUE","NEVER"
"emoji_barley",,,"sc/emoji_1.sc","emoji_barley","Barkeep",,,,"DEFAULT","DEFAULT","DEFAULT","Barley_Die","1",,,,,,"TRUE",,,,,,,,,"NEVER"
"emoji_barley_angry",,,"sc/emoji_1.sc","emoji_barley_angry","Barkeep",,,,"ANGRY","COMMON","ANGRY","Barley_Hurt","0",,,,"375","9","TRUE",,,,,,,,"TRUE","AVAILABLE"
"emoji_barley_gg",,,"sc/emoji_1.sc","emoji_barley_gg","Barkeep",,,,"SPECIAL","RARE","GG","Barley_Start","0",,,,"750","19","TRUE",,,,,,,,,"AVAILABLE"
"emoji_barley_sad",,,"sc/emoji_1.sc","emoji_barley_sad","Barkeep",,,,"SAD","COMMON","SAD","Barley_Hurt","2",,,,"375","9","TRUE",,,,,,,,"TRUE","AVAILABLE"
"emoji_barley_thanks",,,"sc/emoji_1.sc","emoji_barley_thanks","Barkeep",,,,"SPECIAL","EPIC","THANKS","Barley_Start","3",,,,"1500","39","TRUE",,,,,,,,,"AVAILABLE"
"emoji_bea",,,"sc/emoji_1.sc","emoji_bea","BeeSniper",,,,"DEFAULT","DEFAULT","DEFAULT","Bea_Start_VO","3",,,,,,"TRUE",,,,,,,,,"NEVER"
"emoji_bea_angry",,,"sc/emoji_1.sc","emoji_bea_angry","BeeSniper",,,,"ANGRY","COMMON","ANGRY","Bea_Hurt_VO","0",,,,"375","9","TRUE",,,,,,,,"TRUE","AVAILABLE"
"emoji_bea_gg",,,"sc/emoji_1.sc","emoji_bea_gg","BeeSniper",,,,"SPECIAL","RARE","GG","Bea_Lead_VO","1",,,,"750","19","TRUE",,,,,,,,,"AVAILABLE"
"emoji_bea_sad",,,"sc/emoji_1.sc","emoji_bea_sad","BeeSniper",,,,"SAD","COMMON","SAD","Bea_Die_VO","1",,,,"375","9","TRUE",,,,,,,,"TRUE","AVAILABLE"
"emoji_bea_thanks",,,"sc/emoji_1.sc","emoji_bea_thanks","BeeSniper",,,,"SPECIAL","EPIC","THANKS","Bea_Lead_VO","2",,,,"1500","39","TRUE",,,,,,,,,"AVAILABLE"
"emoji_bibi",,,"sc/emoji_1.sc","emoji_bibi","Baseball",,,,"DEFAULT","DEFAULT","DEFAULT","Bibi_kill_vo","1",,,,,,"TRUE",,,,,,,,,"NEVER"
"emoji_bibi_angry",,,"sc/emoji_1.sc","emoji_bibi_angry","Baseball",,,,"ANGRY","COMMON","ANGRY","Bibi_hurt_vo","1",,,,"375","9","TRUE",,,,,,,,"TRUE","AVAILABLE"
"emoji_bibi_gg",,,"sc/emoji_1.sc","emoji_bibi_gg","Baseball",,,,"SPECIAL","RARE","GG","Bibi_kill_vo","3",,,,"750","19","TRUE",,,,,,,,,"AVAILABLE"
"emoji_bibi_sad",,,"sc/emoji_1.sc","emoji_bibi_sad","Baseball",,,,"SAD","COMMON","SAD","Bibi_die_vo","0",,,,"375","9","TRUE",,,,,,,,"TRUE","AVAILABLE"
"emoji_bibi_thanks",,,"sc/emoji_1.sc","emoji_bibi_thanks","Baseball",,,,"SPECIAL","EPIC","THANKS","Bibi_lead_vo","3",,,,"1500","39","TRUE",,,,,,,,,"AVAILABLE"
"emoji_blank",,,"sc/emoji_1.sc","emoji_blank",,,,,"SAD","DEFAULT","SAD",,,,,,,,"TRUE",,,,,,,,,"NEVER"
"emoji_bo",,,"sc/emoji_1.sc","emoji_bo","BowDude",,,,"DEFAULT","DEFAULT","DEFAULT","Bo_ulti_vo","2",,,,,,"TRUE",,,,,,,,,"NEVER"
"emoji_bo_angry",,,"sc/emoji_1.sc","emoji_bo_angry","BowDude",,,,"ANGRY","COMMON","ANGRY","Bo_hurt","3",,,,"375","9","TRUE",,,,,,,,"TRUE","AVAILABLE"
"emoji_bo_gg",,,"sc/emoji_1.sc","emoji_bo_gg","BowDude",,,,"SPECIAL","RARE","GG","Bo_ulti_vo","0",,,,"750","19","TRUE",,,,,,,,,"AVAILABLE"
"emoji_bo_sad",,,"sc/emoji_1.sc","emoji_bo_sad","BowDude",,,,"SAD","COMMON","SAD","Bo_hurt","2",,,,"375","9","TRUE",,,,,,,,"TRUE","AVAILABLE"
"emoji_bo_thanks",,,"sc/emoji_1.sc","emoji_bo_thanks","BowDude",,,,"SPECIAL","EPIC","THANKS","Bo_start","0",,,,"1500","39","TRUE",,,,,,,,,"AVAILABLE"
"emoji_bothered",,,"sc/emoji_1.sc","emoji_bothered",,,,,"PLAYER_2","DEFAULT","ANGRY",,,,,"TRUE",,,"TRUE",,,,,,,,,"NEVER"
"emoji_brock",,,"sc/emoji_1.sc","emoji_brock","RocketGirl",,,,"DEFAULT","DEFAULT","DEFAULT","Brock_start_vo","2",,,,,,"TRUE",,,,,,,,,"NEVER"
"emoji_brock_angry",,,"sc/emoji_1.sc","emoji_brock_angry","RocketGirl",,,,"ANGRY","COMMON","ANGRY","Brock_hurt_vo","4",,,,"375","9","TRUE",,,,,,,,"TRUE","AVAILABLE"
"emoji_brock_gg",,,"sc/emoji_1.sc","emoji_brock_gg","RocketGirl",,,,"SPECIAL","RARE","GG","Brock_kill_vo","3",,,,"750","19","TRUE",,,,,,,,,"AVAILABLE"
"emoji_brock_sad",,,"sc/emoji_1.sc","emoji_brock_sad","RocketGirl",,,,"SAD","COMMON","SAD","Brock_hurt_vo","0",,,,"375","9","TRUE",,,,,,,,"TRUE","AVAILABLE"
"emoji_brock_thanks",,,"sc/emoji_1.sc","emoji_brock_thanks","RocketGirl",,,,"SPECIAL","EPIC","THANKS","Brock_start_vo","3",,,,"1500","39","TRUE",,,,,,,,,"AVAILABLE"
"emoji_bull",,,"sc/emoji_1.sc","emoji_bull","BullDude",,,,"DEFAULT","DEFAULT","DEFAULT","Bull_start","2",,,,,,"TRUE",,,,,,,,,"NEVER"
"emoji_bull_angry",,,"sc/emoji_1.sc","emoji_bull_angry","BullDude",,,,"ANGRY","COMMON","ANGRY","Bull_ulti","2",,,,"375","9","TRUE",,,,,,,,"TRUE","AVAILABLE"
"emoji_bull_gg",,,"sc/emoji_1.sc","emoji_bull_gg","BullDude",,,,"SPECIAL","RARE","GG","Bull_start","1",,,,"750","19","TRUE",,,,,,,,,"AVAILABLE"
"emoji_bull_sad",,,"sc/emoji_1.sc","emoji_bull_sad","BullDude",,,,"SAD","COMMON","SAD","Bull_die","3",,,,"375","9","TRUE",,,,,,,,"TRUE","AVAILABLE"
"emoji_bull_thanks",,,"sc/emoji_1.sc","emoji_bull_thanks","BullDude",,,,"SPECIAL","EPIC","THANKS","Bull_lead","0",,,,"1500","39","TRUE",,,,,,,,,"AVAILABLE"
"emoji_carl",,,"sc/emoji_1.sc","emoji_carl","Whirlwind",,,,"DEFAULT","DEFAULT","DEFAULT","Carl_start_vo","0",,,,,,"TRUE",,,,,,,,,"NEVER"
"emoji_carl_angry",,,"sc/emoji_1.sc","emoji_carl_angry","Whirlwind",,,,"ANGRY","COMMON","ANGRY","Carl_hurt_vo","2",,,,"375","9","TRUE",,,,,,,,"TRUE","AVAILABLE"
"emoji_carl_gg",,,"sc/emoji_1.sc","emoji_carl_gg","Whirlwind",,,,"SPECIAL","RARE","GG","Carl_start_vo","1",,,,"750","19","TRUE",,,,,,,,,"AVAILABLE"
"emoji_carl_sad",,,"sc/emoji_1.sc","emoji_carl_sad","Whirlwind",,,,"SAD","COMMON","SAD","Carl_die_vo","0",,,,"375","9","TRUE",,,,,,,,"TRUE","AVAILABLE"
"emoji_carl_thanks",,,"sc/emoji_1.sc","emoji_carl_thanks","Whirlwind",,,,"SPECIAL","EPIC","THANKS","Carl_start_vo","2",,,,"1500","39","TRUE",,,,,,,,,"AVAILABLE"
"emoji_colt",,,"sc/emoji_1.sc","emoji_colt","Gunslinger",,,,"DEFAULT","DEFAULT","DEFAULT","Hotshot_Start","1",,,,,,"TRUE",,,,,,,,,"NEVER"
"emoji_colt_angry",,,"sc/emoji_1.sc","emoji_colt_angry","Gunslinger",,,,"ANGRY","COMMON","ANGRY","Hotshot_Takedamge_Vo","2",,,,"375","9","TRUE",,,,,,,,"TRUE","AVAILABLE"
"emoji_colt_gg",,,"sc/emoji_1.sc","emoji_colt_gg","Gunslinger",,,,"SPECIAL","RARE","GG","Hotshot_Lead","4",,,,"750","19","TRUE",,,,,,,,,"AVAILABLE"
"emoji_colt_sad",,,"sc/emoji_1.sc","emoji_colt_sad","Gunslinger",,,,"SAD","COMMON","SAD","Hotshot_Takedamge_Vo","5",,,,"375","9","TRUE",,,,,,,,"TRUE","AVAILABLE"
"emoji_colt_thanks",,,"sc/emoji_1.sc","emoji_colt_thanks","Gunslinger",,,,"SPECIAL","EPIC","THANKS","Hotshot_Start","2",,,,"1500","39","TRUE",,,,,,,,,"AVAILABLE"
"emoji_crow",,,"sc/emoji_1.sc","emoji_crow","Crow",,,,"DEFAULT","DEFAULT","DEFAULT","Crow_Start","0",,,,,,"TRUE",,,,,,,,,"NEVER"
"emoji_crow_angry",,,"sc/emoji_1.sc","emoji_crow_angry","Crow",,,,"ANGRY","COMMON","ANGRY","Crow_Takedamage","4",,,,"375","9","TRUE",,,,,,,,"TRUE","AVAILABLE"
"emoji_crow_gg",,,"sc/emoji_1.sc","emoji_crow_gg","Crow",,,,"SPECIAL","RARE","GG","Crow_Kill","2",,,,"750","19","TRUE",,,,,,,,,"AVAILABLE"
"emoji_crow_sad",,,"sc/emoji_1.sc","emoji_crow_sad","Crow",,,,"SAD","COMMON","SAD","Crow_Takedamage","0",,,,"375","9","TRUE",,,,,,,,"TRUE","AVAILABLE"
"emoji_crow_thanks",,,"sc/emoji_1.sc","emoji_crow_thanks","Crow",,,,"SPECIAL","EPIC","THANKS","Crow_Lead","1",,,,"1500","39","TRUE",,,,,,,,,"AVAILABLE"
"emoji_darryl",,,"sc/emoji_1.sc","emoji_darryl","BarrelBot",,,,"DEFAULT","DEFAULT","DEFAULT","Darryl_Start_VO","3",,,,,,"TRUE",,,,,,,,,"NEVER"
"emoji_darryl_angry",,,"sc/emoji_1.sc","emoji_darryl_angry","BarrelBot",,,,"ANGRY","COMMON","ANGRY","Darryl_Hurt_VO","5",,,,"375","9","TRUE",,,,,,,,"TRUE","AVAILABLE"
"emoji_darryl_gg",,,"sc/emoji_1.sc","emoji_darryl_gg","BarrelBot",,,,"SPECIAL","RARE","GG","Darryl_Start_VO","4",,"LoginCalendarDarryl1",,"750","19","TRUE",,,,,,,,,"AVAILABLE"
"emoji_darryl_sad",,,"sc/emoji_1.sc","emoji_darryl_sad","BarrelBot",,,,"SAD","COMMON","SAD","Darryl_Die_VO","5",,,,"375","9","TRUE",,,,,,,,"TRUE","AVAILABLE"
"emoji_darryl_thanks",,,"sc/emoji_1.sc","emoji_darryl_thanks","BarrelBot",,,,"SPECIAL","EPIC","THANKS","Darryl_Start_VO","6",,"LoginCalendarDarryl2",,"1500","39","TRUE",,,,,,,,,"AVAILABLE"
"emoji_dynamike",,,"sc/emoji_1.sc","emoji_dynamike","TntDude",,,,"DEFAULT","DEFAULT","DEFAULT","Tnt_guy_start_vo","1",,,,,,"TRUE",,,,,,,,,"NEVER"
"emoji_dynamike_angry",,,"sc/emoji_1.sc","emoji_dynamike_angry","TntDude",,,,"ANGRY","COMMON","ANGRY","Tnt_guy_hurt_vo","2",,,,"375","9","TRUE",,,,,,,,"TRUE","AVAILABLE"
"emoji_dynamike_gg",,,"sc/emoji_1.sc","emoji_dynamike_gg","TntDude",,,,"SPECIAL","RARE","GG","Tnt_guy_start_vo","2",,,,"750","19","TRUE",,,,,,,,,"AVAILABLE"
"emoji_dynamike_sad",,,"sc/emoji_1.sc","emoji_dynamike_sad","TntDude",,,,"SAD","COMMON","SAD","Tnt_guy_hurt_vo","3",,,,"375","9","TRUE",,,,,,,,"TRUE","AVAILABLE"
"emoji_dynamike_thanks",,,"sc/emoji_1.sc","emoji_dynamike_thanks","TntDude",,,,"SPECIAL","EPIC","THANKS","Tnt_guy_lead_vo","0",,,,"1500","39","TRUE",,,,,,,,,"AVAILABLE"
"emoji_ecstatic",,,"sc/emoji_1.sc","emoji_ecstatic",,,,,"HAPPY","DEFAULT","HAPPY",,,,,,,,"TRUE",,,,,,,,,"NEVER"
"emoji_emz",,,"sc/emoji_1.sc","emoji_emz","Mummy",,,,"DEFAULT","DEFAULT","DEFAULT","Emz_start_vo","1",,,,,,"TRUE",,,,,,,,,"NEVER"
"emoji_emz_angry",,,"sc/emoji_1.sc","emoji_emz_angry","Mummy",,,,"ANGRY","COMMON","ANGRY","Emz_hurt_vo","3",,,,"375","9","TRUE",,,,,,,,"TRUE","AVAILABLE"
"emoji_emz_gg",,,"sc/emoji_1.sc","emoji_emz_gg","Mummy",,,,"SPECIAL","RARE","GG","Emz_lead_vo","3",,,,"750","19","TRUE",,,,,,,,,"AVAILABLE"
"emoji_emz_sad",,,"sc/emoji_1.sc","emoji_emz_sad","Mummy",,,,"SAD","COMMON","SAD","Emz_hurt_vo","4",,,,"375","9","TRUE",,,,,,,,"TRUE","AVAILABLE"
"emoji_emz_thanks",,,"sc/emoji_1.sc","emoji_emz_thanks","Mummy",,,,"SPECIAL","EPIC","THANKS","Emz_lead_vo","2",,,,"1500","39","TRUE",,,,,,,,,"AVAILABLE"
"emoji_frank",,,"sc/emoji_1.sc","emoji_frank","HammerDude",,,,"DEFAULT","DEFAULT","DEFAULT","Frank_Gadget","0",,,,,,"TRUE",,,,,,,,,"NEVER"
"emoji_frank_angry",,,"sc/emoji_1.sc","emoji_frank_angry","HammerDude",,,,"ANGRY","COMMON","ANGRY","Frank_vo","5",,,,"375","9","TRUE",,,,,,,,"TRUE","AVAILABLE"
"emoji_frank_gg",,,"sc/emoji_1.sc","emoji_frank_gg","HammerDude",,,,"SPECIAL","RARE","GG","Frank_vo","2",,,,"750","19","TRUE",,,,,,,,,"AVAILABLE"
"emoji_frank_sad",,,"sc/emoji_1.sc","emoji_frank_sad","HammerDude",,,,"SAD","COMMON","SAD","Frank_vo","1",,,,"375","9","TRUE",,,,,,,,"TRUE","AVAILABLE"
"emoji_frank_thanks",,,"sc/emoji_1.sc","emoji_frank_thanks","HammerDude",,,,"SPECIAL","EPIC","THANKS","Frank_vo","2",,,,"1500","39","TRUE",,,,,,,,,"AVAILABLE"
"emoji_frenzied",,,"sc/emoji_1.sc","emoji_frenzied",,,,,"ANGRY","DEFAULT","ANGRY",,,,,,,,"TRUE",,,,,,,,,"NEVER"
"emoji_gene",,,"sc/emoji_1.sc","emoji_gene","HookDude",,,,"DEFAULT","DEFAULT","DEFAULT","Gene_vo","2",,,,,,"TRUE",,,,,,,,,"NEVER"
"emoji_gene_angry",,,"sc/emoji_1.sc","emoji_gene_angry","HookDude",,,,"ANGRY","COMMON","ANGRY","Gene_vo","4",,,,"375","9","TRUE",,,,,,,,"TRUE","AVAILABLE"
"emoji_gene_gg",,,"sc/emoji_1.sc","emoji_gene_gg","HookDude",,,,"SPECIAL","RARE","GG","Gene_vo","6",,,,"750","19","TRUE",,,,,,,,,"AVAILABLE"
"emoji_gene_sad",,,"sc/emoji_1.sc","emoji_gene_sad","HookDude",,,,"SAD","COMMON","SAD","Gene_vo","12",,,,"375","9","TRUE",,,,,,,,"TRUE","AVAILABLE"
"emoji_gene_thanks",,,"sc/emoji_1.sc","emoji_gene_thanks","HookDude",,,,"SPECIAL","EPIC","THANKS","Gene_vo","9",,,,"1500","39","TRUE",,,,,,,,,"AVAILABLE"
"emoji_grin",,,"sc/emoji_1.sc","emoji_grin",,,,,"HAPPY","DEFAULT","HAPPY",,,,,,,,"TRUE",,,,,,,,,"NEVER"
"emoji_happy",,,"sc/emoji_1.sc","emoji_happy",,,,,"HAPPY","DEFAULT","HAPPY",,,,,"TRUE",,,"TRUE",,,,,,,,,"NEVER"
"emoji_jacky",,,"sc/emoji_1.sc","emoji_jacky","Driller",,,,"DEFAULT","DEFAULT","DEFAULT","Jackie_Start_VO","0",,,,,,"TRUE",,,,,,,,,"NEVER"
"emoji_jacky_angry",,,"sc/emoji_1.sc","emoji_jacky_angry","Driller",,,,"ANGRY","COMMON","ANGRY","Jackie_Die_VO","3",,,,"375","9","TRUE",,,,,,,,"TRUE","AVAILABLE"
"emoji_jacky_gg",,,"sc/emoji_1.sc","emoji_jacky_gg","Driller",,,,"SPECIAL","RARE","GG","Jackie_Kill_VO","0",,,,"750","19","TRUE",,,,,,,,,"AVAILABLE"
"emoji_jacky_sad",,,"sc/emoji_1.sc","emoji_jacky_sad","Driller",,,,"SAD","COMMON","SAD","Jackie_Hurt_VO","0",,,,"375","9","TRUE",,,,,,,,"TRUE","AVAILABLE"
"emoji_jacky_thanks",,,"sc/emoji_1.sc","emoji_jacky_thanks","Driller",,,,"SPECIAL","EPIC","THANKS","Jackie_Ulti_VO","4",,,,"1500","39","TRUE",,,,,,,,,"AVAILABLE"
"emoji_jessie",,,"sc/emoji_1.sc","emoji_jessie","Mechanic",,,,"DEFAULT","DEFAULT","DEFAULT","Jess_start","3",,,,,,"TRUE",,,,,,,,,"NEVER"
"emoji_jessie_angry",,,"sc/emoji_1.sc","emoji_jessie_angry","Mechanic",,,,"ANGRY","COMMON","ANGRY","Jess_takedamage","3",,,,"375","9","TRUE",,,,,,,,"TRUE","AVAILABLE"
"emoji_jessie_gg",,,"sc/emoji_1.sc","emoji_jessie_gg","Mechanic",,,,"SPECIAL","RARE","GG","Jess_lead","3",,,,"750","19","TRUE",,,,,,,,,"AVAILABLE"
"emoji_jessie_sad",,,"sc/emoji_1.sc","emoji_jessie_sad","Mechanic",,,,"SAD","COMMON","SAD","Jess_die","3",,,,"375","9","TRUE",,,,,,,,"TRUE","AVAILABLE"
"emoji_jessie_thanks",,,"sc/emoji_1.sc","emoji_jessie_thanks","Mechanic",,,,"SPECIAL","EPIC","THANKS","Jess_ulti","2",,,,"1500","39","TRUE",,,,,,,,,"AVAILABLE"
"emoji_laugh",,,"sc/emoji_1.sc","emoji_laugh",,,,,"PLAYER_1","DEFAULT","HAPPY",,,,,"TRUE",,,"TRUE",,,,,,,,,"NEVER"
"emoji_leon",,,"sc/emoji_1.sc","emoji_leon","Ninja",,,,"DEFAULT","DEFAULT","DEFAULT","Leon_start_vo","2",,,,,,"TRUE",,,,,,,,,"NEVER"
"emoji_leon_angry",,,"sc/emoji_1.sc","emoji_leon_angry","Ninja",,,,"ANGRY","COMMON","ANGRY","Leon_hurt_vo","3",,,,"375","9","TRUE",,,,,,,,"TRUE","AVAILABLE"
"emoji_leon_gg",,,"sc/emoji_1.sc","emoji_leon_gg","Ninja",,,,"SPECIAL","RARE","GG","Leon_kill_vo","0",,,,"750","19","TRUE",,,,,,,,,"AVAILABLE"
"emoji_leon_sad",,,"sc/emoji_1.sc","emoji_leon_sad","Ninja",,,,"SAD","COMMON","SAD","Leon_die_vo","0",,,,"375","9","TRUE",,,,,,,,"TRUE","AVAILABLE"
"emoji_leon_thanks",,,"sc/emoji_1.sc","emoji_leon_thanks","Ninja",,,,"SPECIAL","EPIC","THANKS","Leon_ulti_vo","0",,,,"1500","39","TRUE",,,,,,,,,"AVAILABLE"
"emoji_mortis",,,"sc/emoji_1.sc","emoji_mortis","Undertaker",,,,"DEFAULT","DEFAULT","DEFAULT","Mortis_start","3",,,,,,"TRUE",,,,,,,,,"NEVER"
"emoji_mortis_angry",,,"sc/emoji_1.sc","emoji_mortis_angry","Undertaker",,,,"ANGRY","COMMON","ANGRY","Mortis_hurt","2",,,,"375","9","TRUE",,,,,,,,"TRUE","AVAILABLE"
"emoji_mortis_gg",,,"sc/emoji_1.sc","emoji_mortis_gg","Undertaker",,,,"SPECIAL","RARE","GG","Mortis_kill","3",,,,"750","19","TRUE",,,,,,,,,"AVAILABLE"
"emoji_mortis_sad",,,"sc/emoji_1.sc","emoji_mortis_sad","Undertaker",,,,"SAD","COMMON","SAD","Mortis_die","2",,,,"375","9","TRUE",,,,,,,,"TRUE","AVAILABLE"
"emoji_mortis_thanks",,,"sc/emoji_1.sc","emoji_mortis_thanks","Undertaker",,,,"SPECIAL","EPIC","THANKS","Mortis_ulti_vo","2",,,,"1500","39","TRUE",,,,,,,,,"AVAILABLE"
"emoji_nita",,,"sc/emoji_1.sc","emoji_nita","Shaman",,,,"DEFAULT","DEFAULT","DEFAULT","Nita_start","0",,,,,,"TRUE",,,,,,,,,"NEVER"
"emoji_nita_angry",,,"sc/emoji_1.sc","emoji_nita_angry","Shaman",,,,"ANGRY","COMMON","ANGRY","Nita_hurt","1",,,,"375","9","TRUE",,,,,,,,"TRUE","AVAILABLE"
"emoji_nita_gg",,,"sc/emoji_1.sc","emoji_nita_gg","Shaman",,,,"SPECIAL","RARE","GG","Nita_lead","1",,,,"750","19","TRUE",,,,,,,,,"AVAILABLE"
"emoji_nita_sad",,,"sc/emoji_1.sc","emoji_nita_sad","Shaman",,,,"SAD","COMMON","SAD","Nita_death","0",,,,"375","9","TRUE",,,,,,,,"TRUE","AVAILABLE"
"emoji_nita_thanks",,,"sc/emoji_1.sc","emoji_nita_thanks","Shaman",,,,"SPECIAL","EPIC","THANKS","Nita_ulti","1",,,,"1500","39","TRUE",,,,,,,,,"AVAILABLE"
"emoji_pam",,,"sc/emoji_1.sc","emoji_pam","MinigunDude",,,,"DEFAULT","DEFAULT","DEFAULT","Pam_start","2",,,,,,"TRUE",,,,,,,,,"NEVER"
"emoji_pam_angry",,,"sc/emoji_1.sc","emoji_pam_angry","MinigunDude",,,,"ANGRY","COMMON","ANGRY","Pam_die","0",,,,"375","9","TRUE",,,,,,,,"TRUE","AVAILABLE"
"emoji_pam_gg",,,"sc/emoji_1.sc","emoji_pam_gg","MinigunDude",,,,"SPECIAL","RARE","GG","Pam_ulti","1",,,,"750","19","TRUE",,,,,,,,,"AVAILABLE"
"emoji_pam_sad",,,"sc/emoji_1.sc","emoji_pam_sad","MinigunDude",,,,"SAD","COMMON","SAD","Pam_hurt","4",,,,"375","9","TRUE",,,,,,,,"TRUE","AVAILABLE"
"emoji_pam_thanks",,,"sc/emoji_1.sc","emoji_pam_thanks","MinigunDude",,,,"SPECIAL","EPIC","THANKS","Pam_start","3",,,,"1500","39","TRUE",,,,,,,,,"AVAILABLE"
"emoji_penny",,,"sc/emoji_1.sc","emoji_penny","ArtilleryDude",,,,"DEFAULT","DEFAULT","DEFAULT","Penny_start","0",,,,,,"TRUE",,,,,,,,,"NEVER"
"emoji_penny_angry",,,"sc/emoji_1.sc","emoji_penny_angry","ArtilleryDude",,,,"ANGRY","COMMON","ANGRY","Penny_takedamage","0",,,,"375","9","TRUE",,,,,,,,"TRUE","AVAILABLE"
"emoji_penny_gg",,,"sc/emoji_1.sc","emoji_penny_gg","ArtilleryDude",,,,"SPECIAL","RARE","GG","Penny_lead","0",,"LoginCalendarPenny1",,"750","19","TRUE",,,,,,,,,"AVAILABLE"
"emoji_penny_sad",,,"sc/emoji_1.sc","emoji_penny_sad","ArtilleryDude",,,,"SAD","COMMON","SAD","Penny_die","0",,,,"375","9","TRUE",,,,,,,,"TRUE","AVAILABLE"
"emoji_penny_thanks",,,"sc/emoji_1.sc","emoji_penny_thanks","ArtilleryDude",,,,"SPECIAL","EPIC","THANKS","Penny_takedamage","1",,"LoginCalendarPenny2",,"1500","39","TRUE",,,,,,,,,"AVAILABLE"
"emoji_piper",,,"sc/emoji_1.sc","emoji_piper","Sniper",,,,"DEFAULT","DEFAULT","DEFAULT","Piper_Start","0",,,,,,"TRUE",,,,,,,,,"NEVER"
"emoji_piper_angry",,,"sc/emoji_1.sc","emoji_piper_angry","Sniper",,,,"ANGRY","COMMON","ANGRY","Piper_Takedamage","1",,,,"375","9","TRUE",,,,,,,,"TRUE","AVAILABLE"
"emoji_piper_gg",,,"sc/emoji_1.sc","emoji_piper_gg","Sniper",,,,"SPECIAL","RARE","GG","Piper_Lead","0",,,,"750","19","TRUE",,,,,,,,,"AVAILABLE"
"emoji_piper_sad",,,"sc/emoji_1.sc","emoji_piper_sad","Sniper",,,,"SAD","COMMON","SAD","Piper_Die","1",,,,"375","9","TRUE",,,,,,,,"TRUE","AVAILABLE"
"emoji_piper_thanks",,,"sc/emoji_1.sc","emoji_piper_thanks","Sniper",,,,"SPECIAL","EPIC","THANKS","Piper_Kill","1",,,,"1500","39","TRUE",,,,,,,,,"AVAILABLE"
"emoji_poco",,,"sc/emoji_1.sc","emoji_poco","DeadMariachi",,,,"DEFAULT","DEFAULT","DEFAULT","Poco_start","3",,,,,,"TRUE",,,,,,,,,"NEVER"
"emoji_poco_angry",,,"sc/emoji_1.sc","emoji_poco_angry","DeadMariachi",,,,"ANGRY","COMMON","ANGRY","Poco_die","1",,,,"375","9","TRUE",,,,,,,,"TRUE","AVAILABLE"
"emoji_poco_gg",,,"sc/emoji_1.sc","emoji_poco_gg","DeadMariachi",,,,"SPECIAL","RARE","GG","Poco_lead","2",,,,"750","19","TRUE",,,,,,,,,"AVAILABLE"
"emoji_poco_sad",,,"sc/emoji_1.sc","emoji_poco_sad","DeadMariachi",,,,"SAD","COMMON","SAD","Poco_hurt","3",,,,"375","9","TRUE",,,,,,,,"TRUE","AVAILABLE"
"emoji_poco_thanks",,,"sc/emoji_1.sc","emoji_poco_thanks","DeadMariachi",,,,"SPECIAL","EPIC","THANKS","Poco_start","2",,,,"1500","39","TRUE",,,,,,,,,"AVAILABLE"
"emoji_primo",,,"sc/emoji_1.sc","emoji_primo","Luchador",,,,"DEFAULT","DEFAULT","DEFAULT","El_primo_start","1",,,,,,"TRUE",,,,,,,,,"NEVER"
"emoji_primo_angry",,,"sc/emoji_1.sc","emoji_primo_angry","Luchador",,,,"ANGRY","COMMON","ANGRY","El_primo_hurt","3",,,,"375","9","TRUE",,,,,,,,"TRUE","AVAILABLE"
"emoji_primo_gg",,,"sc/emoji_1.sc","emoji_primo_gg","Luchador",,,,"SPECIAL","RARE","GG","El_primo_kill","1",,,,"750","19","TRUE",,,,,,,,,"AVAILABLE"
"emoji_primo_sad",,,"sc/emoji_1.sc","emoji_primo_sad","Luchador",,,,"SAD","COMMON","SAD","El_primo_die","0",,,,"375","9","TRUE",,,,,,,,"TRUE","AVAILABLE"
"emoji_primo_thanks",,,"sc/emoji_1.sc","emoji_primo_thanks","Luchador",,,,"SPECIAL","EPIC","THANKS","El_primo_start","5",,,,"1500","39","TRUE",,,,,,,,,"AVAILABLE"
"emoji_rage",,,"sc/emoji_1.sc","emoji_rage",,,,,"ANGRY","DEFAULT","ANGRY",,,,,"TRUE",,,"TRUE",,,,,,,,,"NEVER"
"emoji_rico",,,"sc/emoji_1.sc","emoji_rico","TrickshotDude",,,,"DEFAULT","DEFAULT","DEFAULT","Rick_start","2",,,,,,"TRUE",,,,,,,,,"NEVER"
"emoji_rico_angry",,,"sc/emoji_1.sc","emoji_rico_angry","TrickshotDude",,,,"ANGRY","COMMON","ANGRY","Rick_hurt","4",,,,"375","9","TRUE",,,,,,,,"TRUE","AVAILABLE"
"emoji_rico_gg",,,"sc/emoji_1.sc","emoji_rico_gg","TrickshotDude",,,,"SPECIAL","RARE","GG","Rick_kill","5",,,,"750","19","TRUE",,,,,,,,,"AVAILABLE"
"emoji_rico_sad",,,"sc/emoji_1.sc","emoji_rico_sad","TrickshotDude",,,,"SAD","COMMON","SAD","Rick_die","0",,,,"375","9","TRUE",,,,,,,,"TRUE","AVAILABLE"
"emoji_rico_thanks",,,"sc/emoji_1.sc","emoji_rico_thanks","TrickshotDude",,,,"SPECIAL","EPIC","THANKS","Rick_start","4",,,,"1500","39","TRUE",,,,,,,,,"AVAILABLE"
"emoji_rosa",,,"sc/emoji_1.sc","emoji_rosa","Rosa",,,,"DEFAULT","DEFAULT","DEFAULT","Rosa_start","0",,,,,,"TRUE",,,,,,,,,"NEVER"
"emoji_rosa_angry",,,"sc/emoji_1.sc","emoji_rosa_angry","Rosa",,,,"ANGRY","COMMON","ANGRY","Rosa_die","1",,,,"375","9","TRUE",,,,,,,,"TRUE","AVAILABLE"
"emoji_rosa_gg",,,"sc/emoji_1.sc","emoji_rosa_gg","Rosa",,,,"SPECIAL","RARE","GG","Rosa_ulti_vo","0",,,,"750","19","TRUE",,,,,,,,,"AVAILABLE"
"emoji_rosa_sad",,,"sc/emoji_1.sc","emoji_rosa_sad","Rosa",,,,"SAD","COMMON","SAD","Rosa_die","2",,,,"375","9","TRUE",,,,,,,,"TRUE","AVAILABLE"
"emoji_rosa_thanks",,,"sc/emoji_1.sc","emoji_rosa_thanks","Rosa",,,,"SPECIAL","EPIC","THANKS","Rosa_lead","2",,,,"1500","39","TRUE",,,,,,,,,"AVAILABLE"
"emoji_sad",,,"sc/emoji_1.sc","emoji_sad",,,,,"SAD","DEFAULT","SAD",,,,,"TRUE",,,"TRUE",,,,,,,,"TRUE","NEVER"
"emoji_sandy",,,"sc/emoji_1.sc","emoji_sandy","Sandstorm",,,,"DEFAULT","DEFAULT","DEFAULT","Sandy_start_vo","0",,,,,,"TRUE",,,,,,,,,"NEVER"
"emoji_sandy_angry",,,"sc/emoji_1.sc","emoji_sandy_angry","Sandstorm",,,,"ANGRY","COMMON","ANGRY","Sandy_hurt_vo","1",,,,"375","9","TRUE",,,,,,,,"TRUE","AVAILABLE"
"emoji_sandy_gg",,,"sc/emoji_1.sc","emoji_sandy_gg","Sandstorm",,,,"SPECIAL","RARE","GG","Sandy_kill_vo","0",,,,"750","19","TRUE",,,,,,,,,"AVAILABLE"
"emoji_sandy_sad",,,"sc/emoji_1.sc","emoji_sandy_sad","Sandstorm",,,,"SAD","COMMON","SAD","Sandy_die_vo","2",,,,"375","9","TRUE",,,,,,,,"TRUE","AVAILABLE"
"emoji_sandy_thanks",,,"sc/emoji_1.sc","emoji_sandy_thanks","Sandstorm",,,,"SPECIAL","EPIC","THANKS","Sandy_kill_vo","1",,,,"1500","39","TRUE",,,,,,,,,"AVAILABLE"
"emoji_shelly",,,"sc/emoji_1.sc","emoji_shelly","ShotgunGirl",,,,"DEFAULT","DEFAULT","DEFAULT","Shelly_Start","3",,,,,,"TRUE",,,,,,,,,"NEVER"
"emoji_shelly_angry",,,"sc/emoji_1.sc","emoji_shelly_angry","ShotgunGirl",,,,"ANGRY","COMMON","ANGRY","Shelly_Die","3",,,,"375","9","TRUE",,,,,,,,"TRUE","AVAILABLE"
"emoji_shelly_gg",,,"sc/emoji_1.sc","emoji_shelly_gg","ShotgunGirl",,,,"SPECIAL","RARE","GG","Shelly_Lead","0",,,,"750","19","TRUE",,,,,,,,,"AVAILABLE"
"emoji_shelly_sad",,,"sc/emoji_1.sc","emoji_shelly_sad","ShotgunGirl",,,,"SAD","COMMON","SAD","Shelly_Die","0",,,,"375","9","TRUE",,,,,,,,"TRUE","AVAILABLE"
"emoji_shelly_thanks",,,"sc/emoji_1.sc","emoji_shelly_thanks","ShotgunGirl",,,,"SPECIAL","EPIC","THANKS","Shelly_Lead","3",,,,"1500","39","TRUE",,,,,,,,,"AVAILABLE"
"emoji_shocked",,,"sc/emoji_1.sc","emoji_shocked",,,,,"SAD","DEFAULT","SAD",,,,,,,,"TRUE",,,,,,,,"TRUE","NEVER"
"emoji_smile",,,"sc/emoji_1.sc","emoji_smile",,,,,"HAPPY","DEFAULT","HAPPY",,,,,"TRUE",,,"TRUE",,,,,,,,,"NEVER"
"emoji_speechless",,,"sc/emoji_1.sc","emoji_speechless",,,,,"SAD","DEFAULT","SAD",,,,,,,,"TRUE",,,,,,,,"TRUE","NEVER"
"emoji_spike",,,"sc/emoji_1.sc","emoji_spike","Cactus",,,,"DEFAULT","DEFAULT","DEFAULT",,,,,,,,"TRUE",,,,,,,,,"NEVER"
"emoji_spike_angry",,,"sc/emoji_1.sc","emoji_spike_angry","Cactus",,,,"ANGRY","COMMON","ANGRY",,,,,,"375","9","TRUE",,,,,,,,"TRUE","AVAILABLE"
"emoji_spike_gg",,,"sc/emoji_1.sc","emoji_spike_gg","Cactus",,,,"SPECIAL","RARE","GG",,,,,,"750","19","TRUE",,,,,,,,,"AVAILABLE"
"emoji_spike_sad",,,"sc/emoji_1.sc","emoji_spike_sad","Cactus",,,,"SAD","COMMON","SAD",,,,,,"375","9","TRUE",,,,,,,,"TRUE","AVAILABLE"
"emoji_spike_thanks",,,"sc/emoji_1.sc","emoji_spike_thanks","Cactus",,,,"SPECIAL","EPIC","THANKS",,,,,,"1500","39","TRUE",,,,,,,,,"AVAILABLE"
"emoji_sprout",,,"sc/emoji_1.sc","emoji_sprout","Wally",,,,"DEFAULT","DEFAULT","DEFAULT","Sprout_Start_VO","0",,,,,,"TRUE",,,,,,,,,"NEVER"
"emoji_sprout_angry",,,"sc/emoji_1.sc","emoji_sprout_angry","Wally",,,,"ANGRY","COMMON","ANGRY","Sprout_Die_VO","1",,,,"375","9","TRUE",,,,,,,,"TRUE","AVAILABLE"
"emoji_sprout_gg",,,"sc/emoji_1.sc","emoji_sprout_gg","Wally",,,,"SPECIAL","RARE","GG","Sprout_Lead_VO","0",,,,"750","19","TRUE",,,,,,,,,"AVAILABLE"
"emoji_sprout_sad",,,"sc/emoji_1.sc","emoji_sprout_sad","Wally",,,,"SAD","COMMON","SAD","Sprout_Hurt_VO","2",,,,"375","9","TRUE",,,,,,,,"TRUE","AVAILABLE"
"emoji_sprout_thanks",,,"sc/emoji_1.sc","emoji_sprout_thanks","Wally",,,,"SPECIAL","EPIC","THANKS","Sprout_Start_VO","3",,,,"1500","39","TRUE",,,,,,,,,"AVAILABLE"
"emoji_stunned",,,"sc/emoji_1.sc","emoji_stunned",,,,,"SAD","DEFAULT","SAD",,,,,,,,"TRUE",,,,,,,,"TRUE","NEVER"
"emoji_tara",,,"sc/emoji_1.sc","emoji_tara","BlackHole",,,,"DEFAULT","DEFAULT","DEFAULT","Tara_start_vo","0",,,,,,"TRUE",,,,,,,,,"NEVER"
"emoji_tara_angry",,,"sc/emoji_1.sc","emoji_tara_angry","BlackHole",,,,"ANGRY","COMMON","ANGRY","Tara_hurt_vo","2",,,,"375","9","TRUE",,,,,,,,"TRUE","AVAILABLE"
"emoji_tara_gg",,,"sc/emoji_1.sc","emoji_tara_gg","BlackHole",,,,"SPECIAL","RARE","GG","Tara_kill_vo","3",,,,"750","19","TRUE",,,,,,,,,"AVAILABLE"
"emoji_tara_sad",,,"sc/emoji_1.sc","emoji_tara_sad","BlackHole",,,,"SAD","COMMON","SAD","Tara_die_vo","1",,,,"375","9","TRUE",,,,,,,,"TRUE","AVAILABLE"
"emoji_tara_thanks",,,"sc/emoji_1.sc","emoji_tara_thanks","BlackHole",,,,"SPECIAL","EPIC","THANKS","Tara_lead_vo","0",,,,"1500","39","TRUE",,,,,,,,,"AVAILABLE"
"emoji_thumbsdown",,,"sc/emoji_1.sc","emoji_thumbsdown",,,,,"SPECIAL","DEFAULT","THANKS",,,,,,,,"TRUE",,,,,,,,"TRUE","NEVER"
"emoji_thumbsup",,,"sc/emoji_1.sc","emoji_thumbsup",,,,,"SPECIAL","DEFAULT","THANKS",,,,,,,,"TRUE",,,,,,,,,"NEVER"
"emoji_tick",,,"sc/emoji_1.sc","emoji_tick","ClusterBombDude",,,,"DEFAULT","DEFAULT","DEFAULT","Tick_vo_1","0",,,,,,"TRUE",,,,,,,,,"NEVER"
"emoji_tick_angry",,,"sc/emoji_1.sc","emoji_tick_angry","ClusterBombDude",,,,"ANGRY","COMMON","ANGRY","Tick_vo_hurt","2",,,,"375","9","TRUE",,,,,,,,"TRUE","AVAILABLE"
"emoji_tick_gg",,,"sc/emoji_1.sc","emoji_tick_gg","ClusterBombDude",,,,"SPECIAL","RARE","GG","Tick_vo_1","1",,,,"750","19","TRUE",,,,,,,,,"AVAILABLE"
"emoji_tick_sad",,,"sc/emoji_1.sc","emoji_tick_sad","ClusterBombDude",,,,"SAD","COMMON","SAD","Tick_vo_hurt","0",,,,"375","9","TRUE",,,,,,,,"TRUE","AVAILABLE"
"emoji_tick_thanks",,,"sc/emoji_1.sc","emoji_tick_thanks","ClusterBombDude",,,,"SPECIAL","EPIC","THANKS","Tick_vo_1","3",,,,"1500","39","TRUE",,,,,,,,,"AVAILABLE"
"emoji_8bit_happy",,,"sc/emoji_1.sc","emoji_8bit_happy","Arcade",,,,"HAPPY","COMMON","HAPPY","8bit_lead_vo","0",,,,,,"TRUE",,,,,,,"TrophyRewardsArcade",,"NEVER"
"emoji_barley_happy",,,"sc/emoji_1.sc","emoji_barley_happy","Barkeep",,,,"HAPPY","COMMON","HAPPY","Barley_Kill","2",,,,,,"TRUE",,,,,,,"TrophyRewardsBarkeep",,"NEVER"
"emoji_bea_happy",,,"sc/emoji_1.sc","emoji_bea_happy","BeeSniper",,,,"HAPPY","COMMON","HAPPY","Bea_Kill_VO","0",,,,,,"TRUE",,,,,,,"TrophyRewardsBeeSniper",,"NEVER"
"emoji_bibi_happy",,,"sc/emoji_1.sc","emoji_bibi_happy","Baseball",,,,"HAPPY","COMMON","HAPPY","Bibi_lead_vo","0",,,,,,"TRUE",,,,,,,"TrophyRewardsBaseball",,"NEVER"
"emoji_bo_happy",,,"sc/emoji_1.sc","emoji_bo_happy","BowDude",,,,"HAPPY","COMMON","HAPPY","Bo_kill","0",,,,,,"TRUE",,,,,,,"TrophyRewardsBowDude",,"NEVER"
"emoji_brock_happy",,,"sc/emoji_1.sc","emoji_brock_happy","RocketGirl",,,,"HAPPY","COMMON","HAPPY","Brock_lead_vo","0",,,,,,"TRUE",,,,,,,"TrophyRewardsRocketGirl",,"NEVER"
"emoji_bull_happy",,,"sc/emoji_1.sc","emoji_bull_happy","BullDude",,,,"HAPPY","COMMON","HAPPY","Bull_kill","1",,,,,,"TRUE",,,,,,,"TrophyRewardsBullDude",,"NEVER"
"emoji_carl_happy",,,"sc/emoji_1.sc","emoji_carl_happy","Whirlwind",,,,"HAPPY","COMMON","HAPPY","Carl_ulti_vo","1",,,,,,"TRUE",,,,,,,"TrophyRewardsWhirlwind",,"NEVER"
"emoji_colt_happy",,,"sc/emoji_1.sc","emoji_colt_happy","Gunslinger",,,,"HAPPY","COMMON","HAPPY","Hotshot_Lead","3",,,,,,"TRUE",,,,,,,"TrophyRewardsGunslinger",,"NEVER"
"emoji_crow_happy",,,"sc/emoji_1.sc","emoji_crow_happy","Crow",,,,"HAPPY","COMMON","HAPPY","Crow_Kill","0",,,,,,"TRUE",,,,,,,"TrophyRewardsCrow",,"NEVER"
"emoji_darryl_happy",,,"sc/emoji_1.sc","emoji_darryl_happy","BarrelBot",,,,"HAPPY","COMMON","HAPPY","Darryl_Kill_VO","2",,,,,,"TRUE",,,,,,,"TrophyRewardsBarrelBot",,"NEVER"
"emoji_dynamike_happy",,,"sc/emoji_1.sc","emoji_dynamike_happy","TntDude",,,,"HAPPY","COMMON","HAPPY","Tnt_guy_kill_vo","2",,,,,,"TRUE",,,,,,,"TrophyRewardsTntDude",,"NEVER"
"emoji_emz_happy",,,"sc/emoji_1.sc","emoji_emz_happy","Mummy",,,,"HAPPY","COMMON","HAPPY","Emz_ulti_vo","0",,,,,,"TRUE",,,,,,,"TrophyRewardsMummy",,"NEVER"
"emoji_frank_happy",,,"sc/emoji_1.sc","emoji_frank_happy","HammerDude",,,,"HAPPY","COMMON","HAPPY","Frank_vo","4",,,,,,"TRUE",,,,,,,"TrophyRewardsHammerDude",,"NEVER"
"emoji_gene_happy",,,"sc/emoji_1.sc","emoji_gene_happy","HookDude",,,,"HAPPY","COMMON","HAPPY","Gene_vo","1",,,,,,"TRUE",,,,,,,"TrophyRewardsHookDude",,"NEVER"
"emoji_jacky_happy",,,"sc/emoji_1.sc","emoji_jacky_happy","Driller",,,,"HAPPY","COMMON","HAPPY","Jackie_Ulti_VO","1",,,,,,"TRUE",,,,,,,"TrophyRewardsDriller",,"NEVER"
"emoji_jessie_happy",,,"sc/emoji_1.sc","emoji_jessie_happy","Mechanic",,,,"HAPPY","COMMON","HAPPY","Jess_kill","0",,,,,,"TRUE",,,,,,,"TrophyRewardsMechanic",,"NEVER"
"emoji_leon_happy",,,"sc/emoji_1.sc","emoji_leon_happy","Ninja",,,,"HAPPY","COMMON","HAPPY","Leon_kill_vo","1",,,,,,"TRUE",,,,,,,"TrophyRewardsNinja",,"NEVER"
"emoji_mortis_happy",,,"sc/emoji_1.sc","emoji_mortis_happy","Undertaker",,,,"HAPPY","COMMON","HAPPY","Mortis_lead","2",,,,,,"TRUE",,,,,,,"TrophyRewardsUndertaker",,"NEVER"
"emoji_nita_happy",,,"sc/emoji_1.sc","emoji_nita_happy","Shaman",,,,"HAPPY","COMMON","HAPPY","Nita_kill","1",,,,,,"TRUE",,,,,,,"TrophyRewardsShaman",,"NEVER"
"emoji_pam_happy",,,"sc/emoji_1.sc","emoji_pam_happy","MinigunDude",,,,"HAPPY","COMMON","HAPPY","Pam_lead","0",,,,,,"TRUE",,,,,,,"TrophyRewardsMinigunDude",,"NEVER"
"emoji_penny_happy",,,"sc/emoji_1.sc","emoji_penny_happy","ArtilleryDude",,,,"HAPPY","COMMON","HAPPY","Penny_ulti","1",,,,,,"TRUE",,,,,,,"TrophyRewardsArtilleryDude",,"NEVER"
"emoji_piper_happy",,,"sc/emoji_1.sc","emoji_piper_happy","Sniper",,,,"HAPPY","COMMON","HAPPY","Piper_Ulti","1",,,,,,"TRUE",,,,,,,"TrophyRewardsSniper",,"NEVER"
"emoji_poco_happy",,,"sc/emoji_1.sc","emoji_poco_happy","DeadMariachi",,,,"HAPPY","COMMON","HAPPY","Poco_lead","0",,,,,,"TRUE",,,,,,,"TrophyRewardsDeadMariachi",,"NEVER"
"emoji_primo_happy",,,"sc/emoji_1.sc","emoji_primo_happy","Luchador",,,,"HAPPY","COMMON","HAPPY","El_primo_lead","1",,,,,,"TRUE",,,,,,,"TrophyRewardsLuchador",,"NEVER"
"emoji_rico_happy",,,"sc/emoji_1.sc","emoji_rico_happy","TrickshotDude",,,,"HAPPY","COMMON","HAPPY","Rick_lead","0",,,,,,"TRUE",,,,,,,"TrophyRewardsTrickshotDude",,"NEVER"
"emoji_rosa_happy",,,"sc/emoji_1.sc","emoji_rosa_happy","Rosa",,,,"HAPPY","COMMON","HAPPY","Rosa_kill","0",,,,,,"TRUE",,,,,,,"TrophyRewardsRosa",,"NEVER"
"emoji_sandy_happy",,,"sc/emoji_1.sc","emoji_sandy_happy","Sandstorm",,,,"HAPPY","COMMON","HAPPY","Sandy_start_vo","5",,,,,,"TRUE",,,,,,,"TrophyRewardsSandstorm",,"NEVER"
"emoji_shelly_happy",,,"sc/emoji_1.sc","emoji_shelly_happy","ShotgunGirl",,,,"HAPPY","COMMON","HAPPY","Shelly_Lead","3",,,,,,"TRUE",,,,,,,"TrophyRewardsShotgunGirl",,"NEVER"
"emoji_spike_happy",,,"sc/emoji_1.sc","emoji_spike_happy","Cactus",,,,"HAPPY","COMMON","HAPPY",,,,,,,,"TRUE",,,,,,,"TrophyRewardsCactus",,"NEVER"
"emoji_sprout_happy",,,"sc/emoji_1.sc","emoji_sprout_happy","Wally",,,,"HAPPY","COMMON","HAPPY","Sprout_Start_VO","2",,,,,,"TRUE",,,,,,,"TrophyRewardsWally",,"NEVER"
"emoji_tara_happy",,,"sc/emoji_1.sc","emoji_tara_happy","BlackHole",,,,"HAPPY","COMMON","HAPPY","Tara_kill_vo","2",,,,,,"TRUE",,,,,,,"TrophyRewardsBlackHole",,"NEVER"
"emoji_tick_happy",,,"sc/emoji_1.sc","emoji_tick_happy","ClusterBombDude",,,,"HAPPY","COMMON","HAPPY","Tick_vo_1","4",,,,,,"TRUE",,,,,,,"TrophyRewardsClusterBombDude",,"NEVER"
"emoji_gale",,,"sc/emoji_1.sc","emoji_gale","Blower",,,,"DEFAULT","DEFAULT","DEFAULT","Gale_Start_VO","0",,,,,,"TRUE",,,,,,,,,"NEVER"
"emoji_gale_angry",,,"sc/emoji_1.sc","emoji_gale_angry","Blower",,,,"ANGRY","COMMON","ANGRY","Gale_Die_VO","0",,,,"375","9","TRUE",,,,,,,,,"AVAILABLE"
"emoji_gale_gg",,,"sc/emoji_1.sc","emoji_gale_gg","Blower",,,,"SPECIAL","RARE","GG","Gale_Kill_VO","2",,,,"750","19","TRUE",,,,,,,,,"AVAILABLE"
"emoji_gale_happy",,,"sc/emoji_1.sc","emoji_gale_happy","Blower",,,,"HAPPY","COMMON","HAPPY","Gale_Kill_VO","0",,,,,,"TRUE",,,,,,,"TrophyRewardsBlower",,"NEVER"
"emoji_gale_sad",,,"sc/emoji_1.sc","emoji_gale_sad","Blower",,,,"SAD","COMMON","SAD","Gale_Die_VO","4",,,,"375","9","TRUE",,,,,,,,,"AVAILABLE"
"emoji_gale_thanks",,,"sc/emoji_1.sc","emoji_gale_thanks","Blower",,,,"SPECIAL","EPIC","THANKS","Gale_Kill_VO","4",,,,"1500","39","TRUE",,,,,,,,,"AVAILABLE"
"emoji_gale_trader",,,"sc/emoji_1.sc","emoji_gale_trader","Blower",,,,"SPECIAL","COLLECTORS","DEFAULT","Gale_Start_VO","0",,,,,,"TRUE",,,,,,,,,"NEVER"
"emoji_gale_trader_angry",,,"sc/emoji_1.sc","emoji_gale_trader_angry","Blower",,,,"SPECIAL","COLLECTORS","ANGRY","Gale_Die_VO","0",,,,,,"TRUE",,,,,,,,"TRUE","NEVER"
"emoji_gale_trader_gg",,,"sc/emoji_1.sc","emoji_gale_trader_gg","Blower",,,,"SPECIAL","COLLECTORS","GG","Gale_Kill_VO","2",,,,,,"TRUE",,,,,,,,,"NEVER"
"emoji_gale_trader_happy",,,"sc/emoji_1.sc","emoji_gale_trader_happy","Blower",,,,"SPECIAL","COLLECTORS","HAPPY","Gale_Kill_VO","0",,,,,,"TRUE",,,,,,,,,"NEVER"
"emoji_gale_trader_sad",,,"sc/emoji_1.sc","emoji_gale_trader_sad","Blower",,,,"SPECIAL","COLLECTORS","SAD","Gale_Die_VO","4",,,,,,"TRUE",,,,,,,,"TRUE","NEVER"
"emoji_gale_trader_thanks",,,"sc/emoji_1.sc","emoji_gale_trader_thanks","Blower",,,,"SPECIAL","COLLECTORS","THANKS","Gale_Kill_VO","4",,,,,,"TRUE",,,,,,,,,"NEVER"
"emoji_nani",,,"sc/emoji_1.sc","emoji_nani","Controller",,,,"DEFAULT","DEFAULT","DEFAULT","Nani_Start_VO","0",,,,,,"TRUE",,,,,,,,,"NEVER"
"emoji_nani_angry",,,"sc/emoji_1.sc","emoji_nani_angry","Controller",,,,"ANGRY","COMMON","ANGRY","Nani_Hurt_VO","0",,,,"375","9","TRUE",,,,,,,,"TRUE","AVAILABLE"
"emoji_nani_gg",,,"sc/emoji_1.sc","emoji_nani_gg","Controller",,,,"SPECIAL","RARE","GG","Nani_Lead_VO","2",,,,"750","19","TRUE",,,,,,,,,"AVAILABLE"
"emoji_nani_happy",,,"sc/emoji_1.sc","emoji_nani_happy","Controller",,,,"HAPPY","COMMON","HAPPY","Nani_Lead_VO","1",,,,,,"TRUE",,,,,,,"TrophyRewardsController",,"NEVER"
"emoji_nani_sad",,,"sc/emoji_1.sc","emoji_nani_sad","Controller",,,,"SAD","COMMON","SAD","Nani_Hurt_VO","2",,,,"375","9","TRUE",,,,,,,,"TRUE","AVAILABLE"
"emoji_nani_thanks",,,"sc/emoji_1.sc","emoji_nani_thanks","Controller",,,,"SPECIAL","EPIC","THANKS","Nani_Lead_VO","0",,,,"1500","39","TRUE",,,,,,,,,"AVAILABLE"
"emoji_8bit_phew",,,"sc/emoji_1.sc","emoji_8bit_phew","Arcade",,,,"SPECIAL","EPIC","PHEW","8bit_die_vo","2",,,,"1500","39","TRUE",,,,,,,,,"AVAILABLE"
"emoji_barley_phew",,,"sc/emoji_1.sc","emoji_barley_phew","Barkeep",,,,"SPECIAL","EPIC","PHEW","Barley_Hurt","0",,,,"1500","39","TRUE",,,,,,,,,"AVAILABLE"
"emoji_bea_phew",,,"sc/emoji_1.sc","emoji_bea_phew","BeeSniper",,,,"SPECIAL","EPIC","PHEW","Bea_Hurt_VO","4",,,,"1500","39","TRUE",,,,,,,,,"AVAILABLE"
"emoji_bibi_phew",,,"sc/emoji_1.sc","emoji_bibi_phew","Baseball",,,,"SPECIAL","EPIC","PHEW","Bibi_die_vo","1",,,,"1500","39","TRUE",,,,,,,,,"AVAILABLE"
"emoji_bo_phew",,,"sc/emoji_1.sc","emoji_bo_phew","BowDude",,,,"SPECIAL","EPIC","PHEW","Bo_hurt","0",,,,"1500","39","TRUE",,,,,,,,,"AVAILABLE"
"emoji_brock_phew",,,"sc/emoji_1.sc","emoji_brock_phew","RocketGirl",,,,"SPECIAL","EPIC","PHEW","Brock_hurt_vo","2",,,,"1500","39","TRUE",,,,,,,,,"AVAILABLE"
"emoji_bull_phew",,,"sc/emoji_1.sc","emoji_bull_phew","BullDude",,,,"SPECIAL","EPIC","PHEW","Bull_takedamage_vo","3",,,,"1500","39","TRUE",,,,,,,,,"AVAILABLE"
"emoji_carl_phew",,,"sc/emoji_1.sc","emoji_carl_phew","Whirlwind",,,,"SPECIAL","EPIC","PHEW","Carl_hurt_vo","1",,,,"1500","39","TRUE",,,,,,,,,"AVAILABLE"
"emoji_colt_phew",,,"sc/emoji_1.sc","emoji_colt_phew","Gunslinger",,,,"SPECIAL","EPIC","PHEW","Hotshot_Takedamge_Vo","6",,,,"1500","39","TRUE",,,,,,,,,"AVAILABLE"
"emoji_crow_phew",,,"sc/emoji_1.sc","emoji_crow_phew","Crow",,,,"SPECIAL","EPIC","PHEW","Crow_Takedamage","1",,,,"1500","39","TRUE",,,,,,,,,"AVAILABLE"
"emoji_darryl_phew",,,"sc/emoji_1.sc","emoji_darryl_phew","BarrelBot",,,,"SPECIAL","EPIC","PHEW","Darryl_Die_VO","1",,"LoginCalendarDarryl2",,"1500","39","TRUE",,,,,,,,,"AVAILABLE"
"emoji_dynamike_phew",,,"sc/emoji_1.sc","emoji_dynamike_phew","TntDude",,,,"SPECIAL","EPIC","PHEW","Tnt_guy_hurt_vo","0",,,,"1500","39","TRUE",,,,,,,,,"AVAILABLE"
"emoji_emz_phew",,,"sc/emoji_1.sc","emoji_emz_phew","Mummy",,,,"SPECIAL","EPIC","PHEW","Emz_hurt_vo","0",,,,"1500","39","TRUE",,,,,,,,,"AVAILABLE"
"emoji_frank_phew",,,"sc/emoji_1.sc","emoji_frank_phew","HammerDude",,,,"SPECIAL","EPIC","PHEW","Frank_vo","1",,,,"1500","39","TRUE",,,,,,,,,"AVAILABLE"
"emoji_gale_phew",,,"sc/emoji_1.sc","emoji_gale_phew","Blower",,,,"SPECIAL","EPIC","PHEW","Gale_Hurt_VO","1",,,,"1500","39","TRUE",,,,,,,,,"AVAILABLE"
"emoji_gale_trader_phew",,,"sc/emoji_1.sc","emoji_gale_trader_phew","Blower",,,,"SPECIAL","COLLECTORS","PHEW","Gale_Hurt_VO","1",,,,,,"TRUE",,,,,,,,,"NEVER"
"emoji_gene_phew",,,"sc/emoji_1.sc","emoji_gene_phew","HookDude",,,,"SPECIAL","EPIC","PHEW","Gene_vo","2",,,,"1500","39","TRUE",,,,,,,,,"AVAILABLE"
"emoji_jacky_phew",,,"sc/emoji_1.sc","emoji_jacky_phew","Driller",,,,"SPECIAL","EPIC","PHEW","Jackie_Hurt_VO","3",,,,"1500","39","TRUE",,,,,,,,,"AVAILABLE"
"emoji_jessie_phew",,,"sc/emoji_1.sc","emoji_jessie_phew","Mechanic",,,,"SPECIAL","EPIC","PHEW","Jess_ulti","5",,,,"1500","39","TRUE",,,,,,,,,"AVAILABLE"
"emoji_leon_phew",,,"sc/emoji_1.sc","emoji_leon_phew","Ninja",,,,"SPECIAL","EPIC","PHEW","Leon_hurt_vo","0",,,,"1500","39","TRUE",,,,,,,,,"AVAILABLE"
"emoji_max_phew",,,"sc/emoji_1.sc","emoji_max_phew","Speedy",,,,"SPECIAL","EPIC","PHEW","Max_Hurt_VO","3",,,,"1500","39","TRUE",,,,,,,,,"AVAILABLE"
"emoji_mortis_phew",,,"sc/emoji_1.sc","emoji_mortis_phew","Undertaker",,,,"SPECIAL","EPIC","PHEW","Mortis_lead","4",,,,"1500","39","TRUE",,,,,,,,,"AVAILABLE"
"emoji_mrp_phew",,,"sc/emoji_1.sc","emoji_mrp_phew","SpawnerDude",,,,"SPECIAL","EPIC","PHEW","Mrp_Die_VO","2",,,,"1500","39","TRUE",,,,,,,,,"AVAILABLE"
"emoji_nani_phew",,,"sc/emoji_1.sc","emoji_nani_phew","Controller",,,,"SPECIAL","EPIC","PHEW","Nani_Hurt_VO","5",,,,"1500","39","TRUE",,,,,,,,,"AVAILABLE"
"emoji_nita_phew",,,"sc/emoji_1.sc","emoji_nita_phew","Shaman",,,,"SPECIAL","EPIC","PHEW","Nita_hurt","4",,,,"1500","39","TRUE",,,,,,,,,"AVAILABLE"
"emoji_pam_phew",,,"sc/emoji_1.sc","emoji_pam_phew","MinigunDude",,,,"SPECIAL","EPIC","PHEW","Pam_die","2",,,,"1500","39","TRUE",,,,,,,,,"AVAILABLE"
"emoji_penny_phew",,,"sc/emoji_1.sc","emoji_penny_phew","ArtilleryDude",,,,"SPECIAL","EPIC","PHEW","Penny_takedamage","2",,"LoginCalendarPenny2",,"1500","39","TRUE",,,,,,,,,"AVAILABLE"
"emoji_piper_phew",,,"sc/emoji_1.sc","emoji_piper_phew","Sniper",,,,"SPECIAL","EPIC","PHEW","Piper_Takedamage","4",,,,"1500","39","TRUE",,,,,,,,,"AVAILABLE"
"emoji_poco_phew",,,"sc/emoji_1.sc","emoji_poco_phew","DeadMariachi",,,,"SPECIAL","EPIC","PHEW","Poco_hurt","0",,,,"1500","39","TRUE",,,,,,,,,"AVAILABLE"
"emoji_primo_phew",,,"sc/emoji_1.sc","emoji_primo_phew","Luchador",,,,"SPECIAL","EPIC","PHEW","El_primo_lead","2",,,,"1500","39","TRUE",,,,,,,,,"AVAILABLE"
"emoji_rico_phew",,,"sc/emoji_1.sc","emoji_rico_phew","TrickshotDude",,,,"SPECIAL","EPIC","PHEW","Rick_hurt","3",,,,"1500","39","TRUE",,,,,,,,,"AVAILABLE"
"emoji_rosa_phew",,,"sc/emoji_1.sc","emoji_rosa_phew","Rosa",,,,"SPECIAL","EPIC","PHEW","Rosa_hurt","2",,,,"1500","39","TRUE",,,,,,,,,"AVAILABLE"
"emoji_sandy_phew",,,"sc/emoji_1.sc","emoji_sandy_phew","Sandstorm",,,,"SPECIAL","EPIC","PHEW","Sandy_hurt_vo","3",,,,"1500","39","TRUE",,,,,,,,,"AVAILABLE"
"emoji_shelly_phew",,,"sc/emoji_1.sc","emoji_shelly_phew","ShotgunGirl",,,,"SPECIAL","EPIC","PHEW","Shelly_Kill","3",,,,"1500","39","TRUE",,,,,,,,,"AVAILABLE"
"emoji_spike_phew",,,"sc/emoji_1.sc","emoji_spike_phew","Cactus",,,,"SPECIAL","EPIC","PHEW",,,,,,"1500","39","TRUE",,,,,,,,,"AVAILABLE"
"emoji_sprout_phew",,,"sc/emoji_1.sc","emoji_sprout_phew","Wally",,,,"SPECIAL","EPIC","PHEW","Sprout_Hurt_VO","2",,,,"1500","39","TRUE",,,,,,,,,"AVAILABLE"
"emoji_tara_phew",,,"sc/emoji_1.sc","emoji_tara_phew","BlackHole",,,,"SPECIAL","EPIC","PHEW","Tara_kill_vo","1",,,,"1500","39","TRUE",,,,,,,,,"AVAILABLE"
"emoji_tick_phew",,,"sc/emoji_1.sc","emoji_tick_phew","ClusterBombDude",,,,"SPECIAL","EPIC","PHEW","Tick_vo_hurt","2",,,,"1500","39","TRUE",,,,,,,,,"AVAILABLE"
"emoji_carl_special",,,"sc/emoji_1.sc","emoji_carl_special","Whirlwind",,,,"SPECIAL","EPIC","SPECIAL","Carl_start_vo","5",,,,,,"TRUE",,,,,,,"TrophyRewardsWhirlwind",,"NEVER"
"emoji_colt_special",,,"sc/emoji_1.sc","emoji_colt_special","Gunslinger",,,,"SPECIAL","EPIC","SPECIAL","Hotshot_Ulti","0",,,,,,"TRUE",,,,,,,"TrophyRewardsGunslinger",,"NEVER"
"emoji_emz_special",,,"sc/emoji_1.sc","emoji_emz_special","Mummy",,,,"SPECIAL","EPIC","SPECIAL","Emz_lead_vo","1",,,,,,"TRUE",,,,,,,"TrophyRewardsMummy",,"NEVER"
"emoji_poco_special",,,"sc/emoji_1.sc","emoji_poco_special","DeadMariachi",,,,"SPECIAL","EPIC","SPECIAL","Poco_ulti_vo","1",,,,,,"TRUE",,,,,,,"TrophyRewardsDeadMariachi",,"NEVER"
"emoji_sandy_special",,,"sc/emoji_1.sc","emoji_sandy_special","Sandstorm",,,,"SPECIAL","EPIC","SPECIAL","Sandy_ulti_vo","0",,,,,,"TRUE",,,,,,,"TrophyRewardsSandstorm",,"NEVER"
"emoji_tara_special",,,"sc/emoji_1.sc","emoji_tara_special","BlackHole",,,,"SPECIAL","EPIC","SPECIAL","Tara_lead_vo","2",,,,,,"TRUE",,,,,,,"TrophyRewardsBlackHole",,"NEVER"
"emoji_max",,,"sc/emoji_1.sc","emoji_max","Speedy",,,,"DEFAULT","DEFAULT","DEFAULT","Max_Start_VO","0",,,,,,"TRUE",,,,,,,,,"NEVER"
"emoji_max_angry",,,"sc/emoji_1.sc","emoji_max_angry","Speedy",,,,"ANGRY","COMMON","ANGRY","Max_Hurt_VO","1",,,,"375","9","TRUE",,,,,,,,"TRUE","AVAILABLE"
"emoji_max_gg",,,"sc/emoji_1.sc","emoji_max_gg","Speedy",,,,"SPECIAL","RARE","GG","Max_Lead_VO","2",,,,"750","19","TRUE",,,,,,,,,"AVAILABLE"
"emoji_max_happy",,,"sc/emoji_1.sc","emoji_max_happy","Speedy",,,,"HAPPY","COMMON","HAPPY","Max_Kill_VO","2",,,,,,"TRUE",,,,,,,"TrophyRewardsSpeedy",,"NEVER"
"emoji_max_sad",,,"sc/emoji_1.sc","emoji_max_sad","Speedy",,,,"SAD","COMMON","SAD","Max_Die_VO","1",,,,"375","9","TRUE",,,,,,,,"TRUE","AVAILABLE"
"emoji_max_thanks",,,"sc/emoji_1.sc","emoji_max_thanks","Speedy",,,,"SPECIAL","EPIC","THANKS","Max_Ulti_VO","1",,,,"1500","39","TRUE",,,,,,,,,"AVAILABLE"
"emoji_mrp",,,"sc/emoji_1.sc","emoji_mrp","SpawnerDude",,,,"DEFAULT","DEFAULT","DEFAULT","Mrp_Lead_VO","1",,,,,,"TRUE",,,,,,,,,"NEVER"
"emoji_mrp_angry",,,"sc/emoji_1.sc","emoji_mrp_angry","SpawnerDude",,,,"ANGRY","COMMON","ANGRY","Mrp_Die_VO","1",,,,"375","9","TRUE",,,,,,,,"TRUE","AVAILABLE"
"emoji_mrp_gg",,,"sc/emoji_1.sc","emoji_mrp_gg","SpawnerDude",,,,"SPECIAL","RARE","GG","Mrp_Kill_VO","0",,,,"750","19","TRUE",,,,,,,,,"AVAILABLE"
"emoji_mrp_happy",,,"sc/emoji_1.sc","emoji_mrp_happy","SpawnerDude",,,,"HAPPY","COMMON","HAPPY","Mrp_Lead_VO","0",,,,,,"TRUE",,,,,,,"TrophyRewardsSpawnerDude",,"NEVER"
"emoji_mrp_sad",,,"sc/emoji_1.sc","emoji_mrp_sad","SpawnerDude",,,,"SAD","COMMON","SAD","Mrp_Hurt_VO","0",,,,"375","9","TRUE",,,,,,,,"TRUE","AVAILABLE"
"emoji_mrp_thanks",,,"sc/emoji_1.sc","emoji_mrp_thanks","SpawnerDude",,,,"SPECIAL","EPIC","THANKS","Mrp_Lead_VO","2",,,,"1500","39","TRUE",,,,,,,,,"AVAILABLE"
"emoji_surge",,,"sc/emoji_1.sc","emoji_surge","PowerLeveler",,,,"DEFAULT","DEFAULT","DEFAULT","Surge_Start_VO","5",,,,,,"TRUE",,,,,,,,,"NEVER"
"emoji_surge_angry",,,"sc/emoji_1.sc","emoji_surge_angry","PowerLeveler",,,,"ANGRY","COMMON","ANGRY","Surge_Hurt_VO","4",,,,"375","9","TRUE",,,,,,,,"TRUE","AVAILABLE"
"emoji_surge_gg",,,"sc/emoji_1.sc","emoji_surge_gg","PowerLeveler",,,,"SPECIAL","RARE","GG","Surge_Lead_VO","0",,,,"750","19","TRUE",,,,,,,,,"AVAILABLE"
"emoji_surge_happy",,,"sc/emoji_1.sc","emoji_surge_happy","PowerLeveler",,,,"HAPPY","COMMON","HAPPY","Surge_Kill_VO","0",,,,,,"TRUE",,,,,,,"TrophyRewardsPowerLeveler",,"NEVER"
"emoji_surge_paladin",,,"sc/emoji_1.sc","emoji_surge_paladin","PowerLeveler",,,,"SPECIAL","COLLECTORS","DEFAULT","Surge_Start_VO","5",,,,,,"TRUE",,,,,,,,,"NEVER"
"emoji_surge_paladin_angry",,,"sc/emoji_1.sc","emoji_surge_paladin_angry","PowerLeveler",,,,"SPECIAL","COLLECTORS","ANGRY","Surge_Hurt_VO","4",,,,,,"TRUE",,,,,,,,"TRUE","NEVER"
"emoji_surge_paladin_gg",,,"sc/emoji_1.sc","emoji_surge_paladin_gg","PowerLeveler",,,,"SPECIAL","COLLECTORS","GG","Surge_Lead_VO","0",,,,,,"TRUE",,,,,,,,,"NEVER"
"emoji_surge_paladin_happy",,,"sc/emoji_1.sc","emoji_surge_paladin_happy","PowerLeveler",,,,"SPECIAL","COLLECTORS","HAPPY","Surge_Kill_VO","0",,,,,,"TRUE",,,,,,,,,"NEVER"
"emoji_surge_paladin_phew",,,"sc/emoji_1.sc","emoji_surge_paladin_phew","PowerLeveler",,,,"SPECIAL","COLLECTORS","PHEW","Surge_Hurt_VO","0",,,,,,"TRUE",,,,,,,,,"NEVER"
"emoji_surge_paladin_sad",,,"sc/emoji_1.sc","emoji_surge_paladin_sad","PowerLeveler",,,,"SPECIAL","COLLECTORS","SAD","Surge_Die_VO","2",,,,,,"TRUE",,,,,,,,"TRUE","NEVER"
"emoji_surge_paladin_special",,,"sc/emoji_1.sc","emoji_surge_paladin_special","PowerLeveler",,,,"SPECIAL","COLLECTORS","SPECIAL","Surge_Start_VO","0",,,,,,"TRUE",,,,,,,,,"NEVER"
"emoji_surge_paladin_thanks",,,"sc/emoji_1.sc","emoji_surge_paladin_thanks","PowerLeveler",,,,"SPECIAL","COLLECTORS","THANKS","Surge_Start_VO","2",,,,,,"TRUE",,,,,,,,,"NEVER"
"emoji_surge_phew",,,"sc/emoji_1.sc","emoji_surge_phew","PowerLeveler",,,,"SPECIAL","EPIC","PHEW","Surge_Hurt_VO","0",,,,"1500","39","TRUE",,,,,,,,,"AVAILABLE"
"emoji_surge_sad",,,"sc/emoji_1.sc","emoji_surge_sad","PowerLeveler",,,,"SAD","COMMON","SAD","Surge_Die_VO","2",,,,"375","9","TRUE",,,,,,,,,"AVAILABLE"
"emoji_surge_special",,,"sc/emoji_1.sc","emoji_surge_special","PowerLeveler",,,,"SPECIAL","EPIC","SPECIAL","Surge_Start_VO","0",,,,,,"TRUE",,,,,,,"TrophyRewardsPowerLeveler",,"NEVER"
"emoji_surge_thanks",,,"sc/emoji_1.sc","emoji_surge_thanks","PowerLeveler",,,,"SPECIAL","EPIC","THANKS","Surge_Start_VO","2",,,,"1500","39","TRUE",,,,,,,,,"AVAILABLE"
"emoji_colette",,,"sc/emoji_1.sc","emoji_colette","Percenter",,,,"DEFAULT","DEFAULT","DEFAULT","Colette_Start_VO","2",,,,,,"TRUE",,,,,,,,,"NEVER"
"emoji_colette_angry",,,"sc/emoji_1.sc","emoji_colette_angry","Percenter",,,,"ANGRY","COMMON","ANGRY","Colette_Kill_VO","2",,,,"375","9","TRUE",,,,,,,,"TRUE","AVAILABLE"
"emoji_colette_gg",,,"sc/emoji_1.sc","emoji_colette_gg","Percenter",,,,"SPECIAL","RARE","GG","Colette_Lead_VO","0",,,,"750","19","TRUE",,,,,,,,,"AVAILABLE"
"emoji_colette_happy",,,"sc/emoji_1.sc","emoji_colette_happy","Percenter",,,,"HAPPY","COMMON","HAPPY","Colette_Kill_VO","1",,,,,,"TRUE",,,,,,,"TrophyRewardsPercenter",,"NEVER"
"emoji_colette_phew",,,"sc/emoji_1.sc","emoji_colette_phew","Percenter",,,,"SPECIAL","EPIC","PHEW","Colette_Hurt_VO","1",,,,"1500","39","TRUE",,,,,,,,,"AVAILABLE"
"emoji_colette_sad",,,"sc/emoji_1.sc","emoji_colette_sad","Percenter",,,,"SAD","COMMON","SAD","Colette_Hurt_VO","4",,,,"375","9","TRUE",,,,,,,,"TRUE","AVAILABLE"
"emoji_colette_thanks",,,"sc/emoji_1.sc","emoji_colette_thanks","Percenter",,,,"SPECIAL","EPIC","THANKS","Colette_Die_VO","1",,,,"1500","39","TRUE",,,,,,,,,"AVAILABLE"
"emoji_colette_trixie",,,"sc/emoji_1.sc","emoji_colette_trixie","Percenter",,,,"SPECIAL","COLLECTORS","DEFAULT","Colette_Start_VO","2",,,,,,"TRUE",,,,,,,,,"NEVER"
"emoji_colette_trixie_angry",,,"sc/emoji_1.sc","emoji_colette_trixie_angry","Percenter",,,,"SPECIAL","COLLECTORS","ANGRY","Colette_Kill_VO","2",,,,,,"TRUE",,,,,,,,"TRUE","NEVER"
"emoji_colette_trixie_gg",,,"sc/emoji_1.sc","emoji_colette_trixie_gg","Percenter",,,,"SPECIAL","COLLECTORS","GG","Colette_Lead_VO","0",,,,,,"TRUE",,,,,,,,,"NEVER"
"emoji_colette_trixie_happy",,,"sc/emoji_1.sc","emoji_colette_trixie_happy","Percenter",,,,"SPECIAL","COLLECTORS","HAPPY","Colette_Kill_VO","1",,,,,,"TRUE",,,,,,,,,"NEVER"
"emoji_colette_trixie_phew",,,"sc/emoji_1.sc","emoji_colette_trixie_phew","Percenter",,,,"SPECIAL","COLLECTORS","PHEW","Colette_Hurt_VO","1",,,,,,"TRUE",,,,,,,,,"NEVER"
"emoji_colette_trixie_sad",,,"sc/emoji_1.sc","emoji_colette_trixie_sad","Percenter",,,,"SPECIAL","COLLECTORS","SAD","Colette_Hurt_VO","4",,,,,,"TRUE",,,,,,,,"TRUE","NEVER"
"emoji_colette_trixie_special",,,"sc/emoji_1.sc","emoji_colette_trixie_special","Percenter",,,,"SPECIAL","COLLECTORS","SPECIAL","Colette_Lead_VO","1",,,,,,"TRUE",,,,,,,,,"NEVER"
"emoji_colette_trixie_thanks",,,"sc/emoji_1.sc","emoji_colette_trixie_thanks","Percenter",,,,"SPECIAL","COLLECTORS","THANKS","Colette_Die_VO","1",,,,,,"TRUE",,,,,,,,,"NEVER"
"emoji_amber",,,"sc/emoji_1.sc","emoji_amber","FireDude",,,,"DEFAULT","DEFAULT","DEFAULT","Amber_Start_VO","0",,,,,,"TRUE",,,,,,,,,"NEVER"
"emoji_amber_angry",,,"sc/emoji_1.sc","emoji_amber_angry","FireDude",,,,"ANGRY","COMMON","ANGRY","Amber_Hurt_VO","0",,,,"375","9","TRUE",,,,,,,,"TRUE","AVAILABLE"
"emoji_amber_gg",,,"sc/emoji_1.sc","emoji_amber_gg","FireDude",,,,"SPECIAL","RARE","GG","Amber_Start_VO","5",,,,"750","19","TRUE",,,,,,,,,"AVAILABLE"
"emoji_amber_happy",,,"sc/emoji_1.sc","emoji_amber_happy","FireDude",,,,"HAPPY","COMMON","HAPPY","Amber_Kill_VO","2",,,,,,"TRUE",,,,,,,"TrophyRewardsFireDude",,"NEVER"
"emoji_amber_phew",,,"sc/emoji_1.sc","emoji_amber_phew","FireDude",,,,"SPECIAL","EPIC","PHEW","Amber_Hurt_VO","4",,,,"1500","39","TRUE",,,,,,,,,"AVAILABLE"
"emoji_amber_sad",,,"sc/emoji_1.sc","emoji_amber_sad","FireDude",,,,"SAD","COMMON","SAD","Amber_Hurt_VO","1",,,,"375","9","TRUE",,,,,,,,"TRUE","AVAILABLE"
"emoji_amber_special",,,"sc/emoji_1.sc","emoji_amber_special","FireDude",,,,"SPECIAL","EPIC","SPECIAL","Amber_Ulti_VO","2",,,,,,"TRUE",,,,,,,"TrophyRewardsFireDude",,"NEVER"
"emoji_amber_thanks",,,"sc/emoji_1.sc","emoji_amber_thanks","FireDude",,,,"SPECIAL","EPIC","THANKS","Amber_Lead_VO","4",,,,"1500","39","TRUE",,,,,,,,,"AVAILABLE"
"emoji_champie",,,"sc/emoji_1.sc","emoji_champie",,,,,"HAPPY","COLLECTORS","SPECIAL",,,,"BSC2020",,,,"TRUE",,,,,,,,,"NEVER"
"emoji_champie_angry",,,"sc/emoji_1.sc","emoji_champie_angry",,,,,"ANGRY","COLLECTORS","SPECIAL",,,,"BSC2020",,,,"TRUE",,,,,,,,"TRUE","NEVER"
"emoji_champie_gg",,,"sc/emoji_1.sc","emoji_champie_gg",,,,,"SPECIAL","COLLECTORS","SPECIAL",,,,"BSC2020",,,,"TRUE",,,,,,,,,"NEVER"
"emoji_champie_happy",,,"sc/emoji_1.sc","emoji_champie_happy",,,,,"HAPPY","COLLECTORS","SPECIAL",,,,"BSC2020",,,,"TRUE",,,,,,,,,"NEVER"
"emoji_champie_phew",,,"sc/emoji_1.sc","emoji_champie_phew",,,,,"SPECIAL","COLLECTORS","SPECIAL",,,,"BSC2020",,,,"TRUE",,,,,,,,,"NEVER"
"emoji_champie_sad",,,"sc/emoji_1.sc","emoji_champie_sad",,,,,"SAD","COLLECTORS","SPECIAL",,,,"BSC2020",,,,"TRUE",,,,,,,,"TRUE","NEVER"
"emoji_champie_special",,,"sc/emoji_1.sc","emoji_champie_special",,,,,"SPECIAL","COLLECTORS","SPECIAL",,,,,,,,"TRUE",,,,,,,,,"NEVER"
"emoji_champie_thanks",,,"sc/emoji_1.sc","emoji_champie_thanks",,,,,"SPECIAL","COLLECTORS","SPECIAL",,,,"BSC2020",,,,"TRUE",,,,,,,,,"NEVER"
"emoji_rosa_halloween",,,"sc/emoji_1.sc","emoji_rosa_halloween","Rosa",,,,"DEFAULT","COLLECTORS","DEFAULT","Rosa_start","1",,,,,,"TRUE",,,,,,,,,"NEVER"
,,,"sc/emoji_1.sc",,,,,,,,,,,,,,,,"TRUE",,,,,,,,,
"emoji_rosa_halloween_angry",,,"sc/emoji_1.sc","emoji_rosa_halloween_angry","Rosa",,,,"SPECIAL","COLLECTORS","ANGRY","Rosa_die","1",,"Rosalloween",,,,"TRUE",,,,,,,,"TRUE","NEVER"
"emoji_rosa_halloween_gg",,,"sc/emoji_1.sc","emoji_rosa_halloween_gg","Rosa",,,,"SPECIAL","COLLECTORS","GG","Rosa_ulti_vo","0",,"Rosalloween",,,,"TRUE",,,,,,,,,"NEVER"
"emoji_rosa_halloween_happy",,,"sc/emoji_1.sc","emoji_rosa_halloween_happy","Rosa",,,,"SPECIAL","COLLECTORS","HAPPY","Rosa_kill","0",,"Rosalloween",,,,"TRUE",,,,,,,,,"NEVER"
"emoji_rosa_halloween_phew",,,"sc/emoji_1.sc","emoji_rosa_halloween_phew","Rosa",,,,"SPECIAL","COLLECTORS","PHEW","Rosa_hurt","2",,"Rosalloween",,,,"TRUE",,,,,,,,,"NEVER"
"emoji_rosa_halloween_sad",,,"sc/emoji_1.sc","emoji_rosa_halloween_sad","Rosa",,,,"SPECIAL","COLLECTORS","SAD","Rosa_die","2",,"Rosalloween",,,,"TRUE",,,,,,,,"TRUE","NEVER"
"emoji_rosa_halloween_special",,,"sc/emoji_1.sc","emoji_rosa_halloween_special","Rosa",,,,"SPECIAL","COLLECTORS","SPECIAL","Rosa_start","0",,"RosalloweenChallenge",,,,"TRUE",,,,,,,,,"NEVER"
"emoji_rosa_halloween_thanks",,,"sc/emoji_1.sc","emoji_rosa_halloween_thanks","Rosa",,,,"SPECIAL","COLLECTORS","THANKS","Rosa_lead","2",,"RosalloweenChallenge",,,,"TRUE",,,,,,,,,"NEVER"
"emoji_lou",,,"sc/emoji_1.sc","emoji_lou","IceDude",,,,"DEFAULT","DEFAULT","DEFAULT","Lou_Start_VO","0",,,,,,"TRUE",,,,,,,,,"NEVER"
"emoji_lou_angry",,,"sc/emoji_1.sc","emoji_lou_angry","IceDude",,,,"ANGRY","COMMON","ANGRY","Lou_Hurt_VO","3",,,,"375","9","TRUE",,,,,,,,"TRUE","AVAILABLE"
"emoji_lou_gg",,,"sc/emoji_1.sc","emoji_lou_gg","IceDude",,,,"SPECIAL","RARE","GG","Lou_Kill_VO","5",,,,"750","19","TRUE",,,,,,,,,"AVAILABLE"
"emoji_lou_happy",,,"sc/emoji_1.sc","emoji_lou_happy","IceDude",,,,"HAPPY","COMMON","HAPPY","Lou_Kill_VO","0",,,,,,"TRUE",,,,,,,"TrophyRewardsIceDude",,"NEVER"
"emoji_lou_king",,,"sc/emoji_1.sc","emoji_lou_king","IceDude",,,,"SPECIAL","COLLECTORS","DEFAULT","Lou_Start_VO","0",,,,,,"TRUE",,,,,,,,,"NEVER"
"emoji_lou_king_angry",,,"sc/emoji_1.sc","emoji_lou_king_angry","IceDude",,,,"SPECIAL","COLLECTORS","ANGRY","Lou_Hurt_VO","3",,,,,,"TRUE",,,,,,,,"TRUE","NEVER"
"emoji_lou_king_gg",,,"sc/emoji_1.sc","emoji_lou_king_gg","IceDude",,,,"SPECIAL","COLLECTORS","GG","Lou_Kill_VO","5",,,,,,"TRUE",,,,,,,,,"NEVER"
"emoji_lou_king_happy",,,"sc/emoji_1.sc","emoji_lou_king_happy","IceDude",,,,"SPECIAL","COLLECTORS","HAPPY","Lou_Kill_VO","0",,,,,,"TRUE",,,,,,,,,"NEVER"
"emoji_lou_king_phew",,,"sc/emoji_1.sc","emoji_lou_king_phew","IceDude",,,,"SPECIAL","COLLECTORS","PHEW","Lou_Hurt_VO","1",,,,,,"TRUE",,,,,,,,,"NEVER"
"emoji_lou_king_sad",,,"sc/emoji_1.sc","emoji_lou_king_sad","IceDude",,,,"SPECIAL","COLLECTORS","SAD","Lou_Die_VO","2",,,,,,"TRUE",,,,,,,,"TRUE","NEVER"
"emoji_lou_king_special",,,"sc/emoji_1.sc","emoji_lou_king_special","IceDude",,,,"SPECIAL","COLLECTORS","SPECIAL","Lou_Ulti_VO","4",,,,,,"TRUE",,,,,,,,,"NEVER"
"emoji_lou_king_thanks",,,"sc/emoji_1.sc","emoji_lou_king_thanks","IceDude",,,,"SPECIAL","COLLECTORS","THANKS","Lou_Kill_VO","3",,,,,,"TRUE",,,,,,,,,"NEVER"
"emoji_lou_phew",,,"sc/emoji_1.sc","emoji_lou_phew","IceDude",,,,"SPECIAL","EPIC","PHEW","Lou_Hurt_VO","1",,,,"1500","39","TRUE",,,,,,,,,"AVAILABLE"
"emoji_lou_sad",,,"sc/emoji_1.sc","emoji_lou_sad","IceDude",,,,"SAD","COMMON","SAD","Lou_Die_VO","2",,,,"375","9","TRUE",,,,,,,,"TRUE","AVAILABLE"
"emoji_lou_special",,,"sc/emoji_1.sc","emoji_lou_special","IceDude",,,,"SPECIAL","EPIC","SPECIAL","Lou_Ulti_VO","4",,,,,,"TRUE",,,,,,,"TrophyRewardsIceDude",,"NEVER"
"emoji_lou_thanks",,,"sc/emoji_1.sc","emoji_lou_thanks","IceDude",,,,"SPECIAL","EPIC","THANKS","Lou_Kill_VO","3",,,,"1500","39","TRUE",,,,,,,,,"AVAILABLE"
"emoji_nani_special",,,"sc/emoji_1.sc","emoji_nani_special","Controller",,,,"SPECIAL","EPIC","SPECIAL","Nani_Kill_VO","0",,,,,,"TRUE",,,,,,,"TrophyRewardsController",,"NEVER"
"emoji_brawlmas",,,"sc/emoji_1.sc","emoji_brawlmas",,,,,"HAPPY","COLLECTORS","SPECIAL",,,,"BrawlMasPack",,,,"TRUE",,,,"BRAWLIDAYS",,,,,"NEVER"
"emoji_brawlmas_angry",,,"sc/emoji_1.sc","emoji_brawlmas_angry",,,,,"ANGRY","COLLECTORS","SPECIAL",,,,"BrawlMasGift",,,,"TRUE",,,,"BRAWLIDAYS",,,,"TRUE","NEVER"
"emoji_brawlmas_gg",,,"sc/emoji_1.sc","emoji_brawlmas_gg",,,,,"SPECIAL","COLLECTORS","SPECIAL",,,,"BrawlMasPack",,,,"TRUE",,,,"BRAWLIDAYS",,,,,"NEVER"
"emoji_brawlmas_happy",,,"sc/emoji_1.sc","emoji_brawlmas_happy",,,,,"HAPPY","COLLECTORS","SPECIAL",,,,"BrawlMasGift",,,,"TRUE",,,,"BRAWLIDAYS",,,,,"NEVER"
"emoji_brawlmas_phew",,,"sc/emoji_1.sc","emoji_brawlmas_phew",,,,,"SPECIAL","COLLECTORS","SPECIAL",,,,"BrawlMasPack",,,,"TRUE",,,,"BRAWLIDAYS",,,,,"NEVER"
"emoji_brawlmas_sad",,,"sc/emoji_1.sc","emoji_brawlmas_sad",,,,,"SAD","COLLECTORS","SPECIAL",,,,"BrawlMasGift",,,,"TRUE",,,,"BRAWLIDAYS",,,,"TRUE","NEVER"
"emoji_brawlmas_special",,,"sc/emoji_1.sc","emoji_brawlmas_special",,,,,"SPECIAL","COLLECTORS","SPECIAL",,,,"BrawlMasPack",,,,"TRUE",,,,"BRAWLIDAYS",,,,,"NEVER"
"emoji_brawlmas_thanks",,,"sc/emoji_1.sc","emoji_brawlmas_thanks",,,,,"SPECIAL","COLLECTORS","SPECIAL",,,,"BrawlMasPack",,,,"TRUE",,,,"BRAWLIDAYS",,,,,"NEVER"
"emoji_edgar",,,"sc/emoji_1.sc","emoji_edgar","Enrager",,,,"DEFAULT","DEFAULT","DEFAULT","Edgar_Start_VO","4",,,,,,"TRUE",,,,,,,,,"NEVER"
"emoji_edgar_angry",,,"sc/emoji_1.sc","emoji_edgar_angry","Enrager",,,,"ANGRY","COMMON","ANGRY","Edgar_Die_VO","0",,,,"375","9","TRUE",,,,,,,,"TRUE","AVAILABLE"
"emoji_edgar_gg",,,"sc/emoji_1.sc","emoji_edgar_gg","Enrager",,,,"SPECIAL","RARE","GG","Edgar_Kill_VO","1",,,,"750","19","TRUE",,,,,,,,,"AVAILABLE"
"emoji_edgar_happy",,,"sc/emoji_1.sc","emoji_edgar_happy","Enrager",,,,"HAPPY","COMMON","HAPPY","Edgar_Kill_VO","0",,,,,,"TRUE",,,,,,,"TrophyRewardsEnrager",,"NEVER"
"emoji_edgar_phew",,,"sc/emoji_1.sc","emoji_edgar_phew","Enrager",,,,"SPECIAL","EPIC","PHEW","Edgar_Die_VO","1",,,,"1500","39","TRUE",,,,,,,,,"AVAILABLE"
"emoji_edgar_sad",,,"sc/emoji_1.sc","emoji_edgar_sad","Enrager",,,,"SAD","COMMON","SAD","Edgar_Hurt_VO","0",,,,"375","9","TRUE",,,,,,,,"TRUE","AVAILABLE"
"emoji_edgar_special",,,"sc/emoji_1.sc","emoji_edgar_special","Enrager",,,,"SPECIAL","EPIC","SPECIAL","Edgar_Lead_VO","1",,,,,,"TRUE",,,,,,,"TrophyRewardsEnrager",,"NEVER"
"emoji_edgar_thanks",,,"sc/emoji_1.sc","emoji_edgar_thanks","Enrager",,,,"SPECIAL","EPIC","THANKS","Edgar_Lead_VO","3",,,,"1500","39","TRUE",,,,,,,,,"AVAILABLE"
"emoji_byron",,,"sc/emoji_1.sc","emoji_byron","SnakeOil",,,,"DEFAULT","DEFAULT","DEFAULT","Snakeoil_Start_VO","0",,,,,,"TRUE",,,,,,,,,"NEVER"
"emoji_byron_angry",,,"sc/emoji_1.sc","emoji_byron_angry","SnakeOil",,,,"ANGRY","COMMON","ANGRY","Snakeoil_Hurt_VO","1",,,,"375","9","TRUE",,,,,,,,"TRUE","AVAILABLE"
"emoji_byron_gg",,,"sc/emoji_1.sc","emoji_byron_gg","SnakeOil",,,,"SPECIAL","RARE","GG","Snakeoil_Start_VO","3",,,,"750","19","TRUE",,,,,,,,,"AVAILABLE"
"emoji_byron_happy",,,"sc/emoji_1.sc","emoji_byron_happy","SnakeOil",,,,"HAPPY","COMMON","HAPPY","Snakeoil_Lead_VO","2",,,,,,"TRUE",,,,,,,"TrophyRewardsSnakeOil",,"NEVER"
"emoji_byron_phew",,,"sc/emoji_1.sc","emoji_byron_phew","SnakeOil",,,,"SPECIAL","EPIC","PHEW","Snakeoil_Die_VO","2",,,,"1500","39","TRUE",,,,,,,,,"AVAILABLE"
"emoji_byron_sad",,,"sc/emoji_1.sc","emoji_byron_sad","SnakeOil",,,,"SAD","COMMON","SAD","Snakeoil_Die_VO","3",,,,"375","9","TRUE",,,,,,,,"TRUE","AVAILABLE"
"emoji_byron_special",,,"sc/emoji_1.sc","emoji_byron_special","SnakeOil",,,,"SPECIAL","EPIC","SPECIAL","Snakeoil_Ulti_VO","1",,,,,,"TRUE",,,,,,,"TrophyRewardsSnakeOil",,"NEVER"
"emoji_byron_thanks",,,"sc/emoji_1.sc","emoji_byron_thanks","SnakeOil",,,,"SPECIAL","EPIC","THANKS","Snakeoil_Start_VO","4",,,,"1500","39","TRUE",,,,,,,,,"AVAILABLE"
"emoji_ruffs",,,"sc/emoji_1.sc","emoji_ruffs","Ruffs",,,,"DEFAULT","DEFAULT","DEFAULT","Ruff_Start_VO","3",,,,,,"TRUE",,,,,,,,,"NEVER"
"emoji_ruffs_angry",,,"sc/emoji_1.sc","emoji_ruffs_angry","Ruffs",,,,"ANGRY","COMMON","ANGRY","Ruff_Hurt_VO","5",,,,"375","9","TRUE",,,,,,,,"TRUE","AVAILABLE"
"emoji_ruffs_gg",,,"sc/emoji_1.sc","emoji_ruffs_gg","Ruffs",,,,"SPECIAL","RARE","GG","Ruff_Lead_VO","2",,,,"750","19","TRUE",,,,,,,,,"AVAILABLE"
"emoji_ruffs_happy",,,"sc/emoji_1.sc","emoji_ruffs_happy","Ruffs",,,,"HAPPY","COMMON","HAPPY","Ruff_Kill_VO","5",,,,,,"TRUE",,,,,,,"TrophyRewardsRuffs",,"NEVER"
"emoji_ruffs_phew",,,"sc/emoji_1.sc","emoji_ruffs_phew","Ruffs",,,,"SPECIAL","EPIC","PHEW","Ruff_Hurt_VO","7",,,,"1500","39","TRUE",,,,,,,,,"AVAILABLE"
"emoji_ruffs_sad",,,"sc/emoji_1.sc","emoji_ruffs_sad","Ruffs",,,,"SAD","COMMON","SAD","Ruff_Die_VO","7",,,,"375","9","TRUE",,,,,,,,"TRUE","AVAILABLE"
"emoji_ruffs_special",,,"sc/emoji_1.sc","emoji_ruffs_special","Ruffs",,,,"SPECIAL","EPIC","SPECIAL","Ruff_Ulti_VO","2",,,,,,"TRUE",,,,,,,"TrophyRewardsRuffs",,"NEVER"
"emoji_ruffs_thanks",,,"sc/emoji_1.sc","emoji_ruffs_thanks","Ruffs",,,,"SPECIAL","EPIC","THANKS","Ruff_Lead_VO","3",,,,"1500","39","TRUE",,,,,,,,,"AVAILABLE"
"emoji_ruffs_ronin",,,"sc/emoji_1.sc","emoji_ruffs_ronin","Ruffs",,,,"SPECIAL","COLLECTORS","DEFAULT","Ruff_Start_VO","3",,,,,,"TRUE",,,,,,,,,"NEVER"
"emoji_ruffs_ronin_angry",,,"sc/emoji_1.sc","emoji_ruffs_ronin_angry","Ruffs",,,,"SPECIAL","COLLECTORS","ANGRY","Ruff_Hurt_VO","5",,,,,,"TRUE",,,,,,,,"TRUE","NEVER"
"emoji_ruffs_ronin_gg",,,"sc/emoji_1.sc","emoji_ruffs_ronin_gg","Ruffs",,,,"SPECIAL","COLLECTORS","GG","Ruff_Lead_VO","2",,,,,,"TRUE",,,,,,,,,"NEVER"
"emoji_ruffs_ronin_happy",,,"sc/emoji_1.sc","emoji_ruffs_ronin_happy","Ruffs",,,,"SPECIAL","COLLECTORS","HAPPY","Ruff_Kill_VO","5",,,,,,"TRUE",,,,,,,,,"NEVER"
"emoji_ruffs_ronin_phew",,,"sc/emoji_1.sc","emoji_ruffs_ronin_phew","Ruffs",,,,"SPECIAL","COLLECTORS","PHEW","Ruff_Hurt_VO","8",,,,,,"TRUE",,,,,,,,,"NEVER"
"emoji_ruffs_ronin_sad",,,"sc/emoji_1.sc","emoji_ruffs_ronin_sad","Ruffs",,,,"SPECIAL","COLLECTORS","SAD","Ruff_Die_VO","7",,,,,,"TRUE",,,,,,,,"TRUE","NEVER"
"emoji_ruffs_ronin_special",,,"sc/emoji_1.sc","emoji_ruffs_ronin_special","Ruffs",,,,"SPECIAL","COLLECTORS","SPECIAL","Ruff_Ulti_VO","2",,,,,,"TRUE",,,,,,,,,"NEVER"
"emoji_ruffs_ronin_thanks",,,"sc/emoji_1.sc","emoji_ruffs_ronin_thanks","Ruffs",,,,"SPECIAL","COLLECTORS","THANKS","Ruff_Lead_VO","3",,,,,,"TRUE",,,,,,,,,"NEVER"
"emoji_lny",,,"sc/emoji_1.sc","emoji_lny",,,,,"HAPPY","COLLECTORS","SPECIAL",,,,"LunarBrawl21",,"1500","39","TRUE",,,,"LNY",,,,,"AVAILABLE"
"emoji_lny_angry",,,"sc/emoji_1.sc","emoji_lny_angry",,,,,"ANGRY","COLLECTORS","SPECIAL",,,,"LunarBrawl21",,"1500","39","TRUE",,,,"LNY",,,,"TRUE","AVAILABLE"
"emoji_lny_gg",,,"sc/emoji_1.sc","emoji_lny_gg",,,,,"SPECIAL","COLLECTORS","SPECIAL",,,,"LunarBrawl21",,"1500","39","TRUE",,,,"LNY",,,,,"AVAILABLE"
"emoji_lny_happy",,,"sc/emoji_1.sc","emoji_lny_happy",,,,,"HAPPY","COLLECTORS","SPECIAL",,,,"LunarBrawl21",,"1500","39","TRUE",,,,"LNY",,,,,"AVAILABLE"
"emoji_lny_special",,,"sc/emoji_1.sc","emoji_lny_special",,,,,"SPECIAL","COLLECTORS","SPECIAL",,,,"LunarBrawl21",,"1500","39","TRUE",,,,"LNY",,,,,"AVAILABLE"
"emoji_lny_thanks",,,"sc/emoji_1.sc","emoji_lny_thanks",,,,,"SPECIAL","COLLECTORS","SPECIAL",,,,"LunarBrawl21",,"1500","39","TRUE",,,,"LNY",,,,,"AVAILABLE"
"emoji_stu",,,"sc/emoji_1.sc","emoji_stu","Roller",,,,"DEFAULT","DEFAULT","DEFAULT","Stu_Start_VO","0",,,,,,"TRUE",,,,,,,,,"NEVER"
"emoji_stu_angry",,,"sc/emoji_1.sc","emoji_stu_angry","Roller",,,,"ANGRY","COMMON","ANGRY","Stu_Hurt_VO","3",,,,"375","9","TRUE",,,,,,,,"TRUE","AVAILABLE"
"emoji_stu_gg",,,"sc/emoji_1.sc","emoji_stu_gg","Roller",,,,"SPECIAL","RARE","GG","Stu_Kill_VO","3",,,,"750","19","TRUE",,,,,,,,,"AVAILABLE"
"emoji_stu_happy",,,"sc/emoji_1.sc","emoji_stu_happy","Roller",,,,"HAPPY","COMMON","HAPPY","Stu_Kill_VO","0",,,,,,"TRUE",,,,,,,"TrophyRewardsRoller",,"NEVER"
"emoji_stu_phew",,,"sc/emoji_1.sc","emoji_stu_phew","Roller",,,,"SPECIAL","EPIC","PHEW","Stu_Hurt_VO","1",,,,"1500","39","TRUE",,,,,,,,,"AVAILABLE"
"emoji_stu_sad",,,"sc/emoji_1.sc","emoji_stu_sad","Roller",,,,"SAD","COMMON","SAD","Stu_Hurt_VO","2",,,,"375","9","TRUE",,,,,,,,"TRUE","AVAILABLE"
"emoji_stu_special",,,"sc/emoji_1.sc","emoji_stu_special","Roller",,,,"SPECIAL","EPIC","SPECIAL","Stu_Lead_VO","4",,,,,,"TRUE",,,,,,,"TrophyRewardsRoller",,"NEVER"
"emoji_stu_thanks",,,"sc/emoji_1.sc","emoji_stu_thanks","Roller",,,,"SPECIAL","EPIC","THANKS","Stu_Ulti_VO","1",,,,"1500","39","TRUE",,,,,,,,,"AVAILABLE"
"emoji_belle",,,"sc/emoji_1.sc","emoji_belle","ElectroSniper",,,,"DEFAULT","DEFAULT","DEFAULT","Belle_Start_VO","2",,,,,,"TRUE",,,,,,,,,"NEVER"
"emoji_belle_angry",,,"sc/emoji_1.sc","emoji_belle_angry","ElectroSniper",,,,"ANGRY","COMMON","ANGRY","Belle_Die_VO","2",,,,"375","9","TRUE",,,,,,,,"TRUE","AVAILABLE"
"emoji_belle_gg",,,"sc/emoji_1.sc","emoji_belle_gg","ElectroSniper",,,,"SPECIAL","RARE","GG","Belle_Lead_VO","4",,,,"750","19","TRUE",,,,,,,,,"AVAILABLE"
"emoji_belle_happy",,,"sc/emoji_1.sc","emoji_belle_happy","ElectroSniper",,,,"HAPPY","COMMON","HAPPY","Belle_Lead_VO","8",,,,,,"TRUE",,,,,,,"TrophyRewardsElectroSniper",,"NEVER"
"emoji_belle_phew",,,"sc/emoji_1.sc","emoji_belle_phew","ElectroSniper",,,,"SPECIAL","EPIC","PHEW","Belle_Hurt_VO","5",,,,"1500","39","TRUE",,,,,,,,,"AVAILABLE"
"emoji_belle_sad",,,"sc/emoji_1.sc","emoji_belle_sad","ElectroSniper",,,,"SAD","COMMON","SAD","Belle_Hurt_VO","4",,,,"375","9","TRUE",,,,,,,,"TRUE","AVAILABLE"
"emoji_belle_special",,,"sc/emoji_1.sc","emoji_belle_special","ElectroSniper",,,,"SPECIAL","EPIC","SPECIAL","Belle_Lead_VO","1",,,,,,"TRUE",,,,,,,"TrophyRewardsElectroSniper",,"NEVER"
"emoji_belle_thanks",,,"sc/emoji_1.sc","emoji_belle_thanks","ElectroSniper",,,,"SPECIAL","EPIC","THANKS","Belle_Ulti_VO","4",,,,"1500","39","TRUE",,,,,,,,,"AVAILABLE"
"emoji_belle_boss",,,"sc/emoji_1.sc","emoji_belle_boss","ElectroSniper",,,,"SPECIAL","COLLECTORS","DEFAULT","Belle_Start_VO","2",,,,,,"TRUE",,,,,,,,,"NEVER"
"emoji_belle_boss_angry",,,"sc/emoji_1.sc","emoji_belle_boss_angry","ElectroSniper",,,,"SPECIAL","COLLECTORS","ANGRY","Belle_Die_VO","2",,,,,,"TRUE",,,,,,,,"TRUE","NEVER"
"emoji_belle_boss_gg",,,"sc/emoji_1.sc","emoji_belle_boss_gg","ElectroSniper",,,,"SPECIAL","COLLECTORS","GG","Belle_Lead_VO","4",,,,,,"TRUE",,,,,,,,,"NEVER"
"emoji_belle_boss_happy",,,"sc/emoji_1.sc","emoji_belle_boss_happy","ElectroSniper",,,,"SPECIAL","COLLECTORS","HAPPY","Belle_Lead_VO","8",,,,,,"TRUE",,,,,,,,,"NEVER"
"emoji_belle_boss_phew",,,"sc/emoji_1.sc","emoji_belle_boss_phew","ElectroSniper",,,,"SPECIAL","COLLECTORS","PHEW","Belle_Hurt_VO","5",,,,,,"TRUE",,,,,,,,,"NEVER"
"emoji_belle_boss_sad",,,"sc/emoji_1.sc","emoji_belle_boss_sad","ElectroSniper",,,,"SPECIAL","COLLECTORS","SAD","Belle_Hurt_VO","4",,,,,,"TRUE",,,,,,,,"TRUE","NEVER"
"emoji_belle_boss_special",,,"sc/emoji_1.sc","emoji_belle_boss_special","ElectroSniper",,,,"SPECIAL","COLLECTORS","SPECIAL","Belle_Lead_VO","1",,,,,,"TRUE",,,,,,,,,"NEVER"
"emoji_belle_boss_thanks",,,"sc/emoji_1.sc","emoji_belle_boss_thanks","ElectroSniper",,,,"SPECIAL","COLLECTORS","THANKS","Belle_Ulti_VO","4",,,,,,"TRUE",,,,,,,,,"NEVER"
"emoji_squeak",,,"sc/emoji_1.sc","emoji_squeak","StickyBomb",,,,"DEFAULT","DEFAULT","DEFAULT","Squeak_Start_VO","0",,,,,,"TRUE",,,,,,,,,"NEVER"
"emoji_squeak_angry",,,"sc/emoji_1.sc","emoji_squeak_angry","StickyBomb",,,,"ANGRY","COMMON","ANGRY","Squeak_Hurt_VO","1",,,,"375","9","TRUE",,,,,,,,"TRUE","AVAILABLE"
"emoji_squeak_gg",,,"sc/emoji_1.sc","emoji_squeak_gg","StickyBomb",,,,"SPECIAL","RARE","GG","Squeak_Lead_VO","0",,,,"750","19","TRUE",,,,,,,,,"AVAILABLE"
"emoji_squeak_happy",,,"sc/emoji_1.sc","emoji_squeak_happy","StickyBomb",,,,"HAPPY","COMMON","HAPPY","Squeak_Start_VO","5",,,,,,"TRUE",,,,,,,"TrophyRewardsStickyBomb",,"NEVER"
"emoji_squeak_phew",,,"sc/emoji_1.sc","emoji_squeak_phew","StickyBomb",,,,"SPECIAL","EPIC","PHEW","Squeak_Kill_VO","2",,,,"1500","39","TRUE",,,,,,,,,"AVAILABLE"
"emoji_squeak_sad",,,"sc/emoji_1.sc","emoji_squeak_sad","StickyBomb",,,,"SAD","COMMON","SAD","Squeak_Die_VO","0",,,,"375","9","TRUE",,,,,,,,"TRUE","AVAILABLE"
"emoji_squeak_special",,,"sc/emoji_1.sc","emoji_squeak_special","StickyBomb",,,,"SPECIAL","EPIC","SPECIAL","Squeak_Lead_VO","5",,,,,,"TRUE",,,,,,,"TrophyRewardsStickyBomb",,"NEVER"
"emoji_squeak_thanks",,,"sc/emoji_1.sc","emoji_squeak_thanks","StickyBomb",,,,"SPECIAL","EPIC","THANKS","Squeak_Lead_VO","2",,,,"1500","39","TRUE",,,,,,,,,"AVAILABLE"
"emoji_buzz",,,"sc/emoji_1.sc","emoji_buzz","RopeDude",,,,"DEFAULT","DEFAULT","DEFAULT","Buzz_Kill_VO","0",,,,,,"TRUE",,,,,,,,,"NEVER"
"emoji_buzz_angry",,,"sc/emoji_1.sc","emoji_buzz_angry","RopeDude",,,,"ANGRY","COMMON","ANGRY","Buzz_Hurt_VO","6",,,,"375","9","TRUE",,,,,,,,"TRUE","AVAILABLE"
"emoji_buzz_happy",,,"sc/emoji_1.sc","emoji_buzz_happy","RopeDude",,,,"HAPPY","COMMON","HAPPY","Buzz_Kill_VO","3",,,,,,"TRUE",,,,,,,"TrophyRewardsRopeDude",,"NEVER"
"emoji_buzz_gg",,,"sc/emoji_1.sc","emoji_buzz_gg","RopeDude",,,,"SPECIAL","RARE","GG","Buzz_Lead_VO","2",,,,"750","19","TRUE",,,,,,,,,"AVAILABLE"
"emoji_buzz_phew",,,"sc/emoji_1.sc","emoji_buzz_phew","RopeDude",,,,"SPECIAL","EPIC","PHEW","Buzz_Kill_VO","6",,,,"1500","39","TRUE",,,,,,,,,"AVAILABLE"
"emoji_buzz_sad",,,"sc/emoji_1.sc","emoji_buzz_sad","RopeDude",,,,"SAD","COMMON","SAD","Buzz_Hurt_VO","0",,,,"375","9","TRUE",,,,,,,,"TRUE","AVAILABLE"
"emoji_buzz_special",,,"sc/emoji_1.sc","emoji_buzz_special","RopeDude",,,,"SPECIAL","EPIC","SPECIAL","Buzz_Start_VO","9",,,,,,"TRUE",,,,,,,"TrophyRewardsRopeDude",,"NEVER"
"emoji_buzz_thanks",,,"sc/emoji_1.sc","emoji_buzz_thanks","RopeDude",,,,"SPECIAL","EPIC","THANKS","Buzz_Start_VO","3",,,,"1500","39","TRUE",,,,,,,,,"AVAILABLE"
"emoji_griff",,,"sc/emoji_1.sc","emoji_griff","AssaultShotgun",,,,"DEFAULT","DEFAULT","DEFAULT","Griff_Start_VO","0",,,,,,"TRUE",,,,,,,,,"NEVER"
"emoji_griff_angry",,,"sc/emoji_1.sc","emoji_griff_angry","AssaultShotgun",,,,"ANGRY","COMMON","ANGRY","Griff_Kill_VO","0",,,,"375","9","TRUE",,,,,,,,"TRUE","AVAILABLE"
"emoji_griff_gg",,,"sc/emoji_1.sc","emoji_griff_gg","AssaultShotgun",,,,"SPECIAL","RARE","GG","Griff_Start_VO","4",,,,"750","19","TRUE",,,,,,,,,"AVAILABLE"
"emoji_griff_phew",,,"sc/emoji_1.sc","emoji_griff_phew","AssaultShotgun",,,,"SPECIAL","EPIC","PHEW","Griff_Hurt_VO","5",,,,"1500","39","TRUE",,,,,,,,,"AVAILABLE"
"emoji_griff_sad",,,"sc/emoji_1.sc","emoji_griff_sad","AssaultShotgun",,,,"SAD","COMMON","SAD","Griff_Die_VO","1",,,,"375","9","TRUE",,,,,,,,"TRUE","AVAILABLE"
"emoji_griff_special",,,"sc/emoji_1.sc","emoji_griff_special","AssaultShotgun",,,,"SPECIAL","EPIC","SPECIAL","Griff_Ulti_VO","1",,,,,,"TRUE",,,,,,,"TrophyRewardsAssaultShotgun",,"NEVER"
"emoji_griff_thanks",,,"sc/emoji_1.sc","emoji_griff_thanks","AssaultShotgun",,,,"SPECIAL","EPIC","THANKS","Griff_Start_VO","8",,,,"1500","39","TRUE",,,,,,,,,"AVAILABLE"
"emoji_griff_happy",,,"sc/emoji_1.sc","emoji_griff_happy","AssaultShotgun",,,,"HAPPY","COMMON","HAPPY","Griff_Ulti_VO","0",,,,,,"TRUE",,,,,,,"TrophyRewardsAssaultShotgun",,"NEVER"
"emoji_champie_confetti",,,"sc/emoji_1.sc","emoji_champie_confetti",,,,,"SPECIAL","COLLECTORS","SPECIAL",,,,"BSC2020",,,,"TRUE",,,,,,,,,"NEVER"
"emoji_champie_lighter",,,"sc/emoji_1.sc","emoji_champie_lighter",,,,,"SPECIAL","COLLECTORS","SPECIAL",,,,"BSC2020",,,,"TRUE",,,,,,,,,"NEVER"
"emoji_champie_whistle",,,"sc/emoji_1.sc","emoji_champie_whistle",,,,,"SPECIAL","COLLECTORS","SPECIAL",,,,"BSC2021",,,,"TRUE",,,,,,,,,"NEVER"
"emoji_8bit_clap",,,"sc/emoji_1.sc","emoji_8bit_clap","Arcade",,,,"SPECIAL","RARE","CLAP","Colt_Pin_Clap","0",,,,"750","19","TRUE",,,,,,,,,"AVAILABLE"
"emoji_amber_clap",,,"sc/emoji_1.sc","emoji_amber_clap","FireDude",,,,"SPECIAL","RARE","CLAP","Colt_Pin_Clap","0",,,,"750","19","TRUE",,,,,,,,,"AVAILABLE"
"emoji_barley_clap",,,"sc/emoji_1.sc","emoji_barley_clap","Barkeep",,,,"SPECIAL","RARE","CLAP","Colt_Pin_Clap","0",,,,"750","19","TRUE",,,,,,,,,"AVAILABLE"
"emoji_bea_clap",,,"sc/emoji_1.sc","emoji_bea_clap","BeeSniper",,,,"SPECIAL","RARE","CLAP","Colt_Pin_Clap","0",,,,"750","19","TRUE",,,,,,,,,"AVAILABLE"
"emoji_belle_clap",,,"sc/emoji_1.sc","emoji_belle_clap","ElectroSniper",,,,"SPECIAL","RARE","CLAP","Colt_Pin_Clap","0",,,,"750","19","TRUE",,,,,,,,,"AVAILABLE"
"emoji_bibi_clap",,,"sc/emoji_1.sc","emoji_bibi_clap","Baseball",,,,"SPECIAL","RARE","CLAP","Colt_Pin_Clap","0",,,,"750","19","TRUE",,,,,,,,,"AVAILABLE"
"emoji_bo_clap",,,"sc/emoji_1.sc","emoji_bo_clap","BowDude",,,,"SPECIAL","RARE","CLAP","Colt_Pin_Clap","0",,,,"750","19","TRUE",,,,,,,,,"AVAILABLE"
"emoji_brock_clap",,,"sc/emoji_1.sc","emoji_brock_clap","RocketGirl",,,,"SPECIAL","RARE","CLAP","Colt_Pin_Clap","0",,,,"750","19","TRUE",,,,,,,,,"AVAILABLE"
"emoji_bull_clap",,,"sc/emoji_1.sc","emoji_bull_clap","BullDude",,,,"SPECIAL","RARE","CLAP","Colt_Pin_Clap","0",,,,"750","19","TRUE",,,,,,,,,"AVAILABLE"
"emoji_buzz_clap",,,"sc/emoji_1.sc","emoji_buzz_clap","RopeDude",,,,"SPECIAL","RARE","CLAP","Colt_Pin_Clap","0",,,,"750","19","TRUE",,,,,,,,,"AVAILABLE"
"emoji_byron_clap",,,"sc/emoji_1.sc","emoji_byron_clap","SnakeOil",,,,"SPECIAL","RARE","CLAP","Colt_Pin_Clap","0",,,,"750","19","TRUE",,,,,,,,,"AVAILABLE"
"emoji_carl_clap",,,"sc/emoji_1.sc","emoji_carl_clap","Whirlwind",,,,"SPECIAL","RARE","CLAP","Colt_Pin_Clap","0",,,,"750","19","TRUE",,,,,,,,,"AVAILABLE"
"emoji_colette_clap",,,"sc/emoji_1.sc","emoji_colette_clap","Percenter",,,,"SPECIAL","RARE","CLAP","Colt_Pin_Clap","0",,,,"750","19","TRUE",,,,,,,,,"AVAILABLE"
"emoji_colt_clap",,,"sc/emoji_1.sc","emoji_colt_clap","Gunslinger",,,,"SPECIAL","RARE","CLAP","Colt_Pin_Clap","0",,,,"750","19","TRUE",,,,,,,,,"AVAILABLE"
"emoji_crow_clap",,,"sc/emoji_1.sc","emoji_crow_clap","Crow",,,,"SPECIAL","RARE","CLAP","Colt_Pin_Clap","0",,,,"750","19","TRUE",,,,,,,,,"AVAILABLE"
"emoji_darryl_clap",,,"sc/emoji_1.sc","emoji_darryl_clap","BarrelBot",,,,"SPECIAL","RARE","CLAP","Colt_Pin_Clap","0",,"LoginCalendarDarryl1",,"750","19","TRUE",,,,,,,,,"AVAILABLE"
"emoji_dynamike_clap",,,"sc/emoji_1.sc","emoji_dynamike_clap","TntDude",,,,"SPECIAL","RARE","CLAP","Colt_Pin_Clap","0",,,,"750","19","TRUE",,,,,,,,,"AVAILABLE"
"emoji_edgar_clap",,,"sc/emoji_1.sc","emoji_edgar_clap","Enrager",,,,"SPECIAL","RARE","CLAP","Colt_Pin_Clap","0",,,,"750","19","TRUE",,,,,,,,,"AVAILABLE"
"emoji_emz_clap",,,"sc/emoji_1.sc","emoji_emz_clap","Mummy",,,,"SPECIAL","RARE","CLAP","Colt_Pin_Clap","0",,,,"750","19","TRUE",,,,,,,,,"AVAILABLE"
"emoji_frank_clap",,,"sc/emoji_1.sc","emoji_frank_clap","HammerDude",,,,"SPECIAL","RARE","CLAP","Colt_Pin_Clap","0",,,,"750","19","TRUE",,,,,,,,,"AVAILABLE"
"emoji_gale_clap",,,"sc/emoji_1.sc","emoji_gale_clap","Blower",,,,"SPECIAL","RARE","CLAP","Colt_Pin_Clap","0",,,,"750","19","TRUE",,,,,,,,,"AVAILABLE"
"emoji_gene_clap",,,"sc/emoji_1.sc","emoji_gene_clap","HookDude",,,,"SPECIAL","RARE","CLAP","Colt_Pin_Clap","0",,,,"750","19","TRUE",,,,,,,,,"AVAILABLE"
"emoji_griff_clap",,,"sc/emoji_1.sc","emoji_griff_clap","AssaultShotgun",,,,"SPECIAL","RARE","CLAP","Colt_Pin_Clap","0",,,,"750","19","TRUE",,,,,,,,,"AVAILABLE"
"emoji_jacky_clap",,,"sc/emoji_1.sc","emoji_jacky_clap","Driller",,,,"SPECIAL","RARE","CLAP","Colt_Pin_Clap","0",,,,"750","19","TRUE",,,,,,,,,"AVAILABLE"
"emoji_jessie_clap",,,"sc/emoji_1.sc","emoji_jessie_clap","Mechanic",,,,"SPECIAL","RARE","CLAP","Colt_Pin_Clap","0",,,,"750","19","TRUE",,,,,,,,,"AVAILABLE"
"emoji_leon_clap",,,"sc/emoji_1.sc","emoji_leon_clap","Ninja",,,,"SPECIAL","RARE","CLAP","Colt_Pin_Clap","0",,,,"750","19","TRUE",,,,,,,,,"AVAILABLE"
"emoji_lou_clap",,,"sc/emoji_1.sc","emoji_lou_clap","IceDude",,,,"SPECIAL","RARE","CLAP","Colt_Pin_Clap","0",,,,"750","19","TRUE",,,,,,,,,"AVAILABLE"
"emoji_max_clap",,,"sc/emoji_1.sc","emoji_max_clap","Speedy",,,,"SPECIAL","RARE","CLAP","Colt_Pin_Clap","0",,,,"750","19","TRUE",,,,,,,,,"AVAILABLE"
"emoji_mortis_clap",,,"sc/emoji_1.sc","emoji_mortis_clap","Undertaker",,,,"SPECIAL","RARE","CLAP","Colt_Pin_Clap","0",,,,"750","19","TRUE",,,,,,,,,"AVAILABLE"
"emoji_mrp_clap",,,"sc/emoji_1.sc","emoji_mrp_clap","SpawnerDude",,,,"SPECIAL","RARE","CLAP","Colt_Pin_Clap","0",,,,"750","19","TRUE",,,,,,,,,"AVAILABLE"
"emoji_nani_clap",,,"sc/emoji_1.sc","emoji_nani_clap","Controller",,,,"SPECIAL","RARE","CLAP","Colt_Pin_Clap","0",,,,"750","19","TRUE",,,,,,,,,"AVAILABLE"
"emoji_nita_clap",,,"sc/emoji_1.sc","emoji_nita_clap","Shaman",,,,"SPECIAL","RARE","CLAP","Colt_Pin_Clap","0",,,,"750","19","TRUE",,,,,,,,,"AVAILABLE"
"emoji_pam_clap",,,"sc/emoji_1.sc","emoji_pam_clap","MinigunDude",,,,"SPECIAL","RARE","CLAP","Colt_Pin_Clap","0",,,,"750","19","TRUE",,,,,,,,,"AVAILABLE"
"emoji_penny_clap",,,"sc/emoji_1.sc","emoji_penny_clap","ArtilleryDude",,,,"SPECIAL","RARE","CLAP","Colt_Pin_Clap","0",,"LoginCalendarPenny1",,"750","19","TRUE",,,,,,,,,"AVAILABLE"
"emoji_piper_clap",,,"sc/emoji_1.sc","emoji_piper_clap","Sniper",,,,"SPECIAL","RARE","CLAP","Colt_Pin_Clap","0",,,,"750","19","TRUE",,,,,,,,,"AVAILABLE"
"emoji_poco_clap",,,"sc/emoji_1.sc","emoji_poco_clap","DeadMariachi",,,,"SPECIAL","RARE","CLAP","Colt_Pin_Clap","0",,,,"750","19","TRUE",,,,,,,,,"AVAILABLE"
"emoji_primo_clap",,,"sc/emoji_1.sc","emoji_primo_clap","Luchador",,,,"SPECIAL","RARE","CLAP","Colt_Pin_Clap","0",,,,"750","19","TRUE",,,,,,,,,"AVAILABLE"
"emoji_rico_clap",,,"sc/emoji_1.sc","emoji_rico_clap","TrickshotDude",,,,"SPECIAL","RARE","CLAP","Colt_Pin_Clap","0",,,,"750","19","TRUE",,,,,,,,,"AVAILABLE"
"emoji_rosa_clap",,,"sc/emoji_1.sc","emoji_rosa_clap","Rosa",,,,"SPECIAL","RARE","CLAP","Colt_Pin_Clap","0",,,,"750","19","TRUE",,,,,,,,,"AVAILABLE"
"emoji_ruffs_clap",,,"sc/emoji_1.sc","emoji_ruffs_clap","Ruffs",,,,"SPECIAL","RARE","CLAP","Colt_Pin_Clap","0",,,,"750","19","TRUE",,,,,,,,,"AVAILABLE"
"emoji_sandy_clap",,,"sc/emoji_1.sc","emoji_sandy_clap","Sandstorm",,,,"SPECIAL","RARE","CLAP","Colt_Pin_Clap","0",,,,"750","19","TRUE",,,,,,,,,"AVAILABLE"
"emoji_shelly_clap",,,"sc/emoji_1.sc","emoji_shelly_clap","ShotgunGirl",,,,"SPECIAL","RARE","CLAP","Colt_Pin_Clap","0",,,,"750","19","TRUE",,,,,,,,,"AVAILABLE"
"emoji_spike_clap",,,"sc/emoji_1.sc","emoji_spike_clap","Cactus",,,,"SPECIAL","RARE","CLAP","Colt_Pin_Clap","0",,,,"750","19","TRUE",,,,,,,,,"AVAILABLE"
"emoji_sprout_clap",,,"sc/emoji_1.sc","emoji_sprout_clap","Wally",,,,"SPECIAL","RARE","CLAP","Colt_Pin_Clap","0",,,,"750","19","TRUE",,,,,,,,,"AVAILABLE"
"emoji_squeak_clap",,,"sc/emoji_1.sc","emoji_squeak_clap","StickyBomb",,,,"SPECIAL","RARE","CLAP","Colt_Pin_Clap","0",,,,"750","19","TRUE",,,,,,,,,"AVAILABLE"
"emoji_stu_clap",,,"sc/emoji_1.sc","emoji_stu_clap","Roller",,,,"SPECIAL","RARE","CLAP","Colt_Pin_Clap","0",,,,"750","19","TRUE",,,,,,,,,"AVAILABLE"
"emoji_surge_clap",,,"sc/emoji_1.sc","emoji_surge_clap","PowerLeveler",,,,"SPECIAL","RARE","CLAP","Colt_Pin_Clap","0",,,,"750","19","TRUE",,,,,,,,,"AVAILABLE"
"emoji_tara_clap",,,"sc/emoji_1.sc","emoji_tara_clap","BlackHole",,,,"SPECIAL","RARE","CLAP","Colt_Pin_Clap","0",,,,"750","19","TRUE",,,,,,,,,"AVAILABLE"
"emoji_tick_clap",,,"sc/emoji_1.sc","emoji_tick_clap","ClusterBombDude",,,,"SPECIAL","RARE","CLAP","Colt_Pin_Clap","0",,,,"750","19","TRUE",,,,,,,,,"AVAILABLE"
"emoji_belle_boss_clap",,,"sc/emoji_1.sc","emoji_belle_boss_clap","ElectroSniper",,,,"SPECIAL","COLLECTORS","CLAP","Colt_Pin_Clap","0",,,,,,"TRUE",,,,,,,,,"NEVER"
"emoji_colette_trixie_clap",,,"sc/emoji_1.sc","emoji_colette_trixie_clap","Percenter",,,,"SPECIAL","COLLECTORS","CLAP","Colt_Pin_Clap","0",,,,,,"TRUE",,,,,,,,,"NEVER"
"emoji_gale_trader_clap",,,"sc/emoji_1.sc","emoji_gale_trader_clap","Blower",,,,"SPECIAL","COLLECTORS","CLAP","Colt_Pin_Clap","0",,,,,,"TRUE",,,,,,,,,"NEVER"
"emoji_lou_king_clap",,,"sc/emoji_1.sc","emoji_lou_king_clap","IceDude",,,,"SPECIAL","COLLECTORS","CLAP","Colt_Pin_Clap","0",,,,,,"TRUE",,,,,,,,,"NEVER"
"emoji_rosa_halloween_clap",,,"sc/emoji_1.sc","emoji_rosa_halloween_clap","Rosa",,,,"SPECIAL","COLLECTORS","CLAP","Colt_Pin_Clap","0",,,,,,"TRUE",,,,,,,,,"NEVER"
"emoji_ruffs_ronin_clap",,,"sc/emoji_1.sc","emoji_ruffs_ronin_clap","Ruffs",,,,"SPECIAL","COLLECTORS","CLAP","Colt_Pin_Clap","0",,,,,,"TRUE",,,,,,,,,"NEVER"
"emoji_surge_paladin_clap",,,"sc/emoji_1.sc","emoji_surge_paladin_clap","PowerLeveler",,,,"SPECIAL","COLLECTORS","CLAP","Colt_Pin_Clap","0",,,,,,"TRUE",,,,,,,,,"NEVER"
"emoji_buzz_punk_clap",,,"sc/emoji_1.sc","emoji_buzz_punk_clap","RopeDude",,,,"SPECIAL","COLLECTORS","CLAP","Colt_Pin_Clap","0",,,,,,"TRUE",,,,,,,,,"NEVER"
"emoji_buzz_punk",,,"sc/emoji_1.sc","emoji_buzz_punk","RopeDude",,,,"SPECIAL","COLLECTORS","DEFAULT","Buzz_Kill_VO","0",,,,,,"TRUE",,,,,,,,,"NEVER"
"emoji_buzz_punk_angry",,,"sc/emoji_1.sc","emoji_buzz_punk_angry","RopeDude",,,,"SPECIAL","COLLECTORS","ANGRY","Buzz_Hurt_VO","6",,,,,,"TRUE",,,,,,,,"TRUE","NEVER"
"emoji_buzz_punk_gg",,,"sc/emoji_1.sc","emoji_buzz_punk_gg","RopeDude",,,,"SPECIAL","COLLECTORS","GG","Buzz_Lead_VO","2",,,,,,"TRUE",,,,,,,,,"NEVER"
"emoji_buzz_punk_happy",,,"sc/emoji_1.sc","emoji_buzz_punk_happy","RopeDude",,,,"SPECIAL","COLLECTORS","HAPPY","Buzz_Ulti_Atk_Dog","0",,,,,,"TRUE",,,,,,,,,"NEVER"
"emoji_buzz_punk_phew",,,"sc/emoji_1.sc","emoji_buzz_punk_phew","RopeDude",,,,"SPECIAL","COLLECTORS","PHEW","Buzz_Kill_VO","6",,,,,,"TRUE",,,,,,,,,"NEVER"
"emoji_buzz_punk_sad",,,"sc/emoji_1.sc","emoji_buzz_punk_sad","RopeDude",,,,"SPECIAL","COLLECTORS","SAD","Buzz_Hurt_VO","0",,,,,,"TRUE",,,,,,,,"TRUE","NEVER"
"emoji_buzz_punk_special",,,"sc/emoji_1.sc","emoji_buzz_punk_special","RopeDude",,,,"SPECIAL","COLLECTORS","SPECIAL","Buzz_Ulti_Atk_Dog","0",,,,,,"TRUE",,,,,,,,,"NEVER"
"emoji_buzz_punk_thanks",,,"sc/emoji_1.sc","emoji_buzz_punk_thanks","RopeDude",,,,"SPECIAL","COLLECTORS","THANKS","Buzz_Start_VO","3",,,,,,"TRUE",,,,,,,,,"NEVER"
"emoji_darryl_megabox",,,"sc/emoji_1.sc","emoji_darryl_megabox","BarrelBot",,,,"SPECIAL","COLLECTORS","DEFAULT","Darryl_Start_VO","1",,,,,,"TRUE",,,,,,,,,"NEVER"
"emoji_ash",,,"sc/emoji_1.sc","emoji_ash","Knight",,,,"DEFAULT","DEFAULT","DEFAULT","Ash_Start_VO","0",,,,,,"TRUE",,,,,,,,,"NEVER"
"emoji_ash_angry",,,"sc/emoji_1.sc","emoji_ash_angry","Knight",,,,"ANGRY","COMMON","ANGRY","Ash_Hurt_VO","1",,,,"375","9","TRUE",,,,,,,,"TRUE","AVAILABLE"
"emoji_ash_happy",,,"sc/emoji_1.sc","emoji_ash_happy","Knight",,,,"HAPPY","COMMON","HAPPY","Ash_Lead_VO","3",,,,,,"TRUE",,,,,,,"TrophyRewardsKnight",,"NEVER"
"emoji_ash_gg",,,"sc/emoji_1.sc","emoji_ash_gg","Knight",,,,"SPECIAL","RARE","GG","Ash_Lead_VO","4",,,,"750","19","TRUE",,,,,,,,,"AVAILABLE"
"emoji_ash_phew",,,"sc/emoji_1.sc","emoji_ash_phew","Knight",,,,"SPECIAL","EPIC","PHEW","Ash_Die_VO","2",,,,"1500","39","TRUE",,,,,,,,,"AVAILABLE"
"emoji_ash_sad",,,"sc/emoji_1.sc","emoji_ash_sad","Knight",,,,"SAD","COMMON","SAD","Ash_Die_VO","5",,,,"375","9","TRUE",,,,,,,,"TRUE","AVAILABLE"
"emoji_ash_special",,,"sc/emoji_1.sc","emoji_ash_special","Knight",,,,"SPECIAL","EPIC","SPECIAL","Ash_Lead_VO","1",,,,,,"TRUE",,,,,,,"TrophyRewardsKnight",,"NEVER"
"emoji_ash_thanks",,,"sc/emoji_1.sc","emoji_ash_thanks","Knight",,,,"SPECIAL","EPIC","THANKS","Ash_Start_VO","1",,,,"1500","39","TRUE",,,,,,,,,"AVAILABLE"
"emoji_ash_clap",,,"sc/emoji_1.sc","emoji_ash_clap","Knight",,,,"SPECIAL","RARE","CLAP","Colt_Pin_Clap","0",,,,"750","19","TRUE",,,,,,,,,"AVAILABLE"
"emoji_ash_ninja",,,"sc/emoji_1.sc","emoji_ash_ninja","Knight",,,,"SPECIAL","COLLECTORS","DEFAULT","Ash_Start_VO","0",,,,,,"TRUE",,,,,,,,,"NEVER"
"emoji_ash_ninja_angry",,,"sc/emoji_1.sc","emoji_ash_ninja_angry","Knight",,,,"SPECIAL","COLLECTORS","ANGRY","Ash_Hurt_VO","1",,,,,,"TRUE",,,,,,,,"TRUE","NEVER"
"emoji_ash_ninja_gg",,,"sc/emoji_1.sc","emoji_ash_ninja_gg","Knight",,,,"SPECIAL","COLLECTORS","GG","Ash_Lead_VO","4",,,,,,"TRUE",,,,,,,,,"NEVER"
"emoji_ash_ninja_happy",,,"sc/emoji_1.sc","emoji_ash_ninja_happy","Knight",,,,"SPECIAL","COLLECTORS","HAPPY","Ash_Lead_VO","3",,,,,,"TRUE",,,,,,,,,"NEVER"
"emoji_ash_ninja_phew",,,"sc/emoji_1.sc","emoji_ash_ninja_phew","Knight",,,,"SPECIAL","COLLECTORS","PHEW","Ash_Die_VO","2",,,,,,"TRUE",,,,,,,,,"NEVER"
"emoji_ash_ninja_sad",,,"sc/emoji_1.sc","emoji_ash_ninja_sad","Knight",,,,"SPECIAL","COLLECTORS","SAD","Ash_Die_VO","5",,,,,,"TRUE",,,,,,,,"TRUE","NEVER"
"emoji_ash_ninja_special",,,"sc/emoji_1.sc","emoji_ash_ninja_special","Knight",,,,"SPECIAL","COLLECTORS","SPECIAL","Ash_Lead_VO","1",,,,,,"TRUE",,,,,,,,,"NEVER"
"emoji_ash_ninja_thanks",,,"sc/emoji_1.sc","emoji_ash_ninja_thanks","Knight",,,,"SPECIAL","COLLECTORS","THANKS","Ash_Start_VO","1",,,,,,"TRUE",,,,,,,,,"NEVER"
"emoji_ash_ninja_clap",,,"sc/emoji_1.sc","emoji_ash_ninja_clap","Knight",,,,"SPECIAL","COLLECTORS","CLAP","Colt_Pin_Clap","0",,,,,,"TRUE",,,,,,,,,"NEVER"
"emoji_champie_whiteflag",,,"sc/emoji_1.sc","emoji_champie_whiteflag",,,,,"SAD","COLLECTORS","SPECIAL",,,,"BSC2021",,,,"TRUE",,,,,,,,,"NEVER"
"emoji_champie_bluefinger",,,"sc/emoji_1.sc","emoji_champie_bluefinger",,,,,"HAPPY","COLLECTORS","SPECIAL",,,,"BSC2021",,,,"TRUE",,,,,,,,,"NEVER"
"emoji_champie_redfinger",,,"sc/emoji_1.sc","emoji_champie_redfinger",,,,,"HAPPY","COLLECTORS","SPECIAL",,,,"BSC2021",,,,"TRUE",,,,,,,,,"NEVER"
"emoji_champie_thuglife",,,"sc/emoji_1.sc","emoji_champie_thuglife",,,,,"SPECIAL","COLLECTORS","SPECIAL",,,,"BSC2021",,,,"TRUE",,,,,,,,"TRUE","NEVER"
"emoji_champie_thumbsdown",,,"sc/emoji_1.sc","emoji_champie_thumbsdown",,,,,"ANGRY","COLLECTORS","SPECIAL",,,,"BSC2021",,,,"TRUE",,,,,,,,"TRUE","NEVER"
"emoji_champie_holdthetrophy",,,"sc/emoji_1.sc","emoji_champie_holdthetrophy",,,,,"SPECIAL","COLLECTORS","SPECIAL",,,,"BSC2021",,,,"TRUE",,,,,,,,,"NEVER"
"emoji_sprout_prince_red",,,"sc/emoji_1.sc","emoji_sprout_prince_red","Wally",,,,"SPECIAL","COLLECTORS","DEFAULT","Sprout_Start_VO","1",,,,,,"TRUE",,,,,,,,,"NEVER"
"emoji_sprout_prince_green",,,"sc/emoji_1.sc","emoji_sprout_prince_green","Wally",,,,"SPECIAL","COLLECTORS","DEFAULT","Sprout_Start_VO","1",,,,,,"TRUE",,,,,,,,,"NEVER"
"emoji_elprimo_dragon_pink",,,"sc/emoji_1.sc","emoji_elprimo_dragon_pink","Luchador",,,,"SPECIAL","COLLECTORS","DEFAULT","El_primo_start","0",,,,,,"TRUE",,,,,,,,,"NEVER"
"emoji_elprimo_dragon_green",,,"sc/emoji_1.sc","emoji_elprimo_dragon_green","Luchador",,,,"SPECIAL","COLLECTORS","DEFAULT","El_primo_start","0",,,,,,"TRUE",,,,,,,,,"NEVER"
"emoji_meg",,,"sc/emoji_1.sc","emoji_meg","MechaDude",,,,"DEFAULT","DEFAULT","DEFAULT","Meg_start_vo","5",,,,,,"TRUE",,,,,,,,,"NEVER"
"emoji_meg_angry",,,"sc/emoji_1.sc","emoji_meg_angry","MechaDude",,,,"ANGRY","COMMON","ANGRY","Meg_die_vo","0",,,,"375","9","TRUE",,,,,,,,"TRUE","AVAILABLE"
"emoji_meg_gg",,,"sc/emoji_1.sc","emoji_meg_gg","MechaDude",,,,"SPECIAL","RARE","GG","Meg_lead_vo","0",,,,"750","19","TRUE",,,,,,,,,"AVAILABLE"
"emoji_meg_happy",,,"sc/emoji_1.sc","emoji_meg_happy","MechaDude",,,,"HAPPY","COMMON","HAPPY","Meg_start_vo","3",,,,,,"TRUE",,,,,,,"TrophyRewardsMechaDude",,"NEVER"
"emoji_meg_phew",,,"sc/emoji_1.sc","emoji_meg_phew","MechaDude",,,,"SPECIAL","EPIC","PHEW","Meg_hurt_vo","1",,,,"1500","39","TRUE",,,,,,,,,"AVAILABLE"
"emoji_meg_sad",,,"sc/emoji_1.sc","emoji_meg_sad","MechaDude",,,,"SAD","COMMON","SAD","Meg_die_vo","5",,,,"375","9","TRUE",,,,,,,,"TRUE","AVAILABLE"
"emoji_meg_special",,,"sc/emoji_1.sc","emoji_meg_special","MechaDude",,,,"SPECIAL","EPIC","SPECIAL","Meg_ulti_vo","3",,,,,,"TRUE",,,,,,,"TrophyRewardsMechaDude",,"NEVER"
"emoji_meg_thanks",,,"sc/emoji_1.sc","emoji_meg_thanks","MechaDude",,,,"SPECIAL","EPIC","THANKS","Meg_kill_vo","0",,,,"1500","39","TRUE",,,,,,,,,"AVAILABLE"
"emoji_meg_clap",,,"sc/emoji_1.sc","emoji_meg_clap","MechaDude",,,,"SPECIAL","RARE","CLAP","Colt_Pin_Clap","0",,,,"750","19","TRUE",,,,,,,,,"AVAILABLE"
"emoji_spike_darklord_happy",,,"sc/emoji_1.sc","emoji_spike_darklord_happy","Cactus",,,,"HAPPY","COLLECTORS","HAPPY","Spike_Robo_Laugh","0",,,,,,"TRUE",,,,,,,,,"NEVER"
"emoji_barley_retro",,,"sc/emoji_1.sc","emoji_barley_retro","Barkeep",,,,"DEFAULT","COLLECTORS","DEFAULT","Barley_Die","1",,"Retropolis",,,,"TRUE",,,,,,,,,"NEVER"
"emoji_brock_retro",,,"sc/emoji_1.sc","emoji_brock_retro","RocketGirl",,,,"DEFAULT","COLLECTORS","DEFAULT","Brock_start_vo","2",,"Retropolis",,,,"TRUE",,,,,,,,,"NEVER"
"emoji_carl_retro",,,"sc/emoji_1.sc","emoji_carl_retro","Whirlwind",,,,"DEFAULT","COLLECTORS","DEFAULT","Carl_start_vo","0",,"Retropolis",,,,"TRUE",,,,,,,,,"NEVER"
"emoji_mortis_retro",,,"sc/emoji_1.sc","emoji_mortis_retro","Undertaker",,,,"DEFAULT","COLLECTORS","DEFAULT","Mortis_start","3",,"Retropolis",,,,"TRUE",,,,,,,,,"NEVER"
"emoji_8bit_retro",,,"sc/emoji_1.sc","emoji_8bit_retro","Arcade",,,,"DEFAULT","COLLECTORS","DEFAULT","8bit_start_vo","0",,"Retropolis",,,,"TRUE",,,,,,,,,"NEVER"
"emoji_lolla",,,"sc/emoji_1.sc","emoji_lolla","Duplicator",,,,"DEFAULT","DEFAULT","DEFAULT","Lolla_Start_VO","2",,,,,,"TRUE",,,,,,,,,"NEVER"
"emoji_lolla_angry",,,"sc/emoji_1.sc","emoji_lolla_angry","Duplicator",,,,"ANGRY","COMMON","ANGRY","Lolla_Hurt_VO","0",,,,"375","9","TRUE",,,,,,,,"TRUE","AVAILABLE"
"emoji_lolla_happy",,,"sc/emoji_1.sc","emoji_lolla_happy","Duplicator",,,,"HAPPY","COMMON","HAPPY","Lolla_Kill_VO","5",,,,,,"TRUE",,,,,,,"TrophyRewardsDuplicator",,"NEVER"
"emoji_lolla_gg",,,"sc/emoji_1.sc","emoji_lolla_gg","Duplicator",,,,"SPECIAL","RARE","GG","Lolla_Lead_VO","2",,,,"750","19","TRUE",,,,,,,,,"AVAILABLE"
"emoji_lolla_phew",,,"sc/emoji_1.sc","emoji_lolla_phew","Duplicator",,,,"SPECIAL","EPIC","PHEW","Lolla_Die_VO","3",,,,"1500","39","TRUE",,,,,,,,,"AVAILABLE"
"emoji_lolla_sad",,,"sc/emoji_1.sc","emoji_lolla_sad","Duplicator",,,,"SAD","COMMON","SAD","Lolla_Die_VO","0",,,,"375","9","TRUE",,,,,,,,"TRUE","AVAILABLE"
"emoji_lolla_special",,,"sc/emoji_1.sc","emoji_lolla_special","Duplicator",,,,"SPECIAL","EPIC","SPECIAL","Lolla_Ulti_VO","0",,,,,,"TRUE",,,,,,,"TrophyRewardsDuplicator",,"NEVER"
"emoji_lolla_thanks",,,"sc/emoji_1.sc","emoji_lolla_thanks","Duplicator",,,,"SPECIAL","EPIC","THANKS","Lolla_Lead_VO","0",,,,"1500","39","TRUE",,,,,,,,,"AVAILABLE"
"emoji_lolla_clap",,,"sc/emoji_1.sc","emoji_lolla_clap","Duplicator",,,,"SPECIAL","RARE","CLAP","Colt_Pin_Clap","0",,,,"750","19","TRUE",,,,,,,,,"AVAILABLE"
"emoji_lolla_chola",,,"sc/emoji_1.sc","emoji_lolla_chola","Duplicator",,,,"SPECIAL","COLLECTORS","DEFAULT","Lolla_Start_VO","2",,,,,,"TRUE",,,,,,,,,"NEVER"
"emoji_lolla_chola_angry",,,"sc/emoji_1.sc","emoji_lolla_chola_angry","Duplicator",,,,"SPECIAL","COLLECTORS","ANGRY","Lolla_Hurt_VO","0",,,,,,"TRUE",,,,,,,,"TRUE","NEVER"
"emoji_lolla_chola_gg",,,"sc/emoji_1.sc","emoji_lolla_chola_gg","Duplicator",,,,"SPECIAL","COLLECTORS","GG","Lolla_Lead_VO","2",,,,,,"TRUE",,,,,,,,,"NEVER"
"emoji_lolla_chola_happy",,,"sc/emoji_1.sc","emoji_lolla_chola_happy","Duplicator",,,,"SPECIAL","COLLECTORS","HAPPY","Lolla_Kill_VO","5",,,,,,"TRUE",,,,,,,,,"NEVER"
"emoji_lolla_chola_phew",,,"sc/emoji_1.sc","emoji_lolla_chola_phew","Duplicator",,,,"SPECIAL","COLLECTORS","PHEW","Lolla_Die_VO","3",,,,,,"TRUE",,,,,,,,,"NEVER"
"emoji_lolla_chola_sad",,,"sc/emoji_1.sc","emoji_lolla_chola_sad","Duplicator",,,,"SPECIAL","COLLECTORS","SAD","Lolla_Die_VO","0",,,,,,"TRUE",,,,,,,,"TRUE","NEVER"
"emoji_lolla_chola_special",,,"sc/emoji_1.sc","emoji_lolla_chola_special","Duplicator",,,,"SPECIAL","COLLECTORS","SPECIAL","Lolla_Ulti_VO","0",,,,,,"TRUE",,,,,,,,,"NEVER"
"emoji_lolla_chola_thanks",,,"sc/emoji_1.sc","emoji_lolla_chola_thanks","Duplicator",,,,"SPECIAL","COLLECTORS","THANKS","Lolla_Lead_VO","0",,,,,,"TRUE",,,,,,,,,"NEVER"
"emoji_lolla_chola_clap",,,"sc/emoji_1.sc","emoji_lolla_chola_clap","Duplicator",,,,"SPECIAL","COLLECTORS","CLAP","Colt_Pin_Clap","0",,,,,,"TRUE",,,,,,,,,"NEVER"
"emoji_gene_brawloween",,,"sc/emoji_1.sc","emoji_gene_brawloween","HookDude",,,,"DEFAULT","COLLECTORS","DEFAULT","Gene_vo","2",,"Brawloween",,,,"TRUE",,,,,,,,,"NEVER"
"emoji_mrp_brawloween",,,"sc/emoji_1.sc","emoji_mrp_brawloween","SpawnerDude",,,,"DEFAULT","COLLECTORS","DEFAULT","Mrp_Lead_VO","1",,"Brawloween",,,,"TRUE",,,,,,,,,"NEVER"
"emoji_piper_brawloween",,,"sc/emoji_1.sc","emoji_piper_brawloween","Sniper",,,,"DEFAULT","COLLECTORS","DEFAULT","Piper_Start","0",,"Brawloween",,,,"TRUE",,,,,,,,,"NEVER"
"emoji_shelly_brawloween",,,"sc/emoji_1.sc","emoji_shelly_brawloween","ShotgunGirl",,,,"DEFAULT","COLLECTORS","DEFAULT","Shelly_Start","3",,"Brawloween",,,,"TRUE",,,,,,,,,"NEVER"
"emoji_squeak_brawloween",,,"sc/emoji_1.sc","emoji_squeak_brawloween","StickyBomb",,,,"DEFAULT","COLLECTORS","DEFAULT","Squeak_Start_VO","0",,"Brawloween",,,,"TRUE",,,,,,,,,"NEVER"
"emoji_leon_brawloween",,,"sc/emoji_1.sc","emoji_leon_brawloween","Ninja",,,,"DEFAULT","COLLECTORS","DEFAULT","Leon_start_vo","2",,"Brawloween",,,,"TRUE",,,,,,,,,"NEVER"
"emoji_stu_brawloween",,,"sc/emoji_1.sc","emoji_stu_brawloween","Roller",,,,"DEFAULT","COLLECTORS","DEFAULT","Stu_Start_VO","0",,"Brawloween",,,,"TRUE",,,,,,,,,"NEVER"
"emoji_pumpkin_brawloween",,,"sc/emoji_1.sc","emoji_pumpkin_brawloween",,,,,"HAPPY","COLLECTORS","SPECIAL",,,,,,,,"TRUE",,,,"BRAWLOWEEN",,,,,"NEVER"
"emoji_champie_singlesday",,,"sc/emoji_1.sc","emoji_champie_singlesday",,,,,"SPECIAL","COLLECTORS","SPECIAL",,,,"BSC2021",,,,"TRUE",,,,,,,,,"NEVER"
"emoji_grom",,,"sc/emoji_1.sc","emoji_grom","CrossBomber",,,,"DEFAULT","DEFAULT","DEFAULT","Grom_Ulti_VO","0",,,,,,"TRUE",,,,,,,,,"NEVER"
"emoji_grom_angry",,,"sc/emoji_1.sc","emoji_grom_angry","CrossBomber",,,,"ANGRY","COMMON","ANGRY","Grom_Hurt_VO","4",,,,"375","9","TRUE",,,,,,,,"TRUE","AVAILABLE"
"emoji_grom_happy",,,"sc/emoji_1.sc","emoji_grom_happy","CrossBomber",,,,"HAPPY","COMMON","HAPPY","Grom_Kill_VO","1",,,,,,"TRUE",,,,,,,"TrophyRewardsCrossBomber",,"NEVER"
"emoji_grom_gg",,,"sc/emoji_1.sc","emoji_grom_gg","CrossBomber",,,,"SPECIAL","RARE","GG","Grom_Start_VO","3",,,,"750","19","TRUE",,,,,,,,,"AVAILABLE"
"emoji_grom_phew",,,"sc/emoji_1.sc","emoji_grom_phew","CrossBomber",,,,"SPECIAL","EPIC","PHEW","Grom_Start_VO","1",,,,"1500","39","TRUE",,,,,,,,,"AVAILABLE"
"emoji_grom_sad",,,"sc/emoji_1.sc","emoji_grom_sad","CrossBomber",,,,"SAD","COMMON","SAD","Grom_Die_VO","4",,,,"375","9","TRUE",,,,,,,,"TRUE","AVAILABLE"
"emoji_grom_special",,,"sc/emoji_1.sc","emoji_grom_special","CrossBomber",,,,"SPECIAL","EPIC","SPECIAL","Grom_Start_VO","5",,,,,,"TRUE",,,,,,,"TrophyRewardsCrossBomber",,"NEVER"
"emoji_grom_thanks",,,"sc/emoji_1.sc","emoji_grom_thanks","CrossBomber",,,,"SPECIAL","EPIC","THANKS","Grom_Lead_VO","3",,,,"1500","39","TRUE",,,,,,,,,"AVAILABLE"
"emoji_grom_clap",,,"sc/emoji_1.sc","emoji_grom_clap","CrossBomber",,,,"SPECIAL","RARE","CLAP","Colt_Pin_Clap","0",,,,"750","19","TRUE",,,,,,,,,"AVAILABLE"
"emoji_brawlmas_wreath",,,"sc/emoji_1.sc","emoji_brawlmas_wreath",,,,,"HAPPY","COLLECTORS","SPECIAL",,,,,,,,"TRUE",,,,"BRAWLIDAYS",,,,,"NEVER"
"emoji_brawlmas_candle",,,"sc/emoji_1.sc","emoji_brawlmas_candle",,,,,"SPECIAL","COLLECTORS","SPECIAL",,,,,,,,"TRUE",,,,"BRAWLIDAYS",,,,,"NEVER"
"emoji_brawlmas_candy",,,"sc/emoji_1.sc","emoji_brawlmas_candy",,,,,"SPECIAL","COLLECTORS","SPECIAL",,,,,,,,"TRUE",,,,"BRAWLIDAYS",,,,,"NEVER"
"emoji_brawlmas_deer",,,"sc/emoji_1.sc","emoji_brawlmas_deer",,,,,"SPECIAL","COLLECTORS","SPECIAL","Colt_Pin_Clap","0",,,,,,"TRUE",,,,"BRAWLIDAYS",,,,,"NEVER"
"emoji_brawlmas_gingerbreadman",,,"sc/emoji_1.sc","emoji_brawlmas_gingerbreadman",,,,,"ANGRY","COLLECTORS","SPECIAL",,,,,,,,"TRUE",,,,"BRAWLIDAYS",,,,,"NEVER"
"emoji_brawlmas_snowmball",,,"sc/emoji_1.sc","emoji_brawlmas_snowmball",,,,,"SPECIAL","COLLECTORS","SPECIAL",,,,,,,,"TRUE",,,,"BRAWLIDAYS",,,,,"NEVER"
"emoji_bo_xmas",,,"sc/emoji_1.sc","emoji_bo_xmas","BowDude",,,,"DEFAULT","COLLECTORS","DEFAULT","Bo_ulti_vo","2",,"Brawlidays",,,,"TRUE",,,,,,,,,"NEVER"
"emoji_dynamike_xmas",,,"sc/emoji_1.sc","emoji_dynamike_xmas","TntDude",,,,"DEFAULT","COLLECTORS","DEFAULT","Tnt_guy_start_vo","2",,,,,,"TRUE",,,,,,,,,"NEVER"
"emoji_frank_xmas",,,"sc/emoji_1.sc","emoji_frank_xmas","HammerDude",,,,"DEFAULT","COLLECTORS","DEFAULT","Frank_vo","2",,"Brawlidays",,,,"TRUE",,,,,,,,,"NEVER"
"emoji_griff_xmas",,,"sc/emoji_1.sc","emoji_griff_xmas","AssaultShotgun",,,,"DEFAULT","COLLECTORS","DEFAULT","Griff_Ulti_VO","0",,"Brawlidays",,,,"TRUE",,,,,,,,,"NEVER"
"emoji_jacky_xmas",,,"sc/emoji_1.sc","emoji_jacky_xmas","Driller",,,,"DEFAULT","COLLECTORS","DEFAULT","Jackie_Ulti_VO","1",,"Brawlidays",,,,"TRUE",,,,,,,,,"NEVER"
"emoji_nita_xmas",,,"sc/emoji_1.sc","emoji_nita_xmas","Shaman",,,,"DEFAULT","COLLECTORS","DEFAULT","Nita_kill","1",,,,,,"TRUE",,,,,,,,,"NEVER"
"emoji_penny_xmas",,,"sc/emoji_1.sc","emoji_penny_xmas","ArtilleryDude",,,,"DEFAULT","COLLECTORS","DEFAULT","Penny_start","0",,,,,,"TRUE",,,,,,,,,"NEVER"
"emoji_spike_xmas",,,"sc/emoji_1.sc","emoji_spike_xmas","Cactus",,,,"DEFAULT","COLLECTORS","DEFAULT",,,,"Brawlidays",,,,"TRUE",,,,,,,,,"NEVER"
"emoji_tick_xmas",,,"sc/emoji_1.sc","emoji_tick_xmas","ClusterBombDude",,,,"DEFAULT","COLLECTORS","DEFAULT","Tick_vo_1","0",,"Brawlidays",,,,"TRUE",,,,,,,,,"NEVER"
"emoji_lou_stvalentines",,,"sc/emoji_1.sc","emoji_lou_stvalentines","IceDude",,,,"DEFAULT","COLLECTORS","DEFAULT",,,,"Brawlentines",,,,"TRUE",,,,,,,,,"NEVER"
"emoji_piper_stvalentines",,,"sc/emoji_1.sc","emoji_piper_stvalentines","Sniper",,,,"DEFAULT","COLLECTORS","DEFAULT","Piper_Start","0",,"Brawlentines",,,,"TRUE",,,,,,,,,"NEVER"
"emoji_poco_stvalentines",,,"sc/emoji_1.sc","emoji_poco_stvalentines","DeadMariachi",,,,"DEFAULT","COLLECTORS","DEFAULT","Poco_start","1",,"Brawlentines",,,,"TRUE",,,,,,,,,"NEVER"
"emoji_primo_stvalentines",,,"sc/emoji_1.sc","emoji_primo_stvalentines","Luchador",,,,"DEFAULT","COLLECTORS","DEFAULT","El_primo_start","1",,"Brawlentines",,,,"TRUE",,,,,,,,,"NEVER"
"emoji_lny_fan",,,"sc/emoji_1.sc","emoji_lny_fan",,,,,"HAPPY","COLLECTORS","SPECIAL",,,,,,"1500","39","TRUE",,,,"LNY",,,,,"AVAILABLE"
"emoji_lny_flower",,,"sc/emoji_1.sc","emoji_lny_flower",,,,,"SPECIAL","COLLECTORS","SPECIAL",,,,,,"1500","39","TRUE",,,,"LNY",,,,,"AVAILABLE"
"emoji_lny_kite",,,"sc/emoji_1.sc","emoji_lny_kite",,,,,"SPECIAL","COLLECTORS","SPECIAL",,,,,,"1500","39","TRUE",,,,"LNY",,,,,"AVAILABLE"
"emoji_lny_pocket",,,"sc/emoji_1.sc","emoji_lny_pocket",,,,,"SPECIAL","COLLECTORS","SPECIAL",,,,,,"1500","39","TRUE",,,,"LNY",,,,,"AVAILABLE"
"emoji_lny_tiger",,,"sc/emoji_1.sc","emoji_lny_tiger",,,,,"SPECIAL","COLLECTORS","SPECIAL",,,,,,"1500","39","TRUE",,,,"LNY",,,,,"AVAILABLE"
"emoji_fang",,,"sc/emoji_1.sc","emoji_fang","KickerDude",,,,"DEFAULT","DEFAULT","DEFAULT","Fang_Start_VO","2",,,,,,"TRUE",,,,,,,,,"NEVER"
"emoji_fang_angry",,,"sc/emoji_1.sc","emoji_fang_angry","KickerDude",,,,"ANGRY","COMMON","ANGRY","Fang_Hurt_VO","1",,,,"375","9","TRUE",,,,,,,,"TRUE","AVAILABLE"
"emoji_fang_happy",,,"sc/emoji_1.sc","emoji_fang_happy","KickerDude",,,,"HAPPY","COMMON","HAPPY","Fang_Start_VO","1",,,,,,"TRUE",,,,,,,"TrophyRewardsKickerDude",,"NEVER"
"emoji_fang_gg",,,"sc/emoji_1.sc","emoji_fang_gg","KickerDude",,,,"SPECIAL","RARE","GG","Fang_Lead_VO","5",,,,"750","19","TRUE",,,,,,,,,"AVAILABLE"
"emoji_fang_phew",,,"sc/emoji_1.sc","emoji_fang_phew","KickerDude",,,,"SPECIAL","EPIC","PHEW","Fang_Hurt_VO","4",,,,"1500","39","TRUE",,,,,,,,,"AVAILABLE"
"emoji_fang_sad",,,"sc/emoji_1.sc","emoji_fang_sad","KickerDude",,,,"SAD","COMMON","SAD","Fang_Die_VO","1",,,,"375","9","TRUE",,,,,,,,"TRUE","AVAILABLE"
"emoji_fang_special",,,"sc/emoji_1.sc","emoji_fang_special","KickerDude",,,,"SPECIAL","EPIC","SPECIAL","Fang_Ulti_VO","4",,,,,,"TRUE",,,,,,,"TrophyRewardsKickerDude",,"NEVER"
"emoji_fang_thanks",,,"sc/emoji_1.sc","emoji_fang_thanks","KickerDude",,,,"SPECIAL","EPIC","THANKS","Fang_Lead_VO","3",,,,"1500","39","TRUE",,,,,,,,,"AVAILABLE"
"emoji_fang_clap",,,"sc/emoji_1.sc","emoji_fang_clap","KickerDude",,,,"SPECIAL","RARE","CLAP","Colt_Pin_Clap","0",,,,"750","19","TRUE",,,,,,,,,"AVAILABLE"
"emoji_grom_challenge_angry",,,"sc/emoji_1.sc","emoji_grom_challenge_angry",,,,,"ANGRY","COLLECTORS","SPECIAL",,,,,,"1500","39","TRUE",,,,"MISC",,,,"TRUE","AVAILABLE"
"emoji_grom_challenge_special",,,"sc/emoji_1.sc","emoji_grom_challenge_special",,,,,"SPECIAL","COLLECTORS","SPECIAL",,,,,,"1500","39","TRUE",,,,"MISC",,,,,"AVAILABLE"
"emoji_fang_sayan",,,"sc/emoji_1.sc","emoji_fang_sayan","KickerDude",,,,"SPECIAL","COLLECTORS","DEFAULT","Fang_Start_VO","2",,,,,,"TRUE",,,,,,,,,"NEVER"
"emoji_fang_sayan_angry",,,"sc/emoji_1.sc","emoji_fang_sayan_angry","KickerDude",,,,"SPECIAL","COLLECTORS","ANGRY","Fang_Hurt_VO","1",,,,,,"TRUE",,,,,,,,"TRUE","NEVER"
"emoji_fang_sayan_happy",,,"sc/emoji_1.sc","emoji_fang_sayan_happy","KickerDude",,,,"SPECIAL","COLLECTORS","HAPPY","Fang_Start_VO","1",,,,,,"TRUE",,,,,,,,,"NEVER"
"emoji_fang_sayan_gg",,,"sc/emoji_1.sc","emoji_fang_sayan_gg","KickerDude",,,,"SPECIAL","COLLECTORS","GG","Fang_Lead_VO","5",,,,,,"TRUE",,,,,,,,,"NEVER"
"emoji_fang_sayan_phew",,,"sc/emoji_1.sc","emoji_fang_sayan_phew","KickerDude",,,,"SPECIAL","COLLECTORS","PHEW","Fang_Hurt_VO","4",,,,,,"TRUE",,,,,,,,,"NEVER"
"emoji_fang_sayan_sad",,,"sc/emoji_1.sc","emoji_fang_sayan_sad","KickerDude",,,,"SPECIAL","COLLECTORS","SAD","Fang_Die_VO","1",,,,,,"TRUE",,,,,,,,"TRUE","NEVER"
"emoji_fang_sayan_special",,,"sc/emoji_1.sc","emoji_fang_sayan_special","KickerDude",,,,"SPECIAL","COLLECTORS","SPECIAL","Fang_Ulti_VO","4",,,,,,"TRUE",,,,,,,,,"NEVER"
"emoji_fang_sayan_thanks",,,"sc/emoji_1.sc","emoji_fang_sayan_thanks","KickerDude",,,,"SPECIAL","COLLECTORS","THANKS","Fang_Lead_VO","3",,,,,,"TRUE",,,,,,,,,"NEVER"
"emoji_fang_sayan_clap",,,"sc/emoji_1.sc","emoji_fang_sayan_clap","KickerDude",,,,"SPECIAL","COLLECTORS","CLAP","Colt_Pin_Clap","0",,,,,,"TRUE",,,,,,,,,"NEVER"
"emoji_brawlie",,,"sc/emoji_1.sc","emoji_brawlie",,,,,"HAPPY","COLLECTORS","SPECIAL",,,,,,,,"TRUE",,,,,,,,,"NEVER"
"emoji_primo_stvalentines_special",,,"sc/emoji_1.sc","emoji_primo_stvalentines_special",,,,,"SPECIAL","COLLECTORS","SPECIAL",,,,,,"1500","39","TRUE",,,,"BRAWLENTINES",,,,,"AVAILABLE"
"emoji_primo_LNY2022",,,"sc/emoji_1.sc","emoji_primo_LNY2022","Luchador",,,,"DEFAULT","COLLECTORS","DEFAULT","El_primo_start","2",,"Lny22",,,,"TRUE",,,,,,,,,"NEVER"
"emoji_barley_LNY2022",,,"sc/emoji_1.sc","emoji_barley_LNY2022","Barkeep",,,,"DEFAULT","COLLECTORS","DEFAULT","Barley_Start","1",,"Lny22",,,,"TRUE",,,,,,,,,"NEVER"
"emoji_nita_LNY2022",,,"sc/emoji_1.sc","emoji_nita_LNY2022","Shaman",,,,"DEFAULT","COLLECTORS","DEFAULT","Nita_kill","1",,"Lny22",,,,"TRUE",,,,,,,,,"NEVER"
"emoji_edgar_LNY2022",,,"sc/emoji_1.sc","emoji_edgar_LNY2022","Enrager",,,,"DEFAULT","COLLECTORS","DEFAULT","Edgar_Start_VO","0",,"Lny22",,,,"TRUE",,,,,,,,,"NEVER"
"emoji_rosa_LNY2022",,,"sc/emoji_1.sc","emoji_rosa_LNY2022","Rosa",,,,"DEFAULT","COLLECTORS","DEFAULT","Rosa_start","1",,"Lny22",,,,"TRUE",,,,,,,,,"NEVER"
"emoji_matcherino",,,"sc/emoji_1.sc","emoji_matcherino",,,,,"DEFAULT","COLLECTORS","SPECIAL",,,,,,,,"TRUE",,,,,,,,,"NEVER"
"emoji_esports22_edgar",,,"sc/emoji_1.sc","emoji_esports22_edgar",,,,,"SPECIAL","COLLECTORS","SPECIAL",,,,,,,,"TRUE",,,,,,,,,"NEVER"
"emoji_esports22_sprout",,,"sc/emoji_1.sc","emoji_esports22_sprout",,,,,"SPECIAL","COLLECTORS","SPECIAL",,,,,,,,"TRUE",,,,,,,,,"NEVER"
"emoji_esports22_rosa",,,"sc/emoji_1.sc","emoji_esports22_rosa",,,,,"SPECIAL","COLLECTORS","SPECIAL",,,,,,,,"TRUE",,,,,,,,,"NEVER"
"emoji_eve",,,"sc/emoji_1.sc","emoji_eve","Flea",,,,"DEFAULT","DEFAULT","DEFAULT","Flea_Start_VO","0",,,,,,"TRUE",,,,,,,,,"NEVER"
"emoji_eve_angry",,,"sc/emoji_1.sc","emoji_eve_angry","Flea",,,,"ANGRY","COMMON","ANGRY","Flea_Hurt_VO","0",,,,"375","9","TRUE",,,,,,,,"TRUE","AVAILABLE"
"emoji_eve_happy",,,"sc/emoji_1.sc","emoji_eve_happy","Flea",,,,"HAPPY","COMMON","HAPPY","Flea_Kill_VO","5",,,,,,"TRUE",,,,,,,"TrophyRewardsFlea",,"NEVER"
"emoji_eve_gg",,,"sc/emoji_1.sc","emoji_eve_gg","Flea",,,,"SPECIAL","RARE","GG","Flea_Ulti_VO","8",,,,"750","19","TRUE",,,,,,,,,"AVAILABLE"
"emoji_eve_phew",,,"sc/emoji_1.sc","emoji_eve_phew","Flea",,,,"SPECIAL","EPIC","PHEW","Flea_Hurt_VO","3",,,,"1500","39","TRUE",,,,,,,,,"AVAILABLE"
"emoji_eve_sad",,,"sc/emoji_1.sc","emoji_eve_sad","Flea",,,,"SAD","COMMON","SAD","Flea_Die_VO","0",,,,"375","9","TRUE",,,,,,,,"TRUE","AVAILABLE"
"emoji_eve_special",,,"sc/emoji_1.sc","emoji_eve_special","Flea",,,,"SPECIAL","EPIC","SPECIAL","Flea_Start_VO","5",,,,,,"TRUE",,,,,,,"TrophyRewardsFlea",,"NEVER"
"emoji_eve_thanks",,,"sc/emoji_1.sc","emoji_eve_thanks","Flea",,,,"SPECIAL","EPIC","THANKS","Flea_Ulti_VO","4",,,,"1500","39","TRUE",,,,,,,,,"AVAILABLE"
"emoji_eve_clap",,,"sc/emoji_1.sc","emoji_eve_clap","Flea",,,,"SPECIAL","RARE","CLAP","Colt_Pin_Clap","0",,,,"750","19","TRUE",,,,,,,,,"AVAILABLE"
"emoji_eve_cactus",,,"sc/emoji_1.sc","emoji_eve_cactus","Flea",,,,"SPECIAL","COLLECTORS","DEFAULT","Flea_Start_VO","0",,,,,,"TRUE",,,,,,,,,"NEVER"
"emoji_eve_cactus_angry",,,"sc/emoji_1.sc","emoji_eve_cactus_angry","Flea",,,,"SPECIAL","COLLECTORS","ANGRY","Flea_Hurt_VO","0",,"Eve_cactus",,,,"TRUE",,,,,,,,"TRUE","NEVER"
"emoji_eve_cactus_happy",,,"sc/emoji_1.sc","emoji_eve_cactus_happy","Flea",,,,"SPECIAL","COLLECTORS","HAPPY","Flea_Kill_VO","5",,"Eve_cactus",,,,"TRUE",,,,,,,,,"NEVER"
"emoji_eve_cactus_gg",,,"sc/emoji_1.sc","emoji_eve_cactus_gg","Flea",,,,"SPECIAL","COLLECTORS","GG","Flea_Ulti_VO","8",,"Eve_cactus",,,,"TRUE",,,,,,,,,"NEVER"
"emoji_eve_cactus_phew",,,"sc/emoji_1.sc","emoji_eve_cactus_phew","Flea",,,,"SPECIAL","COLLECTORS","PHEW","Flea_Hurt_VO","3",,"Eve_cactus",,,,"TRUE",,,,,,,,,"NEVER"
"emoji_eve_cactus_sad",,,"sc/emoji_1.sc","emoji_eve_cactus_sad","Flea",,,,"SPECIAL","COLLECTORS","SAD","Flea_Die_VO","0",,"Eve_cactus",,,,"TRUE",,,,,,,,"TRUE","NEVER"
"emoji_eve_cactus_special",,,"sc/emoji_1.sc","emoji_eve_cactus_special","Flea",,,,"SPECIAL","COLLECTORS","SPECIAL","Flea_Start_VO","5",,"Eve_cactus",,,,"TRUE",,,,,,,,,"NEVER"
"emoji_eve_cactus_thanks",,,"sc/emoji_1.sc","emoji_eve_cactus_thanks","Flea",,,,"SPECIAL","COLLECTORS","THANKS","Flea_Ulti_VO","4",,"Eve_cactus",,,,"TRUE",,,,,,,,,"NEVER"
"emoji_eve_cactus_clap",,,"sc/emoji_1.sc","emoji_eve_cactus_clap","Flea",,,,"SPECIAL","COLLECTORS","CLAP","Colt_Pin_Clap","0",,"Eve_cactus",,,,"TRUE",,,,,,,,,"NEVER"
"emoji_matcherino_win",,,"sc/emoji_1.sc","emoji_matcherino_win",,,,,"HAPPY","COLLECTORS","SPECIAL",,,,,,,,"TRUE",,,,,,,,,"NEVER"
"emoji_ramadan_special",,,"sc/emoji_1.sc","emoji_ramadan_special",,,,,"SPECIAL","COLLECTORS","SPECIAL",,,,,,"1500","39","TRUE",,,,"LANTERN",,,,,"AVAILABLE"
"emoji_bo_biodome",,,"sc/emoji_1.sc","emoji_bo_biodome","BowDude",,,,"DEFAULT","COLLECTORS","DEFAULT","Bo_start","1",,,,,,"TRUE",,,,,,,,,"NEVER"
"emoji_edgar_biodome",,,"sc/emoji_1.sc","emoji_edgar_biodome","Enrager",,,,"DEFAULT","COLLECTORS","DEFAULT","Edgar_Start_VO","0",,"Biodome",,,,"TRUE",,,,,,,,,"NEVER"
"emoji_belle_biodome",,,"sc/emoji_1.sc","emoji_belle_biodome","ElectroSniper",,,,"DEFAULT","COLLECTORS","DEFAULT","Belle_Start_VO","1",,"Biodome",,,,"TRUE",,,,,,,,,"NEVER"
"emoji_meg_biodome",,,"sc/emoji_1.sc","emoji_meg_biodome","MechaDude",,,,"DEFAULT","COLLECTORS","DEFAULT","Meg_start_vo","5",,"Biodome",,,,"TRUE",,,,,,,,,"NEVER"
"emoji_mrp_biodome",,,"sc/emoji_1.sc","emoji_mrp_biodome","SpawnerDude",,,,"DEFAULT","COLLECTORS","DEFAULT","Mrp_Lead_VO","0",,"Biodome",,,,"TRUE",,,,,,,,,"NEVER"
"emoji_rosa_biodome",,,"sc/emoji_1.sc","emoji_rosa_biodome","Rosa",,,,"DEFAULT","COLLECTORS","DEFAULT","Rosa_start","1",,"Biodome",,,,"TRUE",,,,,,,,,"NEVER"
"emoji_sprout_biodome",,,"sc/emoji_1.sc","emoji_sprout_biodome","Wally",,,,"DEFAULT","COLLECTORS","DEFAULT","Sprout_Start_VO","1",,"Biodome",,,,"TRUE",,,,,,,,,"NEVER"
"emoji_rico_biodome",,,"sc/emoji_1.sc","emoji_rico_biodome","TrickshotDude",,,,"DEFAULT","COLLECTORS","DEFAULT","Rick_start","0",,"Biodome",,,,"TRUE",,,,,,,,,"NEVER"
"emoji_grom_easter",,,"sc/emoji_1.sc","emoji_grom_easter",,,,,"HAPPY","COLLECTORS","SPECIAL",,,,,,,,"TRUE",,,,"BUNNY_BRIGADE",,,,,"NEVER"
"emoji_aprilfools",,,"sc/emoji_1.sc","emoji_aprilfools",,,,,"HAPPY","COLLECTORS","SPECIAL",,,,,,,,"TRUE",,,,"APRILFOOLS",,,,,"NEVER"
"emoji_janet",,,"sc/emoji_1.sc","emoji_janet","JetpackGirl",,,,"DEFAULT","DEFAULT","DEFAULT","Janet_Start_VO","0",,,,,,"TRUE",,,,,,,,,"NEVER"
"emoji_janet_angry",,,"sc/emoji_1.sc","emoji_janet_angry","JetpackGirl",,,,"ANGRY","COMMON","ANGRY","Janet_Hurt_VO","3",,,,"375","9","TRUE",,,,,,,,"TRUE","AVAILABLE"
"emoji_janet_happy",,,"sc/emoji_1.sc","emoji_janet_happy","JetpackGirl",,,,"HAPPY","COMMON","HAPPY","Janet_Kill_VO","4",,,,,,"TRUE",,,,,,,"TrophyRewardsJetpackGirl",,"NEVER"
"emoji_janet_gg",,,"sc/emoji_1.sc","emoji_janet_gg","JetpackGirl",,,,"SPECIAL","RARE","GG","Janet_Lead_VO","2",,,,"750","19","TRUE",,,,,,,,,"AVAILABLE"
"emoji_janet_phew",,,"sc/emoji_1.sc","emoji_janet_phew","JetpackGirl",,,,"SPECIAL","EPIC","PHEW","Janet_Hurt_VO","0",,,,"1500","39","TRUE",,,,,,,,,"AVAILABLE"
"emoji_janet_sad",,,"sc/emoji_1.sc","emoji_janet_sad","JetpackGirl",,,,"SAD","COMMON","SAD","Janet_Hurt_VO","5",,,,"375","9","TRUE",,,,,,,,"TRUE","AVAILABLE"
"emoji_janet_special",,,"sc/emoji_1.sc","emoji_janet_special","JetpackGirl",,,,"SPECIAL","EPIC","SPECIAL","Janet_Lead_VO","5",,,,,,"TRUE",,,,,,,"TrophyRewardsJetpackGirl",,"NEVER"
"emoji_janet_thanks",,,"sc/emoji_1.sc","emoji_janet_thanks","JetpackGirl",,,,"SPECIAL","EPIC","THANKS","Janet_Ulti_VO","2",,,,"1500","39","TRUE",,,,,,,,,"AVAILABLE"
"emoji_janet_clap",,,"sc/emoji_1.sc","emoji_janet_clap","JetpackGirl",,,,"SPECIAL","RARE","CLAP","Colt_Pin_Clap","0",,,,"750","19","TRUE",,,,,,,,,"AVAILABLE"
"emoji_esports22_sprout_zzz",,,"sc/emoji_1.sc","emoji_esports22_sprout_zzz",,,,,"SPECIAL","COLLECTORS","SPECIAL",,,,,,,,"TRUE",,,,,,,,,"NEVER"
"emoji_bonnie",,,"sc/emoji_1.sc","emoji_bonnie","CannonGirl",,,,"DEFAULT","DEFAULT","DEFAULT","Bonnie_Start_VO","1",,,,,,"TRUE",,,,,,,,,"NEVER"
"emoji_bonnie_angry",,,"sc/emoji_1.sc","emoji_bonnie_angry","CannonGirl",,,,"ANGRY","COMMON","ANGRY","Bonnie_Hurt_VO","2",,,,"375","9","TRUE",,,,,,,,"TRUE","AVAILABLE"
"emoji_bonnie_happy",,,"sc/emoji_1.sc","emoji_bonnie_happy","CannonGirl",,,,"HAPPY","COMMON","HAPPY","Bonnie_Ulti_VO","2",,,,,,"TRUE",,,,,,,"TrophyRewardsCannonGirl",,"NEVER"
"emoji_bonnie_gg",,,"sc/emoji_1.sc","emoji_bonnie_gg","CannonGirl",,,,"SPECIAL","RARE","GG","Bonnie_Lead_VO","3",,,,"750","19","TRUE",,,,,,,,,"AVAILABLE"
"emoji_bonnie_phew",,,"sc/emoji_1.sc","emoji_bonnie_phew","CannonGirl",,,,"SPECIAL","EPIC","PHEW","Bonnie_Hurt_VO","3",,,,"1500","39","TRUE",,,,,,,,,"AVAILABLE"
"emoji_bonnie_sad",,,"sc/emoji_1.sc","emoji_bonnie_sad","CannonGirl",,,,"SAD","COMMON","SAD","Bonnie_Die_VO","5",,,,"375","9","TRUE",,,,,,,,"TRUE","AVAILABLE"
"emoji_bonnie_special",,,"sc/emoji_1.sc","emoji_bonnie_special","CannonGirl",,,,"SPECIAL","EPIC","SPECIAL","Bonnie_Start_VO","7",,,,,,"TRUE",,,,,,,"TrophyRewardsCannonGirl",,"NEVER"
"emoji_bonnie_thanks",,,"sc/emoji_1.sc","emoji_bonnie_thanks","CannonGirl",,,,"SPECIAL","EPIC","THANKS","Bonnie_Ulti_VO","3",,,,"1500","39","TRUE",,,,,,,,,"AVAILABLE"
"emoji_bonnie_clap",,,"sc/emoji_1.sc","emoji_bonnie_clap","CannonGirl",,,,"SPECIAL","RARE","CLAP","Colt_Pin_Clap","0",,,,"750","19","TRUE",,,,,,,,,"AVAILABLE"
"emoji_janet_valkyrie",,,"sc/emoji_1.sc","emoji_janet_valkyrie","JetpackGirl",,,,"SPECIAL","COLLECTORS","DEFAULT","Janet_Start_VO","0",,,,,,"TRUE",,,,,,,,,"NEVER"
"emoji_janet_valkyrie_angry",,,"sc/emoji_1.sc","emoji_janet_valkyrie_angry","JetpackGirl",,,,"SPECIAL","COLLECTORS","ANGRY","Janet_Hurt_VO","3",,"Janet_valkyrie",,,,"TRUE",,,,,,,,"TRUE","NEVER"
"emoji_janet_valkyrie_happy",,,"sc/emoji_1.sc","emoji_janet_valkyrie_happy","JetpackGirl",,,,"SPECIAL","COLLECTORS","HAPPY","Janet_Kill_VO","4",,"Janet_valkyrie",,,,"TRUE",,,,,,,,,"NEVER"
"emoji_janet_valkyrie_gg",,,"sc/emoji_1.sc","emoji_janet_valkyrie_gg","JetpackGirl",,,,"SPECIAL","COLLECTORS","GG","Janet_Lead_VO","2",,"Janet_valkyrie",,,,"TRUE",,,,,,,,,"NEVER"
"emoji_janet_valkyrie_phew",,,"sc/emoji_1.sc","emoji_janet_valkyrie_phew","JetpackGirl",,,,"SPECIAL","COLLECTORS","PHEW","Janet_Hurt_VO","0",,"Janet_valkyrie",,,,"TRUE",,,,,,,,,"NEVER"
"emoji_janet_valkyrie_sad",,,"sc/emoji_1.sc","emoji_janet_valkyrie_sad","JetpackGirl",,,,"SPECIAL","COLLECTORS","SAD","Janet_Hurt_VO","5",,"Janet_valkyrie",,,,"TRUE",,,,,,,,"TRUE","NEVER"
"emoji_janet_valkyrie_special",,,"sc/emoji_1.sc","emoji_janet_valkyrie_special","JetpackGirl",,,,"SPECIAL","COLLECTORS","SPECIAL","Janet_Lead_VO","5",,"Janet_valkyrie",,,,"TRUE",,,,,,,,,"NEVER"
"emoji_janet_valkyrie_thanks",,,"sc/emoji_1.sc","emoji_janet_valkyrie_thanks","JetpackGirl",,,,"SPECIAL","COLLECTORS","THANKS","Janet_Ulti_VO","2",,"Janet_valkyrie",,,,"TRUE",,,,,,,,,"NEVER"
"emoji_janet_valkyrie_clap",,,"sc/emoji_1.sc","emoji_janet_valkyrie_clap","JetpackGirl",,,,"SPECIAL","COLLECTORS","CLAP","Colt_Pin_Clap","0",,"Janet_valkyrie",,,,"TRUE",,,,,,,,,"NEVER"
"emoji_esports22_tara_angry",,,"sc/emoji_1.sc","emoji_esports22_tara_angry",,,,,"SPECIAL","COLLECTORS","SPECIAL",,,,,,,,"TRUE",,,,,,,,"TRUE","NEVER"
"emoji_esports22_belle_thanks",,,"sc/emoji_1.sc","emoji_esports22_belle_thanks",,,,,"SPECIAL","COLLECTORS","SPECIAL",,,,,,,,"TRUE",,,,,,,,,"NEVER"
"emoji_esports22_buzz_sad",,,"sc/emoji_1.sc","emoji_esports22_buzz_sad",,,,,"SPECIAL","COLLECTORS","SPECIAL",,,,,,,,"TRUE",,,,,,,,"TRUE","NEVER"
"emoji_spike_stunt",,,"sc/emoji_1.sc","emoji_spike_stunt","Cactus",,,,"DEFAULT","COLLECTORS","DEFAULT",,,,"Stuntshow",,,,"TRUE",,,,,,,,,"NEVER"
"emoji_carl_stunt",,,"sc/emoji_1.sc","emoji_carl_stunt","Whirlwind",,,,"DEFAULT","COLLECTORS","DEFAULT","Carl_start_vo","0",,"Stuntshow",,,,"TRUE",,,,,,,,,"NEVER"
"emoji_darryl_stunt",,,"sc/emoji_1.sc","emoji_darryl_stunt","BarrelBot",,,,"DEFAULT","COLLECTORS","DEFAULT","Darryl_Start_VO","3",,,,,,"TRUE",,,,,,,,,"NEVER"
"emoji_meg_stunt",,,"sc/emoji_1.sc","emoji_meg_stunt","MechaDude",,,,"DEFAULT","COLLECTORS","DEFAULT","Meg_start_vo","5",,"Stuntshow",,,,"TRUE",,,,,,,,,"NEVER"
"emoji_byron_starrforce",,,"sc/emoji_1.sc","emoji_byron_starrforce","SnakeOil",,,,"DEFAULT","COLLECTORS","DEFAULT","Snakeoil_Start_VO","0",,"Villains",,,,"TRUE",,,,,,,,,"NEVER"
"emoji_lolla_starrforce",,,"sc/emoji_1.sc","emoji_lolla_starrforce","Duplicator",,,,"DEFAULT","COLLECTORS","DEFAULT","Lolla_Start_VO","2",,"Villains",,,,"TRUE",,,,,,,,,"NEVER"
"emoji_bonnie_starrforce",,,"sc/emoji_1.sc","emoji_bonnie_starrforce","CannonGirl",,,,"DEFAULT","COLLECTORS","DEFAULT","Bonnie_Start_VO","1",,"Villains",,,,"TRUE",,,,,,,,,"NEVER"
"emoji_tara_ramadan",,,"sc/emoji_1.sc","emoji_tara_ramadan","BlackHole",,,,"DEFAULT","COLLECTORS","DEFAULT","Tara_start_vo","0",,,,,,"TRUE",,,,,,,,,"NEVER"
"emoji_mrp_goldenweek",,,"sc/emoji_1.sc","emoji_mrp_goldenweek","SpawnerDude",,,,"DEFAULT","COLLECTORS","DEFAULT","Mrp_Lead_VO","1",,"Goldenweek",,,,"TRUE",,,,,,,,,"NEVER"
"emoji_noodles_angry",,,"sc/emoji_1.sc","emoji_noodles_angry",,,,,"SPECIAL","COLLECTORS","SPECIAL",,,,,,"1500","39","TRUE",,,,"GOLDENWEEK",,,,"TRUE","AVAILABLE"
"emoji_noodles_happy",,,"sc/emoji_1.sc","emoji_noodles_happy",,,,,"SPECIAL","COLLECTORS","SPECIAL",,,,,,"1500","39","TRUE",,,,"GOLDENWEEK",,,,,"AVAILABLE"
"emoji_noodles_thanks",,,"sc/emoji_1.sc","emoji_noodles_thanks",,,,,"SPECIAL","COLLECTORS","SPECIAL",,,,,,"1500","39","TRUE",,,,"GOLDENWEEK",,,,,"AVAILABLE"
"emoji_nita_gw",,,"sc/emoji_1.sc","emoji_nita_gw","Shaman",,,,"DEFAULT","COLLECTORS","DEFAULT","Nita_start","0",,"Goldenweek",,,,"TRUE",,,,,,,,,"NEVER"
"emoji_bea_gw",,,"sc/emoji_1.sc","emoji_bea_gw","BeeSniper",,,,"DEFAULT","COLLECTORS","DEFAULT","Bea_Start_VO","0",,"Goldenweek",,,,"TRUE",,,,,,,,,"NEVER"
"emoji_bea_gold_gw",,,"sc/emoji_1.sc","emoji_bea_gold_gw","BeeSniper",,,,"DEFAULT","COLLECTORS","DEFAULT","Bea_Start_VO","0",,"Goldenweek",,,,"TRUE",,,,,,,,,"NEVER"
"emoji_jessie_gw",,,"sc/emoji_1.sc","emoji_jessie_gw","Mechanic",,,,"DEFAULT","COLLECTORS","DEFAULT","Jess_start","0",,"Goldenweek",,,,"TRUE",,,,,,,,,"NEVER"
"emoji_emoji_mrp_goldenweek_special",,,"sc/emoji_1.sc","emoji_mrp_goldenweek_special","SpawnerDude",,,,"DEFAULT","COLLECTORS","DEFAULT","Mrp_Lead_VO","1",,,,,,"TRUE",,,,,,,,,"NEVER"
"emoji_spike_sakura",,,"sc/emoji_1.sc","emoji_spike_sakura","Cactus",,,,"DEFAULT","COLLECTORS","DEFAULT",,,,,,,,"TRUE",,,,,,,,,"NEVER"
"emoji_esports22_chaoscup",,,"sc/emoji_1.sc","emoji_esports22_chaoscup",,,,,"SPECIAL","COLLECTORS","SPECIAL",,,,,,,,"TRUE",,,,,,,,,"NEVER"
"emoji_otto",,,"sc/emoji_1.sc","emoji_otto","Silencer",,,,"DEFAULT","DEFAULT","DEFAULT","Otis_Start_VO","0",,,,,,"TRUE",,,,,,,,,"NEVER"
"emoji_otto_angry",,,"sc/emoji_1.sc","emoji_otto_angry","Silencer",,,,"ANGRY","COMMON","ANGRY","Otis_Hurt_VO","4",,,,"375","9","TRUE",,,,,,,,"TRUE","AVAILABLE"
"emoji_otto_happy",,,"sc/emoji_1.sc","emoji_otto_happy","Silencer",,,,"HAPPY","COMMON","HAPPY","Otis_Kill_VO","0",,,,,,"TRUE",,,,,,,"TrophyRewardsSilencer",,"NEVER"
"emoji_otto_gg",,,"sc/emoji_1.sc","emoji_otto_gg","Silencer",,,,"SPECIAL","RARE","GG","Otis_Start_VO","3",,,,"750","19","TRUE",,,,,,,,,"AVAILABLE"
"emoji_otto_phew",,,"sc/emoji_1.sc","emoji_otto_phew","Silencer",,,,"SPECIAL","EPIC","PHEW","Otis_Hurt_VO","2",,,,"1500","39","TRUE",,,,,,,,,"AVAILABLE"
"emoji_otto_sad",,,"sc/emoji_1.sc","emoji_otto_sad","Silencer",,,,"SAD","COMMON","SAD","Otis_Die_VO","3",,,,"375","9","TRUE",,,,,,,,"TRUE","AVAILABLE"
"emoji_otto_special",,,"sc/emoji_1.sc","emoji_otto_special","Silencer",,,,"SPECIAL","EPIC","SPECIAL","Otis_Start_VO","1",,,,,,"TRUE",,,,,,,"TrophyRewardsSilencer",,"NEVER"
"emoji_otto_thanks",,,"sc/emoji_1.sc","emoji_otto_thanks","Silencer",,,,"SPECIAL","EPIC","THANKS","Otis_Start_VO","2",,,,"1500","39","TRUE",,,,,,,,,"AVAILABLE"
"emoji_otto_clap",,,"sc/emoji_1.sc","emoji_otto_clap","Silencer",,,,"SPECIAL","RARE","CLAP","Colt_Pin_Clap","0",,,,"750","19","TRUE",,,,,,,,,"AVAILABLE"
"emoji_hayday_special",,,"sc/emoji_1.sc","emoji_hayday_special",,,,,"SPECIAL","COLLECTORS","SPECIAL",,,,,,,,"TRUE",,,,"CLASHIP",,,,,"NEVER"
"emoji_coc_special",,,"sc/emoji_1.sc","emoji_coc_special",,,,,"SPECIAL","COLLECTORS","SPECIAL",,,,,,,,"TRUE",,,,"CLASHIP",,,,,"NEVER"
"emoji_edgar_bt21",,"-1","sc/emoji_1.sc","emoji_edgar_bt21","Enrager",,,,"DEFAULT","COLLECTORS","DEFAULT","Edgar_Start_VO","4",,,,,,"TRUE",,,,,,,,,"NEVER"
"emoji_tick_bt21",,"-1","sc/emoji_1.sc","emoji_tick_bt21","ClusterBombDude",,,,"DEFAULT","COLLECTORS","DEFAULT","Tick_vo_1","0",,,,,,"TRUE",,,,,,,,,"NEVER"
"emoji_sandy_bt21",,"-1","sc/emoji_1.sc","emoji_sandy_bt21","Sandstorm",,,,"DEFAULT","COLLECTORS","DEFAULT","Sandy_start_vo","0",,,,,,"TRUE",,,,,,,,,"NEVER"
"emoji_ruffs_bt21",,"-1","sc/emoji_1.sc","emoji_ruffs_bt21","Ruffs",,,,"DEFAULT","COLLECTORS","DEFAULT","Ruff_Start_VO","3",,,,,,"TRUE",,,,,,,,,"NEVER"
"emoji_jacky_bt21",,"-1","sc/emoji_1.sc","emoji_jacky_bt21","Driller",,,,"DEFAULT","COLLECTORS","DEFAULT","Jackie_Start_VO","0",,,,,,"TRUE",,,,,,,,,"NEVER"
"emoji_bull_bt21",,"-1","sc/emoji_1.sc","emoji_bull_bt21","BullDude",,,,"DEFAULT","COLLECTORS","DEFAULT","Bull_start","2",,,,,,"TRUE",,,,,,,,,"NEVER"
"emoji_bibi_bt21",,"-1","sc/emoji_1.sc","emoji_bibi_bt21","Baseball",,,,"DEFAULT","COLLECTORS","DEFAULT","Bibi_kill_vo","1",,,,,,"TRUE",,,,,,,,,"NEVER"
"emoji_belle_deepsea",,,"sc/emoji_1.sc","emoji_belle_deepsea","ElectroSniper",,,,"DEFAULT","COLLECTORS","DEFAULT","Belle_Start_VO","2",,"Deepsea",,,,"TRUE",,,,,,,,,"NEVER"
"emoji_colt_deepsea",,,"sc/emoji_1.sc","emoji_colt_deepsea","Gunslinger",,,,"DEFAULT","COLLECTORS","DEFAULT","Hotshot_Start","1",,"Deepsea",,,,"TRUE",,,,,,,,,"NEVER"
"emoji_fang_deepsea",,,"sc/emoji_1.sc","emoji_fang_deepsea","KickerDude",,,,"DEFAULT","COLLECTORS","DEFAULT","Fang_Start_VO","2",,"Deepsea",,,,"TRUE",,,,,,,,,"NEVER"
"emoji_brock_delivery",,,"sc/emoji_1.sc","emoji_brock_delivery","RocketGirl",,,,"DEFAULT","COLLECTORS","DEFAULT","Brock_start_vo","2",,,,,,"TRUE",,,,,,,,,"NEVER"
"emoji_barley_special",,,"sc/emoji_1.sc","emoji_barley_special","Barkeep",,,,"SPECIAL","EPIC","SPECIAL","Barley_Start","0",,,,,,"TRUE",,,,,,,"TrophyRewardsBarkeep",,"NEVER"
"emoji_bea_special",,,"sc/emoji_1.sc","emoji_bea_special","BeeSniper",,,,"SPECIAL","EPIC","SPECIAL","Bea_Start_VO","0",,,,,,"TRUE",,,,,,,"TrophyRewardsBeeSniper",,"NEVER"
"emoji_bo_special",,,"sc/emoji_1.sc","emoji_bo_special","BowDude",,,,"SPECIAL","EPIC","SPECIAL","Bo_start","2",,,,,,"TRUE",,,,,,,"TrophyRewardsBowDude",,"NEVER"
"emoji_gene_special",,,"sc/emoji_1.sc","emoji_gene_special","HookDude",,,,"SPECIAL","EPIC","SPECIAL","Gene_vo","0",,,,,,"TRUE",,,,,,,"TrophyRewardsHookDude",,"NEVER"
"emoji_rosa_special",,,"sc/emoji_1.sc","emoji_rosa_special","Rosa",,,,"SPECIAL","EPIC","SPECIAL","Rosa_start","1",,,,,,"TRUE",,,,,,,"TrophyRewardsRosa",,"NEVER"
"emoji_primo_special",,,"sc/emoji_1.sc","emoji_primo_special","Luchador",,,,"SPECIAL","EPIC","SPECIAL","El_primo_start","2",,,,,,"TRUE",,,,,,,"TrophyRewardsLuchador",,"NEVER"
"emoji_dynamike_special",,,"sc/emoji_1.sc","emoji_dynamike_special","TntDude",,,,"SPECIAL","EPIC","SPECIAL","Tnt_guy_start_vo","0",,,,,,"TRUE",,,,,,,"TrophyRewardsTntDude",,"NEVER"
"emoji_piper_special",,,"sc/emoji_1.sc","emoji_piper_special","Sniper",,,,"SPECIAL","EPIC","SPECIAL","Piper_Start","1",,,,,,"TRUE",,,,,,,"TrophyRewardsSniper",,"NEVER"
"emoji_shelly_special",,,"sc/emoji_1.sc","emoji_shelly_special","ShotgunGirl",,,,"SPECIAL","EPIC","SPECIAL","Shelly_Start","0",,,,,,"TRUE",,,,,,,"TrophyRewardsShotgunGirl",,"NEVER"
"emoji_penny_special",,,"sc/emoji_1.sc","emoji_penny_special","ArtilleryDude",,,,"SPECIAL","EPIC","SPECIAL","Penny_start","4",,,,,,"TRUE",,,,,,,"TrophyRewardsArtilleryDude",,"NEVER"
"emoji_otto_pharaoh",,,"sc/emoji_1.sc","emoji_otto_pharaoh","Silencer",,,,"SPECIAL","COLLECTORS","DEFAULT","Otis_Start_VO","0",,,,,,"TRUE",,,,,,,,,"NEVER"
"emoji_otto_pharaoh_angry",,,"sc/emoji_1.sc","emoji_otto_pharaoh_angry","Silencer",,,,"SPECIAL","COLLECTORS","ANGRY","Otis_Hurt_VO","4",,"Otto_pharaoh",,,,"TRUE",,,,,,,,"TRUE","NEVER"
"emoji_otto_pharaoh_happy",,,"sc/emoji_1.sc","emoji_otto_pharaoh_happy","Silencer",,,,"SPECIAL","COLLECTORS","HAPPY","Otis_Kill_VO","0",,"Otto_pharaoh",,,,"TRUE",,,,,,,,,"NEVER"
"emoji_otto_pharaoh_gg",,,"sc/emoji_1.sc","emoji_otto_pharaoh_gg","Silencer",,,,"SPECIAL","COLLECTORS","GG","Otis_Start_VO","3",,"Otto_pharaoh",,,,"TRUE",,,,,,,,,"NEVER"
"emoji_otto_pharaoh_phew",,,"sc/emoji_1.sc","emoji_otto_pharaoh_phew","Silencer",,,,"SPECIAL","COLLECTORS","PHEW","Otis_Hurt_VO","2",,"Otto_pharaoh",,,,"TRUE",,,,,,,,,"NEVER"
"emoji_otto_pharaoh_sad",,,"sc/emoji_1.sc","emoji_otto_pharaoh_sad","Silencer",,,,"SPECIAL","COLLECTORS","SAD","Otis_Die_VO","3",,"Otto_pharaoh",,,,"TRUE",,,,,,,,"TRUE","NEVER"
"emoji_otto_pharaoh_special",,,"sc/emoji_1.sc","emoji_otto_pharaoh_special","Silencer",,,,"SPECIAL","COLLECTORS","SPECIAL","Otis_Start_VO","1",,"Otto_pharaoh",,,,"TRUE",,,,,,,,,"NEVER"
"emoji_otto_pharaoh_thanks",,,"sc/emoji_1.sc","emoji_otto_pharaoh_thanks","Silencer",,,,"SPECIAL","COLLECTORS","THANKS","Otis_Start_VO","2",,"Otto_pharaoh",,,,"TRUE",,,,,,,,,"NEVER"
"emoji_otto_pharaoh_clap",,,"sc/emoji_1.sc","emoji_otto_pharaoh_clap","Silencer",,,,"SPECIAL","COLLECTORS","CLAP","Colt_Pin_Clap","0",,"Otto_pharaoh",,,,"TRUE",,,,,,,,,"NEVER"
"emoji_burning_ball",,,"sc/emoji_1.sc","emoji_burning_ball",,,,,"SPECIAL","COLLECTORS","SPECIAL",,,,,,"1500","39","TRUE",,,,,,,,,"AVAILABLE"
"emoji_thuglife",,,"sc/emoji_1.sc","emoji_thuglife",,,,,"HAPPY","DEFAULT","HAPPY",,,,,,,,"TRUE",,,,,,,,"TRUE","NEVER"
"emoji_bronson",,,"sc/emoji_1.sc","emoji_bronson","WeaponThrower",,,,"DEFAULT","DEFAULT","DEFAULT","Sam_Start_VO","4",,,,,,"TRUE",,,,,,,,,"NEVER"
"emoji_bronson_angry",,,"sc/emoji_1.sc","emoji_bronson_angry","WeaponThrower",,,,"ANGRY","COMMON","ANGRY","Sam_Hurt_VO","10",,,,"375","9","TRUE",,,,,,,,"TRUE","AVAILABLE"
"emoji_bronson_happy",,,"sc/emoji_1.sc","emoji_bronson_happy","WeaponThrower",,,,"HAPPY","COMMON","HAPPY","Sam_Lead_VO","5",,,,,,"TRUE",,,,,,,"TrophyRewardsWeaponThrower",,"NEVER"
"emoji_bronson_gg",,,"sc/emoji_1.sc","emoji_bronson_gg","WeaponThrower",,,,"SPECIAL","RARE","GG","Sam_Kill_VO","0",,,,"750","19","TRUE",,,,,,,,,"AVAILABLE"
"emoji_bronson_phew",,,"sc/emoji_1.sc","emoji_bronson_phew","WeaponThrower",,,,"SPECIAL","EPIC","PHEW","Sam_Die_VO","6",,,,"1500","39","TRUE",,,,,,,,,"AVAILABLE"
"emoji_bronson_sad",,,"sc/emoji_1.sc","emoji_bronson_sad","WeaponThrower",,,,"SAD","COMMON","SAD","Sam_Die_VO","3",,,,"375","9","TRUE",,,,,,,,"TRUE","AVAILABLE"
"emoji_bronson_special",,,"sc/emoji_1.sc","emoji_bronson_special","WeaponThrower",,,,"SPECIAL","EPIC","SPECIAL","Sam_Ulti_VO","2",,,,,,"TRUE",,,,,,,"TrophyRewardsWeaponThrower",,"NEVER"
"emoji_bronson_thanks",,,"sc/emoji_1.sc","emoji_bronson_thanks","WeaponThrower",,,,"SPECIAL","EPIC","THANKS","Sam_Lead_VO","2",,,,"1500","39","TRUE",,,,,,,,,"AVAILABLE"
"emoji_bronson_clap",,,"sc/emoji_1.sc","emoji_bronson_clap","WeaponThrower",,,,"SPECIAL","RARE","CLAP","Colt_Pin_Clap","0",,,,"750","19","TRUE",,,,,,,,,"AVAILABLE"
"emoji_bronson_caesar",,,"sc/emoji_1.sc","emoji_bronson_caesar","WeaponThrower",,,,"SPECIAL","COLLECTORS","DEFAULT","Sam_Start_VO","4",,,,,,"TRUE",,,,,,,,,"NEVER"
"emoji_bronson_caesar_angry",,,"sc/emoji_1.sc","emoji_bronson_caesar_angry","WeaponThrower",,,,"SPECIAL","COLLECTORS","ANGRY","Sam_Hurt_VO","10",,"Bronson_caesar",,,,"TRUE",,,,,,,,"TRUE","NEVER"
"emoji_bronson_caesar_happy",,,"sc/emoji_1.sc","emoji_bronson_caesar_happy","WeaponThrower",,,,"SPECIAL","COLLECTORS","HAPPY","Sam_Lead_VO","5",,"Bronson_caesar",,,,"TRUE",,,,,,,,,"NEVER"
"emoji_bronson_caesar_gg",,,"sc/emoji_1.sc","emoji_bronson_caesar_gg","WeaponThrower",,,,"SPECIAL","COLLECTORS","GG","Sam_Kill_VO","0",,"Bronson_caesar",,,,"TRUE",,,,,,,,,"NEVER"
"emoji_bronson_caesar_phew",,,"sc/emoji_1.sc","emoji_bronson_caesar_phew","WeaponThrower",,,,"SPECIAL","COLLECTORS","PHEW","Sam_Die_VO","6",,"Bronson_caesar",,,,"TRUE",,,,,,,,,"NEVER"
"emoji_bronson_caesar_sad",,,"sc/emoji_1.sc","emoji_bronson_caesar_sad","WeaponThrower",,,,"SPECIAL","COLLECTORS","SAD","Sam_Die_VO","3",,"Bronson_caesar",,,,"TRUE",,,,,,,,"TRUE","NEVER"
"emoji_bronson_caesar_special",,,"sc/emoji_1.sc","emoji_bronson_caesar_special","WeaponThrower",,,,"SPECIAL","COLLECTORS","SPECIAL","Sam_Ulti_VO","2",,"Bronson_caesar",,,,"TRUE",,,,,,,,,"NEVER"
"emoji_bronson_caesar_thanks",,,"sc/emoji_1.sc","emoji_bronson_caesar_thanks","WeaponThrower",,,,"SPECIAL","COLLECTORS","THANKS","Sam_Lead_VO","2",,"Bronson_caesar",,,,"TRUE",,,,,,,,,"NEVER"
"emoji_bronson_caesar_clap",,,"sc/emoji_1.sc","emoji_bronson_caesar_clap","WeaponThrower",,,,"SPECIAL","COLLECTORS","CLAP","Colt_Pin_Clap","0",,"Bronson_caesar",,,,"TRUE",,,,,,,,,"NEVER"
"emoji_mortis_mecha",,,"sc/emoji_1.sc","emoji_mortis_mecha","Undertaker",,,,"SPECIAL","COLLECTORS","DEFAULT","Mech_Mortis_Start_VO","0",,"Mortis_mecha",,,,"TRUE",,,,,,,,,"NEVER"
"emoji_mortis_mecha_angry",,,"sc/emoji_1.sc","emoji_mortis_mecha_angry","Undertaker",,,,"SPECIAL","COLLECTORS","ANGRY","Mech_Mortis_Hurt_VO","2",,"Mortis_mecha",,,,"TRUE",,,,,,,,"TRUE","NEVER"
"emoji_mortis_mecha_happy",,,"sc/emoji_1.sc","emoji_mortis_mecha_happy","Undertaker",,,,"SPECIAL","COLLECTORS","HAPPY","Mech_Mortis_Lead_VO","4",,"Mortis_mecha",,,,"TRUE",,,,,,,,,"NEVER"
"emoji_mortis_mecha_gg",,,"sc/emoji_1.sc","emoji_mortis_mecha_gg","Undertaker",,,,"SPECIAL","COLLECTORS","GG","Mech_Mortis_Start_VO","1",,"Mortis_mecha",,,,"TRUE",,,,,,,,,"NEVER"
"emoji_mortis_mecha_phew",,,"sc/emoji_1.sc","emoji_mortis_mecha_phew","Undertaker",,,,"SPECIAL","COLLECTORS","PHEW","Mech_Mortis_Hurt_VO","3",,"Mortis_mecha",,,,"TRUE",,,,,,,,,"NEVER"
"emoji_mortis_mecha_sad",,,"sc/emoji_1.sc","emoji_mortis_mecha_sad","Undertaker",,,,"SPECIAL","COLLECTORS","SAD","Mech_Mortis_Die_VO","0",,"Mortis_mecha",,,,"TRUE",,,,,,,,"TRUE","NEVER"
"emoji_mortis_mecha_special",,,"sc/emoji_1.sc","emoji_mortis_mecha_special","Undertaker",,,,"SPECIAL","COLLECTORS","SPECIAL","Mech_Mortis_Start_VO","2",,"Mortis_mecha",,,,"TRUE",,,,,,,,,"NEVER"
"emoji_mortis_mecha_thanks",,,"sc/emoji_1.sc","emoji_mortis_mecha_thanks","Undertaker",,,,"SPECIAL","COLLECTORS","THANKS","Mech_Mortis_Start_VO","3",,"Mortis_mecha",,,,"TRUE",,,,,,,,,"NEVER"
"emoji_mortis_mecha_clap",,,"sc/emoji_1.sc","emoji_mortis_mecha_clap","Undertaker",,,,"SPECIAL","COLLECTORS","CLAP","Colt_Pin_Clap","0",,"Mortis_mecha",,,,"TRUE",,,,,,,,,"NEVER"
"emoji_brawloween_gg",,,"sc/emoji_1.sc","emoji_brawloween_gg",,,,,"SPECIAL","COLLECTORS","SPECIAL",,,,,,,,"TRUE",,,,"BRAWLOWEEN",,,,,"NEVER"
"emoji_brawloween_happy",,,"sc/emoji_1.sc","emoji_brawloween_happy",,,,,"HAPPY","COLLECTORS","SPECIAL",,,,,,,,"TRUE",,,,"BRAWLOWEEN",,,,,"NEVER"
"emoji_brawloween_phew",,,"sc/emoji_1.sc","emoji_brawloween_phew",,,,,"SPECIAL","COLLECTORS","SPECIAL",,,,,,,,"TRUE",,,,"BRAWLOWEEN",,,,,"NEVER"
"emoji_brawloween_special",,,"sc/emoji_1.sc","emoji_brawloween_special",,,,,"SPECIAL","COLLECTORS","SPECIAL",,,,,,,,"TRUE",,,,"BRAWLOWEEN",,,,,"NEVER"
"emoji_brawloween_thanks",,,"sc/emoji_1.sc","emoji_brawloween_thanks",,,,,"SPECIAL","COLLECTORS","SPECIAL",,,,,,,,"TRUE",,,,"BRAWLOWEEN",,,,,"NEVER"
"emoji_bibi_special",,,"sc/emoji_1.sc","emoji_bibi_special","Baseball",,,,"SPECIAL","EPIC","SPECIAL","Bibi_lead_vo","0",,,,,,"TRUE",,,,,,,"TrophyRewardsBaseball",,"NEVER"
"emoji_jessie_special",,,"sc/emoji_1.sc","emoji_jessie_special","Mechanic",,,,"SPECIAL","EPIC","SPECIAL","Jess_lead","0",,,,,,"TRUE",,,,,,,"TrophyRewardsMechanic",,"NEVER"
"emoji_brock_special",,,"sc/emoji_1.sc","emoji_brock_special","RocketGirl",,,,"SPECIAL","EPIC","SPECIAL","Brock_kill_vo","0",,,,,,"TRUE",,,,,,,"TrophyRewardsRocketGirl",,"NEVER"
"emoji_spike_special",,,"sc/emoji_1.sc","emoji_spike_special","Cactus",,,,"SPECIAL","EPIC","SPECIAL",,,,,,,,"TRUE",,,,,,,"TrophyRewardsCactus",,"NEVER"
"emoji_gale_special",,,"sc/emoji_1.sc","emoji_gale_special","Blower",,,,"SPECIAL","EPIC","SPECIAL","Gale_Kill_VO","1",,,,,,"TRUE",,,,,,,"TrophyRewardsBlower",,"NEVER"
"emoji_rico_special",,,"sc/emoji_1.sc","emoji_rico_special","TrickshotDude",,,,"SPECIAL","EPIC","SPECIAL","Rick_kill","0",,,,,,"TRUE",,,,,,,"TrophyRewardsTrickshotDude",,"NEVER"
"emoji_colette_special",,,"sc/emoji_1.sc","emoji_colette_special","Percenter",,,,"SPECIAL","EPIC","SPECIAL","Colette_Lead_VO","1",,,,,,"TRUE",,,,,,,"TrophyRewardsPercenter",,"NEVER"
"emoji_mrp_special",,,"sc/emoji_1.sc","emoji_mrp_special","SpawnerDude",,,,"SPECIAL","EPIC","SPECIAL","Mrp_Lead_VO","2",,,,,,"TRUE",,,,,,,"TrophyRewardsSpawnerDude",,"NEVER"
"emoji_nita_special",,,"sc/emoji_1.sc","emoji_nita_special","Shaman",,,,"SPECIAL","EPIC","SPECIAL","Nita_lead","1",,,,,,"TRUE",,,,,,,"TrophyRewardsShaman",,"NEVER"
"emoji_max_special",,,"sc/emoji_1.sc","emoji_max_special","Speedy",,,,"SPECIAL","EPIC","SPECIAL","Max_Lead_VO","0",,,,,,"TRUE",,,,,,,"TrophyRewardsSpeedy",,"NEVER"
"emoji_colt_team",,"-1","sc/emoji_1.sc","emoji_colt_team",,,,,"SPECIAL","COLLECTORS","SPECIAL",,,,,,,,"TRUE",,,,"WF_2020","TRUE",,,,"NEVER"
"emoji_emz_team",,"-1","sc/emoji_1.sc","emoji_emz_team",,,,,"SPECIAL","COLLECTORS","SPECIAL",,,,,,,,"TRUE",,,,"WF_2020","TRUE",,,,"NEVER"
"emoji_jessie_team",,"-1","sc/emoji_1.sc","emoji_jessie_team",,,,,"SPECIAL","COLLECTORS","SPECIAL",,,,,,,,"TRUE",,,,"WF_2020","TRUE",,,,"NEVER"
"emoji_nita_team",,"-1","sc/emoji_1.sc","emoji_nita_team",,,,,"SPECIAL","COLLECTORS","SPECIAL",,,,,,,,"TRUE",,,,"WF_2020","TRUE",,,,"NEVER"
"emoji_mortis_team",,"-1","sc/emoji_1.sc","emoji_mortis_team",,,,,"SPECIAL","COLLECTORS","SPECIAL",,,,,,,,"TRUE",,,,"WF_2020","TRUE",,,,"NEVER"
"emoji_primo_team",,"-1","sc/emoji_1.sc","emoji_primo_team",,,,,"SPECIAL","COLLECTORS","SPECIAL",,,,,,,,"TRUE",,,,"WF_2020","TRUE",,,,"NEVER"
"emoji_spike_team",,"-1","sc/emoji_1.sc","emoji_spike_team",,,,,"SPECIAL","COLLECTORS","SPECIAL",,,,,,,,"TRUE",,,,"WF_2020","TRUE",,,,"NEVER"
"emoji_surge_team",,"-1","sc/emoji_1.sc","emoji_surge_team",,,,,"SPECIAL","COLLECTORS","SPECIAL",,,,,,,,"TRUE",,,,"WF_2020","TRUE",,,,"NEVER"
"emoji_leon_team",,"-1","sc/emoji_1.sc","emoji_leon_team",,,,,"SPECIAL","COLLECTORS","SPECIAL",,,,,,,,"TRUE",,,,"WF_2020","TRUE",,,,"NEVER"
"emoji_shelly_team",,"-1","sc/emoji_1.sc","emoji_shelly_team",,,,,"SPECIAL","COLLECTORS","SPECIAL",,,,,,,,"TRUE",,,,"WF_2020","TRUE",,,,"NEVER"
"emoji_squeak_moon",,,"sc/emoji_1.sc","emoji_squeak_moon","StickyBomb",,,,"DEFAULT","COLLECTORS","DEFAULT","Squeak_Start_VO","0",,,,,,"TRUE",,,,,,,,,"NEVER"
"emoji_leon_ghost",,,"sc/emoji_1.sc","emoji_leon_ghost","Ninja",,,,"DEFAULT","COLLECTORS","DEFAULT","Leon_start_vo","0",,,,,,"TRUE",,,,,,,,,"NEVER"
"emoji_pam_broker",,,"sc/emoji_1.sc","emoji_pam_broker","MinigunDude",,,,"DEFAULT","COLLECTORS","DEFAULT","Pam_start","0",,,,,,"TRUE",,,,,,,,,"NEVER"
"emoji_crow_gang",,,"sc/emoji_1.sc","emoji_crow_gang","Crow",,,,"DEFAULT","COLLECTORS","DEFAULT","Crow_Start","1",,,,,,"TRUE",,,,,,,,,"NEVER"
"emoji_poco_gang",,,"sc/emoji_1.sc","emoji_poco_gang","DeadMariachi",,,,"DEFAULT","COLLECTORS","DEFAULT","Poco_start","0",,,,,,"TRUE",,,,,,,,,"NEVER"
"emoji_lolla_gang",,,"sc/emoji_1.sc","emoji_lolla_gang","Duplicator",,,,"DEFAULT","COLLECTORS","DEFAULT","Lolla_Start_VO","0",,,,,,"TRUE",,,,,,,,,"NEVER"
"emoji_crow_mecha",,,"sc/emoji_1.sc","emoji_crow_mecha","Crow",,,,"DEFAULT","COLLECTORS","DEFAULT",,,,,,,,"TRUE",,,,,,,,,"NEVER"
"emoji_crow_mecha_gold",,,"sc/emoji_1.sc","emoji_crow_mecha_gold","Crow",,,,"DEFAULT","COLLECTORS","DEFAULT",,,,,,,,"TRUE",,,,,,,,,"NEVER"
"emoji_crow_mecha_night",,,"sc/emoji_1.sc","emoji_crow_mecha_night","Crow",,,,"DEFAULT","COLLECTORS","DEFAULT",,,,,,,,"TRUE",,,,,,,,,"NEVER"
"emoji_bo_mecha",,,"sc/emoji_1.sc","emoji_bo_mecha","BowDude",,,,"DEFAULT","COLLECTORS","DEFAULT",,,,,,,,"TRUE",,,,,,,,,"NEVER"
"emoji_bo_mecha_gold",,,"sc/emoji_1.sc","emoji_bo_mecha_gold","BowDude",,,,"DEFAULT","COLLECTORS","DEFAULT",,,,,,,,"TRUE",,,,,,,,,"NEVER"
"emoji_bo_mecha_light",,,"sc/emoji_1.sc","emoji_bo_mecha_light","BowDude",,,,"DEFAULT","COLLECTORS","DEFAULT",,,,,,,,"TRUE",,,,,,,,,"NEVER"
"emoji_gus",,,"sc/emoji_1.sc","emoji_gus","SoulCollector",,,,"DEFAULT","DEFAULT","DEFAULT","Gus_Start_VO","0",,,,,,"TRUE",,,,,,,,,"NEVER"
"emoji_gus_angry",,,"sc/emoji_1.sc","emoji_gus_angry","SoulCollector",,,,"ANGRY","COMMON","ANGRY","Gus_Die_VO","2",,,,"375","9","TRUE",,,,,,,,"TRUE","AVAILABLE"
"emoji_gus_happy",,,"sc/emoji_1.sc","emoji_gus_happy","SoulCollector",,,,"HAPPY","COMMON","HAPPY","Gus_Kill_VO","5",,,,,,"TRUE",,,,,,,"TrophyRewardsSoulCollector",,"NEVER"
"emoji_gus_gg",,,"sc/emoji_1.sc","emoji_gus_gg","SoulCollector",,,,"SPECIAL","RARE","GG","Gus_Kill_VO","3",,,,"750","19","TRUE",,,,,,,,,"AVAILABLE"
"emoji_gus_phew",,,"sc/emoji_1.sc","emoji_gus_phew","SoulCollector",,,,"SPECIAL","EPIC","PHEW","Gus_Hurt_VO","4",,,,"1500","39","TRUE",,,,,,,,,"AVAILABLE"
"emoji_gus_sad",,,"sc/emoji_1.sc","emoji_gus_sad","SoulCollector",,,,"SAD","COMMON","SAD","Gus_Die_VO","1",,,,"375","9","TRUE",,,,,,,,"TRUE","AVAILABLE"
"emoji_gus_special",,,"sc/emoji_1.sc","emoji_gus_special","SoulCollector",,,,"SPECIAL","EPIC","SPECIAL","Gus_Ulti_VO","0",,,,,,"TRUE",,,,,,,"TrophyRewardsSoulCollector",,"NEVER"
"emoji_gus_thanks",,,"sc/emoji_1.sc","emoji_gus_thanks","SoulCollector",,,,"SPECIAL","EPIC","THANKS","Gus_Lead_VO","5",,,,"1500","39","TRUE",,,,,,,,,"AVAILABLE"
"emoji_gus_clap",,,"sc/emoji_1.sc","emoji_gus_clap","SoulCollector",,,,"SPECIAL","RARE","CLAP","Colt_Pin_Clap","0",,,,"750","19","TRUE",,,,,,,,,"AVAILABLE"
"emoji_esports2022_tara_special",,,"sc/emoji_1.sc","emoji_esports2022_tara_special",,,,,"SPECIAL","COLLECTORS","SPECIAL",,,,,,,,"TRUE",,,,,,,,,"NEVER"
"emoji_esports2022_buzz_popcorn",,,"sc/emoji_1.sc","emoji_esports2022_buzz_popcorn",,,,,"SPECIAL","COLLECTORS","SPECIAL",,,,,,,,"TRUE",,,,,,,,,"NEVER"
"emoji_esports2022_batsquad",,,"sc/emoji_1.sc","emoji_esports2022_batsquad",,,,,"SPECIAL","COLLECTORS","SPECIAL",,,,,,,,"TRUE",,,,,,,,,"NEVER"
"emoji_tara_esports2022",,,"sc/emoji_1.sc","emoji_tara_esports2022","BlackHole",,,,"SPECIAL","COLLECTORS","DEFAULT",,,,,,,,"TRUE",,,,,,,,,"NEVER"
"emoji_champie_park",,,"sc/emoji_1.sc","emoji_champie_park",,,,,"SPECIAL","COLLECTORS","SPECIAL",,,,"BSC2021",,,,"TRUE",,,,,,,,,"NEVER"
"emoji_champie_WC2019",,,"sc/emoji_1.sc","emoji_champie_WC2019",,,,,"SPECIAL","COLLECTORS","SPECIAL",,,,,,,,"TRUE",,,,,,,,,"NEVER"
"emoji_champie_WC2022",,,"sc/emoji_1.sc","emoji_champie_WC2022",,,,,"SPECIAL","COLLECTORS","SPECIAL",,,,,,,,"TRUE",,,,,,,,,"NEVER"
"emoji_bull_special",,,"sc/emoji_1.sc","emoji_bull_special","BullDude",,,,"SPECIAL","EPIC","SPECIAL","Bull_lead","1",,,,,,"TRUE",,,,,,,"TrophyRewardsBullDude",,"NEVER"
"emoji_8bit_special",,,"sc/emoji_1.sc","emoji_8bit_special","Arcade",,,,"SPECIAL","EPIC","SPECIAL","8bit_kill_vo","0",,,,,,"TRUE",,,,,,,"TrophyRewardsArcade",,"NEVER"
"emoji_frank_special",,,"sc/emoji_1.sc","emoji_frank_special","HammerDude",,,,"SPECIAL","EPIC","SPECIAL","Frank_vo","0",,,,,,"TRUE",,,,,,,"TrophyRewardsHammerDude",,"NEVER"
"emoji_jacky_special",,,"sc/emoji_1.sc","emoji_jacky_special","Driller",,,,"SPECIAL","EPIC","SPECIAL","Jackie_Kill_VO","1",,,,,,"TRUE",,,,,,,"TrophyRewardsDriller",,"NEVER"
"emoji_sprout_special",,,"sc/emoji_1.sc","emoji_sprout_special","Wally",,,,"SPECIAL","EPIC","SPECIAL","Sprout_Lead_VO","1",,,,,,"TRUE",,,,,,,"TrophyRewardsWally",,"NEVER"
"emoji_crow_special",,,"sc/emoji_1.sc","emoji_crow_special","Crow",,,,"SPECIAL","EPIC","SPECIAL","Crow_Kill","0",,,,,,"TRUE",,,,,,,"TrophyRewardsCrow",,"NEVER"
"emoji_mortis_special",,,"sc/emoji_1.sc","emoji_mortis_special","Undertaker",,,,"SPECIAL","EPIC","SPECIAL","Mortis_kill","0",,,,,,"TRUE",,,,,,,"TrophyRewardsUndertaker",,"NEVER"
"emoji_tick_special",,,"sc/emoji_1.sc","emoji_tick_special","ClusterBombDude",,,,"SPECIAL","EPIC","SPECIAL","Tick_vo_1","0",,,,,,"TRUE",,,,,,,"TrophyRewardsClusterBombDude",,"NEVER"
"emoji_pam_special",,,"sc/emoji_1.sc","emoji_pam_special","MinigunDude",,,,"SPECIAL","EPIC","SPECIAL","Pam_ulti","0",,,,,,"TRUE",,,,,,,"TrophyRewardsMinigunDude",,"NEVER"
"emoji_darryl_special",,,"sc/emoji_1.sc","emoji_darryl_special","BarrelBot",,,,"SPECIAL","EPIC","SPECIAL","Darryl_Start_VO","0",,,,,,"TRUE",,,,,,,"TrophyRewardsBarrelBot",,"NEVER"
"emoji_leon_special",,,"sc/emoji_1.sc","emoji_leon_special","Ninja",,,,"SPECIAL","EPIC","SPECIAL","Leon_kill_vo","1",,,,,,"TRUE",,,,,,,"TrophyRewardsNinja",,"NEVER"
"emoji_poco_punk_special",,,"sc/emoji_1.sc","emoji_poco_punk_special","DeadMariachi",,,,"SPECIAL","COLLECTORS","SPECIAL","Poco_start","0",,,,,,"TRUE",,,,,,,,,"NEVER"
"emoji_stu_punk_special",,,"sc/emoji_1.sc","emoji_stu_punk_special","Roller",,,,"SPECIAL","COLLECTORS","SPECIAL","Stu_Ulti_VO","0",,,,,,"TRUE",,,,,,,,,"NEVER"
"emoji_cameron",,,"sc/emoji_1.sc","emoji_cameron","ShieldTank",,,,"DEFAULT","DEFAULT","DEFAULT","Buster_Kill_VO","5",,,,,,"TRUE",,,,,,,,,"NEVER"
"emoji_cameron_angry",,,"sc/emoji_1.sc","emoji_cameron_angry","ShieldTank",,,,"ANGRY","COMMON","ANGRY","Buster_Hurt_VO","4",,,,"375","9","TRUE",,,,,,,,"TRUE","AVAILABLE"
"emoji_cameron_happy",,,"sc/emoji_1.sc","emoji_cameron_happy","ShieldTank",,,,"HAPPY","COMMON","HAPPY","Buster_Kill_VO","3",,,,,,"TRUE",,,,,,,"TrophyRewardsShieldTank",,"NEVER"
"emoji_cameron_gg",,,"sc/emoji_1.sc","emoji_cameron_gg","ShieldTank",,,,"SPECIAL","RARE","GG","Buster_Start_VO","5",,,,"750","19","TRUE",,,,,,,,,"AVAILABLE"
"emoji_cameron_phew",,,"sc/emoji_1.sc","emoji_cameron_phew","ShieldTank",,,,"SPECIAL","EPIC","PHEW","Buster_Hurt_VO","5",,,,"1500","39","TRUE",,,,,,,,,"AVAILABLE"
"emoji_cameron_sad",,,"sc/emoji_1.sc","emoji_cameron_sad","ShieldTank",,,,"SAD","COMMON","SAD","Buster_Die_VO","0",,,,"375","9","TRUE",,,,,,,,"TRUE","AVAILABLE"
"emoji_cameron_special",,,"sc/emoji_1.sc","emoji_cameron_special","ShieldTank",,,,"SPECIAL","EPIC","SPECIAL","Buster_Ulti_VO","2",,,,,,"TRUE",,,,,,,"TrophyRewardsShieldTank",,"NEVER"
"emoji_cameron_thanks",,,"sc/emoji_1.sc","emoji_cameron_thanks","ShieldTank",,,,"SPECIAL","EPIC","THANKS","Buster_Lead_VO","0",,,,"1500","39","TRUE",,,,,,,,,"AVAILABLE"
"emoji_cameron_clap",,,"sc/emoji_1.sc","emoji_cameron_clap","ShieldTank",,,,"SPECIAL","RARE","CLAP","Colt_Pin_Clap","0",,,,"750","19","TRUE",,,,,,,,,"AVAILABLE"
"emoji_cameron_chainsaw",,,"sc/emoji_1.sc","emoji_cameron_chainsaw","ShieldTank",,,,"SPECIAL","COLLECTORS","DEFAULT","Buster_Kill_VO","5",,,,,,"TRUE",,,,,,,,,"NEVER"
"emoji_cameron_chainsaw_angry",,,"sc/emoji_1.sc","emoji_cameron_chainsaw_angry","ShieldTank",,,,"SPECIAL","COLLECTORS","ANGRY","Buster_Hurt_VO","4",,"Buster_chainsaw",,,,"TRUE",,,,,,,,"TRUE","NEVER"
"emoji_cameron_chainsaw_happy",,,"sc/emoji_1.sc","emoji_cameron_chainsaw_happy","ShieldTank",,,,"SPECIAL","COLLECTORS","HAPPY","Buster_Kill_VO","3",,"Buster_chainsaw",,,,"TRUE",,,,,,,,,"NEVER"
"emoji_cameron_chainsaw_gg",,,"sc/emoji_1.sc","emoji_cameron_chainsaw_gg","ShieldTank",,,,"SPECIAL","COLLECTORS","GG","Buster_Start_VO","5",,"Buster_chainsaw",,,,"TRUE",,,,,,,,,"NEVER"
"emoji_cameron_chainsaw_phew",,,"sc/emoji_1.sc","emoji_cameron_chainsaw_phew","ShieldTank",,,,"SPECIAL","COLLECTORS","PHEW","Buster_Hurt_VO","5",,"Buster_chainsaw",,,,"TRUE",,,,,,,,,"NEVER"
"emoji_cameron_chainsaw_sad",,,"sc/emoji_1.sc","emoji_cameron_chainsaw_sad","ShieldTank",,,,"SPECIAL","COLLECTORS","SAD","Buster_Die_VO","0",,"Buster_chainsaw",,,,"TRUE",,,,,,,,"TRUE","NEVER"
"emoji_cameron_chainsaw_special",,,"sc/emoji_1.sc","emoji_cameron_chainsaw_special","ShieldTank",,,,"SPECIAL","COLLECTORS","SPECIAL","Buster_Ulti_VO","2",,"Buster_chainsaw",,,,"TRUE",,,,,,,,,"NEVER"
"emoji_cameron_chainsaw_thanks",,,"sc/emoji_1.sc","emoji_cameron_chainsaw_thanks","ShieldTank",,,,"SPECIAL","COLLECTORS","THANKS","Buster_Lead_VO","0",,"Buster_chainsaw",,,,"TRUE",,,,,,,,,"NEVER"
"emoji_cameron_chainsaw_clap",,,"sc/emoji_1.sc","emoji_cameron_chainsaw_clap","ShieldTank",,,,"SPECIAL","COLLECTORS","CLAP","Colt_Pin_Clap","0",,"Buster_chainsaw",,,,"TRUE",,,,,,,,,"NEVER"
"emoji_grom_franken",,,"sc/emoji_1.sc","emoji_grom_franken","CrossBomber",,,,"SPECIAL","COLLECTORS","DEFAULT","Grom_Ulti_VO","0",,,,,,"TRUE",,,,,,,,,"NEVER"
"emoji_grom_franken_angry",,,"sc/emoji_1.sc","emoji_grom_franken_angry","CrossBomber",,,,"SPECIAL","COLLECTORS","ANGRY","Grom_Hurt_VO","4",,,,,,"TRUE",,,,,,,,"TRUE","NEVER"
"emoji_grom_franken_happy",,,"sc/emoji_1.sc","emoji_grom_franken_happy","CrossBomber",,,,"SPECIAL","COLLECTORS","HAPPY","Grom_Kill_VO","1",,,,,,"TRUE",,,,,,,,,"NEVER"
"emoji_grom_franken_gg",,,"sc/emoji_1.sc","emoji_grom_franken_gg","CrossBomber",,,,"SPECIAL","COLLECTORS","GG","Grom_Start_VO","3",,,,,,"TRUE",,,,,,,,,"NEVER"
"emoji_grom_franken_phew",,,"sc/emoji_1.sc","emoji_grom_franken_phew","CrossBomber",,,,"SPECIAL","COLLECTORS","PHEW","Grom_Start_VO","1",,,,,,"TRUE",,,,,,,,,"NEVER"
"emoji_grom_franken_sad",,,"sc/emoji_1.sc","emoji_grom_franken_sad","CrossBomber",,,,"SPECIAL","COLLECTORS","SAD","Grom_Die_VO","4",,,,,,"TRUE",,,,,,,,"TRUE","NEVER"
"emoji_grom_franken_special",,,"sc/emoji_1.sc","emoji_grom_franken_special","CrossBomber",,,,"SPECIAL","COLLECTORS","SPECIAL","Grom_Start_VO","5",,,,,,"TRUE",,,,,,,,,"NEVER"
"emoji_grom_franken_thanks",,,"sc/emoji_1.sc","emoji_grom_franken_thanks","CrossBomber",,,,"SPECIAL","COLLECTORS","THANKS","Grom_Lead_VO","3",,,,,,"TRUE",,,,,,,,,"NEVER"
"emoji_grom_franken_clap",,,"sc/emoji_1.sc","emoji_grom_franken_clap","CrossBomber",,,,"SPECIAL","COLLECTORS","CLAP","Colt_Pin_Clap","0",,,,,,"TRUE",,,,,,,,,"NEVER"
"emoji_lastbox_special",,,"sc/emoji_1.sc","emoji_lastbox_special",,,,,"SPECIAL","COLLECTORS","SPECIAL",,,,,,,,"TRUE",,,,"LASTBOX",,,,,"NEVER"
"emoji_ash_pizza_angry",,,"sc/emoji_1.sc","emoji_ash_pizza_angry","Knight",,,,"DEFAULT","COLLECTORS","ANGRY","Ash_Hurt_VO","1",,,,,,"TRUE",,,,,,,,"TRUE","NEVER"
"emoji_colette_ghost",,,"sc/emoji_1.sc","emoji_colette_ghost","Percenter",,,,"DEFAULT","COLLECTORS","DEFAULT","Colette_Start_VO","0",,,,,,"TRUE",,,,,,,,,"NEVER"
"emoji_darryl_lastbox_gg",,,"sc/emoji_1.sc","emoji_darryl_lastbox_gg","BarrelBot",,,,"DEFAULT","COLLECTORS","GG","Darryl_Start_VO","0",,,,,,"TRUE",,,,,,,,,"NEVER"
"emoji_janet_pilot_gg",,,"sc/emoji_1.sc","emoji_janet_pilot_gg","JetpackGirl",,,,"DEFAULT","COLLECTORS","GG","Janet_Start_VO","1",,,,,,"TRUE",,,,,,,,,"NEVER"
"emoji_penny_ghost",,,"sc/emoji_1.sc","emoji_penny_ghost","ArtilleryDude",,,,"DEFAULT","COLLECTORS","DEFAULT","Penny_start","1",,,,,,"TRUE",,,,,,,,,"NEVER"
"emoji_gale_trader_special",,,"sc/emoji_1.sc","emoji_gale_trader_special","Blower",,,,"SPECIAL","COLLECTORS","SPECIAL","Gale_Start_VO","1",,,,,,"TRUE",,,,,,,,,"NEVER"
"emoji_squeak_action_special",,,"sc/emoji_1.sc","emoji_squeak_action_special","StickyBomb",,,,"DEFAULT","COLLECTORS","SPECIAL","Squeak_Start_VO","0",,,,,,"TRUE",,,,,,,,,"NEVER"
"emoji_basket_ball",,,"sc/emoji_1.sc","emoji_basket_ball",,,,,"SPECIAL","COLLECTORS","SPECIAL",,,,,,"1500","39","TRUE",,,,"MISC",,,,,"AVAILABLE"
"emoji_bad_connection",,,"sc/emoji_1.sc","emoji_bad_connection",,,,,"SAD","DEFAULT","SAD",,,,,,,,"TRUE",,,,"MISC",,,,,"NEVER"
"emoji_brock_zombie",,,"sc/emoji_1.sc","emoji_brock_zombie","RocketGirl",,,,"DEFAULT","COLLECTORS","DEFAULT","Brock_start_vo","2",,,,,,"TRUE",,,,,,,,,"NEVER"
"emoji_mandy",,,"sc/emoji_1.sc","emoji_mandy","Beamer",,,,"DEFAULT","DEFAULT","DEFAULT","Mandy_Start_VO","1",,,,,,"TRUE",,,,,,,,,"NEVER"
"emoji_mandy_angry",,,"sc/emoji_1.sc","emoji_mandy_angry","Beamer",,,,"ANGRY","COMMON","ANGRY","Mandy_Hurt_VO","4",,,,"375","9","TRUE",,,,,,,,"TRUE","AVAILABLE"
"emoji_mandy_happy",,,"sc/emoji_1.sc","emoji_mandy_happy","Beamer",,,,"HAPPY","COMMON","HAPPY","Mandy_Lead_VO","6",,,,,,"TRUE",,,,,,,"TrophyRewardsBeamer",,"NEVER"
"emoji_mandy_gg",,,"sc/emoji_1.sc","emoji_mandy_gg","Beamer",,,,"SPECIAL","RARE","GG","Mandy_Kill_VO","6",,,,"750","19","TRUE",,,,,,,,,"AVAILABLE"
"emoji_mandy_phew",,,"sc/emoji_1.sc","emoji_mandy_phew","Beamer",,,,"SPECIAL","EPIC","PHEW","Mandy_Die_VO","2",,,,"1500","39","TRUE",,,,,,,,,"AVAILABLE"
"emoji_mandy_sad",,,"sc/emoji_1.sc","emoji_mandy_sad","Beamer",,,,"SAD","COMMON","SAD","Mandy_Die_VO","1",,,,"375","9","TRUE",,,,,,,,"TRUE","AVAILABLE"
"emoji_mandy_special",,,"sc/emoji_1.sc","emoji_mandy_special","Beamer",,,,"SPECIAL","EPIC","SPECIAL","Mandy_Ulti_VO","3",,,,,,"TRUE",,,,,,,"TrophyRewardsBeamer",,"NEVER"
"emoji_mandy_thanks",,,"sc/emoji_1.sc","emoji_mandy_thanks","Beamer",,,,"SPECIAL","EPIC","THANKS","Mandy_Lead_VO","0",,,,"1500","39","TRUE",,,,,,,,,"AVAILABLE"
"emoji_mandy_clap",,,"sc/emoji_1.sc","emoji_mandy_clap","Beamer",,,,"SPECIAL","RARE","CLAP","Colt_Pin_Clap","0",,,,"750","19","TRUE",,,,,,,,,"AVAILABLE"
"emoji_chester",,,"sc/emoji_1.sc","emoji_chester","Jester",,,,"DEFAULT","DEFAULT","DEFAULT","Chester_Start_VO","1",,,,,,"TRUE",,,,,,,,,"NEVER"
"emoji_chester_angry",,,"sc/emoji_1.sc","emoji_chester_angry","Jester",,,,"ANGRY","COMMON","ANGRY","Chester_Hurt_VO","4",,,,"375","9","TRUE",,,,,,,,"TRUE","AVAILABLE"
"emoji_chester_happy",,,"sc/emoji_1.sc","emoji_chester_happy","Jester",,,,"HAPPY","COMMON","HAPPY","Chester_Lead_VO","0",,,,,,"TRUE",,,,,,,"TrophyRewardsJester",,"NEVER"
"emoji_chester_gg",,,"sc/emoji_1.sc","emoji_chester_gg","Jester",,,,"SPECIAL","RARE","GG","Chester_Lead_VO","3",,,,"750","19","TRUE",,,,,,,,,"AVAILABLE"
"emoji_chester_phew",,,"sc/emoji_1.sc","emoji_chester_phew","Jester",,,,"SPECIAL","EPIC","PHEW","Chester_Die_VO","6",,,,"1500","39","TRUE",,,,,,,,,"AVAILABLE"
"emoji_chester_sad",,,"sc/emoji_1.sc","emoji_chester_sad","Jester",,,,"SAD","COMMON","SAD","Chester_Die_VO","5",,,,"375","9","TRUE",,,,,,,,"TRUE","AVAILABLE"
"emoji_chester_special",,,"sc/emoji_1.sc","emoji_chester_special","Jester",,,,"SPECIAL","EPIC","SPECIAL","Chester_Ulti_VO","1",,,,,,"TRUE",,,,,,,"TrophyRewardsJester",,"NEVER"
"emoji_chester_thanks",,,"sc/emoji_1.sc","emoji_chester_thanks","Jester",,,,"SPECIAL","EPIC","THANKS","Chester_Start_VO","5",,,,"1500","39","TRUE",,,,,,,,,"AVAILABLE"
"emoji_chester_clap",,,"sc/emoji_1.sc","emoji_chester_clap","Jester",,,,"SPECIAL","RARE","CLAP","Colt_Pin_Clap","0",,,,"750","19","TRUE",,,,,,,,,"AVAILABLE"
"emoji_brawlies_2022",,,"sc/emoji_1.sc","emoji_brawlies_2022",,,,,"SPECIAL","COLLECTORS","SPECIAL",,,,,,,,"TRUE",,,,,,,,,"NEVER"
"emoji_brawlmas_cupcake",,,"sc/emoji_1.sc","emoji_brawlmas_cupcake",,,,,"HAPPY","COLLECTORS","SPECIAL",,,,,,,,"TRUE",,,,"BRAWLIDAYS",,,,,"NEVER"
"emoji_brawlmas_donut",,,"sc/emoji_1.sc","emoji_brawlmas_donut",,,,,"ANGRY","COLLECTORS","SPECIAL",,,,,,,,"TRUE",,,,"BRAWLIDAYS",,,,,"NEVER"
"emoji_brawlmas_rainbow",,,"sc/emoji_1.sc","emoji_brawlmas_rainbow",,,,,"HAPPY","COLLECTORS","SPECIAL",,,,,,,,"TRUE",,,,"BRAWLIDAYS",,,,,"NEVER"
"emoji_lny_rabbit",,,"sc/emoji_1.sc","emoji_lny_rabbit",,,,,"HAPPY","COLLECTORS","SPECIAL",,,,,,"1500","39","TRUE",,,,"LNY",,,,,"AVAILABLE"
"emoji_fireworks",,,"sc/emoji_1.sc","emoji_fireworks",,,,,"SPECIAL","COLLECTORS","SPECIAL",,,,,,"1500","39","TRUE",,,,"MISC",,,,,"AVAILABLE"
"emoji_amber_ice",,,"sc/emoji_1.sc","emoji_amber_ice","FireDude",,,,"DEFAULT","COLLECTORS","SPECIAL","Amber_Start_VO","0",,,,,,"TRUE",,,,,,,,,"NEVER"
"emoji_ash_krampus",,,"sc/emoji_1.sc","emoji_ash_krampus","Knight",,,,"DEFAULT","COLLECTORS","SPECIAL","Ash_Start_VO","0",,,,,,"TRUE",,,,,,,,,"NEVER"
"emoji_ash_pinata",,,"sc/emoji_1.sc","emoji_ash_pinata","Knight",,,,"DEFAULT","COLLECTORS","SPECIAL","Ash_Start_VO","0",,,,,,"TRUE",,,,,,,,,"NEVER"
"emoji_bronson_bear",,,"sc/emoji_1.sc","emoji_bronson_bear","WeaponThrower",,,,"DEFAULT","COLLECTORS","SPECIAL","Sam_Start_VO","4",,,,,,"TRUE",,,,,,,,,"NEVER"
"emoji_bronson_yeti",,,"sc/emoji_1.sc","emoji_bronson_yeti","WeaponThrower",,,,"DEFAULT","COLLECTORS","SPECIAL","Sam_Start_VO","4",,,,,,"TRUE",,,,,,,,,"NEVER"
"emoji_buzz_buzzette",,,"sc/emoji_1.sc","emoji_buzz_buzzette","RopeDude",,,,"DEFAULT","COLLECTORS","SPECIAL","Buzz_Kill_VO","0",,,,,,"TRUE",,,,,,,,,"NEVER"
"emoji_darryl_cupcake",,,"sc/emoji_1.sc","emoji_darryl_cupcake","BarrelBot",,,,"DEFAULT","COLLECTORS","SPECIAL","Darryl_Start_VO","3",,,,,,"TRUE",,,,,,,,,"NEVER"
"emoji_eve_arcade",,,"sc/emoji_1.sc","emoji_eve_arcade","Flea",,,,"DEFAULT","COLLECTORS","SPECIAL","Flea_Start_VO","0",,,,,,"TRUE",,,,,,,,,"NEVER"
"emoji_griff_arcade",,,"sc/emoji_1.sc","emoji_griff_arcade","AssaultShotgun",,,,"DEFAULT","COLLECTORS","SPECIAL","Griff_Start_VO","0",,,,,,"TRUE",,,,,,,,,"NEVER"
"emoji_gus_wf",,,"sc/emoji_1.sc","emoji_gus_wf","SoulCollector",,,,"DEFAULT","COLLECTORS","SPECIAL","Gus_Start_VO","0",,,,,,"TRUE",,,,,,,,,"NEVER"
"emoji_nita_gummy",,,"sc/emoji_1.sc","emoji_nita_gummy","Shaman",,,,"DEFAULT","COLLECTORS","SPECIAL","Nita_start","0",,,,,,"TRUE",,,,,,,,,"NEVER"
"emoji_brawlentines_kiss1",,,"sc/emoji_1.sc","emoji_brawlentines_kiss1",,,,,"SPECIAL","COLLECTORS","SPECIAL",,,,,,"1500","39","TRUE",,,,"BRAWLENTINES",,,,,"AVAILABLE"
"emoji_brawlentines_kiss2",,,"sc/emoji_1.sc","emoji_brawlentines_kiss2",,,,,"SPECIAL","COLLECTORS","SPECIAL",,,,,,"1500","39","TRUE",,,,"BRAWLENTINES",,,,,"AVAILABLE"
"emoji_gray",,,"sc/emoji_1.sc","emoji_gray","DoorMan",,,,"DEFAULT","DEFAULT","DEFAULT",,"0",,,,,,"TRUE",,,,,,,,,"NEVER"
"emoji_gray_angry",,,"sc/emoji_1.sc","emoji_gray_angry","DoorMan",,,,"ANGRY","COMMON","ANGRY",,"2",,,,"375","9","TRUE",,,,,,,,"TRUE","AVAILABLE"
"emoji_gray_happy",,,"sc/emoji_1.sc","emoji_gray_happy","DoorMan",,,,"HAPPY","COMMON","HAPPY",,"5",,,,,,"TRUE",,,,,,,"TrophyRewardsDoorMan",,"NEVER"
"emoji_gray_gg",,,"sc/emoji_1.sc","emoji_gray_gg","DoorMan",,,,"SPECIAL","RARE","GG",,"3",,,,"750","19","TRUE",,,,,,,,,"AVAILABLE"
"emoji_gray_phew",,,"sc/emoji_1.sc","emoji_gray_phew","DoorMan",,,,"SPECIAL","EPIC","PHEW",,"4",,,,"1500","39","TRUE",,,,,,,,,"AVAILABLE"
"emoji_gray_sad",,,"sc/emoji_1.sc","emoji_gray_sad","DoorMan",,,,"SAD","COMMON","SAD",,"1",,,,"375","9","TRUE",,,,,,,,"TRUE","AVAILABLE"
"emoji_gray_special",,,"sc/emoji_1.sc","emoji_gray_special","DoorMan",,,,"SPECIAL","EPIC","SPECIAL",,"0",,,,,,"TRUE",,,,,,,"TrophyRewardsDoorMan",,"NEVER"
"emoji_gray_thanks",,,"sc/emoji_1.sc","emoji_gray_thanks","DoorMan",,,,"SPECIAL","EPIC","THANKS",,"5",,,,"1500","39","TRUE",,,,,,,,,"AVAILABLE"
"emoji_gray_clap",,,"sc/emoji_1.sc","emoji_gray_clap","DoorMan",,,,"SPECIAL","RARE","CLAP","Colt_Pin_Clap","0",,,,"750","19","TRUE",,,,,,,,,"AVAILABLE"
"emoji_amber_delavega",,,"sc/emoji_1.sc","emoji_amber_delavega","FireDude",,,,"DEFAULT","COLLECTORS","SPECIAL","Amber_Start_VO","0",,,,,,"TRUE",,,,,,,,,"NEVER"
"emoji_bea_bug",,,"sc/emoji_1.sc","emoji_bea_bug","BeeSniper",,,,"DEFAULT","COLLECTORS","SPECIAL","Bea_Start_VO","3",,,,,,"TRUE",,,,,,,,,"NEVER"
"emoji_barley_maple",,,"sc/emoji_1.sc","emoji_barley_maple","Barkeep",,,,"DEFAULT","COLLECTORS","SPECIAL","Barley_Die","1",,,,,,"TRUE",,,,,,,,,"NEVER"
"emoji_barley_knight",,,"sc/emoji_1.sc","emoji_barley_knight","Barkeep",,,,"DEFAULT","COLLECTORS","SPECIAL","Barley_Die","1",,,,,,"TRUE",,,,,,,,,"NEVER"
"emoji_edgar_quick",,,"sc/emoji_1.sc","emoji_edgar_quick","Enrager",,,,"DEFAULT","COLLECTORS","SPECIAL","Edgar_Start_VO","4",,,,,,"TRUE",,,,,,,,,"NEVER"
"emoji_crow_captain",,,"sc/emoji_1.sc","emoji_crow_captain","Crow",,,,"DEFAULT","COLLECTORS","SPECIAL","Crow_Start","0",,,,,,"TRUE",,,,,,,,,"NEVER"
"emoji_bibi_vigilante",,,"sc/emoji_1.sc","emoji_bibi_vigilante","Baseball",,,,"DEFAULT","COLLECTORS","SPECIAL","Bibi_kill_vo","1",,,,,,"TRUE",,,,,,,,,"NEVER"
"emoji_bibi_zombie",,,"sc/emoji_1.sc","emoji_bibi_zombie","Baseball",,,,"DEFAULT","COLLECTORS","SPECIAL","Bibi_kill_vo","1",,,,,,"TRUE",,,,,,,,,"NEVER"
"emoji_8bit_classic",,,"sc/emoji_1.sc","emoji_8bit_classic","Arcade",,,,"DEFAULT","COLLECTORS","SPECIAL","8bit_start_vo","0",,,,,,"TRUE",,,,,,,,,"NEVER"
"emoji_mandy_lava",,,"sc/emoji_1.sc","emoji_mandy_lava","Beamer",,,,"SPECIAL","COLLECTORS","DEFAULT","Mandy_Start_VO","1",,,,,,"TRUE",,,,,,,,,"NEVER"
"emoji_mandy_lava_angry",,,"sc/emoji_1.sc","emoji_mandy_lava_angry","Beamer",,,,"SPECIAL","COLLECTORS","ANGRY","Mandy_Hurt_VO","4",,"Mandy_lava",,,,"TRUE",,,,,,,,"TRUE","NEVER"
"emoji_mandy_lava_happy",,,"sc/emoji_1.sc","emoji_mandy_lava_happy","Beamer",,,,"SPECIAL","COLLECTORS","HAPPY","Mandy_Lead_VO","6",,"Mandy_lava",,,,"TRUE",,,,,,,,,"NEVER"
"emoji_mandy_lava_gg",,,"sc/emoji_1.sc","emoji_mandy_lava_gg","Beamer",,,,"SPECIAL","COLLECTORS","GG","Mandy_Kill_VO","6",,"Mandy_lava",,,,"TRUE",,,,,,,,,"NEVER"
"emoji_mandy_lava_phew",,,"sc/emoji_1.sc","emoji_mandy_lava_phew","Beamer",,,,"SPECIAL","COLLECTORS","PHEW","Mandy_Die_VO","2",,"Mandy_lava",,,,"TRUE",,,,,,,,,"NEVER"
"emoji_mandy_lava_sad",,,"sc/emoji_1.sc","emoji_mandy_lava_sad","Beamer",,,,"SPECIAL","COLLECTORS","SAD","Mandy_Die_VO","1",,"Mandy_lava",,,,"TRUE",,,,,,,,"TRUE","NEVER"
"emoji_mandy_lava_special",,,"sc/emoji_1.sc","emoji_mandy_lava_special","Beamer",,,,"SPECIAL","COLLECTORS","SPECIAL","Mandy_Ulti_VO","3",,"Mandy_lava",,,,"TRUE",,,,,,,,,"NEVER"
"emoji_mandy_lava_thanks",,,"sc/emoji_1.sc","emoji_mandy_lava_thanks","Beamer",,,,"SPECIAL","COLLECTORS","THANKS","Mandy_Lead_VO","0",,"Mandy_lava",,,,"TRUE",,,,,,,,,"NEVER"
"emoji_mandy_lava_clap",,,"sc/emoji_1.sc","emoji_mandy_lava_clap","Beamer",,,,"SPECIAL","COLLECTORS","CLAP","Colt_Pin_Clap","0",,"Mandy_lava",,,,"TRUE",,,,,,,,,"NEVER"
"emoji_8bit_facepalm",,,"sc/emoji_1.sc","emoji_8bit_facepalm","Arcade",,,,"SPECIAL","COLLECTORS","FACEPALM",,"0",,,,,,"TRUE",,,,,,,"TrophyRewardsArcade","TRUE","NEVER"
"emoji_amber_facepalm",,,"sc/emoji_1.sc","emoji_amber_facepalm","FireDude",,,,"SPECIAL","COLLECTORS","FACEPALM",,"0",,,,,,"TRUE",,,,,,,"TrophyRewardsFireDude","TRUE","NEVER"
"emoji_ash_facepalm",,,"sc/emoji_1.sc","emoji_ash_facepalm","Knight",,,,"SPECIAL","COLLECTORS","FACEPALM",,"0",,,,,,"TRUE",,,,,,,"TrophyRewardsKnight","TRUE","NEVER"
"emoji_barley_facepalm",,,"sc/emoji_1.sc","emoji_barley_facepalm","Barkeep",,,,"SPECIAL","COLLECTORS","FACEPALM",,"0",,,,,,"TRUE",,,,,,,"TrophyRewardsBarkeep","TRUE","NEVER"
"emoji_bea_facepalm",,,"sc/emoji_1.sc","emoji_bea_facepalm","BeeSniper",,,,"SPECIAL","COLLECTORS","FACEPALM",,"0",,,,,,"TRUE",,,,,,,"TrophyRewardsBeeSniper","TRUE","NEVER"
"emoji_belle_facepalm",,,"sc/emoji_1.sc","emoji_belle_facepalm","ElectroSniper",,,,"SPECIAL","COLLECTORS","FACEPALM",,"0",,,,,,"TRUE",,,,,,,"TrophyRewardsElectroSniper","TRUE","NEVER"
"emoji_bibi_facepalm",,,"sc/emoji_1.sc","emoji_bibi_facepalm","Baseball",,,,"SPECIAL","COLLECTORS","FACEPALM",,"0",,,,,,"TRUE",,,,,,,"TrophyRewardsBaseball","TRUE","NEVER"
"emoji_bo_facepalm",,,"sc/emoji_1.sc","emoji_bo_facepalm","BowDude",,,,"SPECIAL","COLLECTORS","FACEPALM",,"0",,,,,,"TRUE",,,,,,,"TrophyRewardsBowDude","TRUE","NEVER"
"emoji_bonnie_facepalm",,,"sc/emoji_1.sc","emoji_bonnie_facepalm","CannonGirl",,,,"SPECIAL","COLLECTORS","FACEPALM",,"0",,,,,,"TRUE",,,,,,,"TrophyRewardsCannonGirl","TRUE","NEVER"
"emoji_brock_facepalm",,,"sc/emoji_1.sc","emoji_brock_facepalm","RocketGirl",,,,"SPECIAL","COLLECTORS","FACEPALM",,"0",,,,,,"TRUE",,,,,,,"TrophyRewardsRocketGirl","TRUE","NEVER"
"emoji_bronson_facepalm",,,"sc/emoji_1.sc","emoji_bronson_facepalm","WeaponThrower",,,,"SPECIAL","COLLECTORS","FACEPALM",,"0",,,,,,"TRUE",,,,,,,"TrophyRewardsWeaponThrower","TRUE","NEVER"
"emoji_bull_facepalm",,,"sc/emoji_1.sc","emoji_bull_facepalm","BullDude",,,,"SPECIAL","COLLECTORS","FACEPALM",,"0",,,,,,"TRUE",,,,,,,"TrophyRewardsBullDude","TRUE","NEVER"
"emoji_buzz_facepalm",,,"sc/emoji_1.sc","emoji_buzz_facepalm","RopeDude",,,,"SPECIAL","COLLECTORS","FACEPALM",,"0",,,,,,"TRUE",,,,,,,"TrophyRewardsRopeDude","TRUE","NEVER"
"emoji_byron_facepalm",,,"sc/emoji_1.sc","emoji_byron_facepalm","SnakeOil",,,,"SPECIAL","COLLECTORS","FACEPALM",,"0",,,,,,"TRUE",,,,,,,"TrophyRewardsSnakeOil","TRUE","NEVER"
"emoji_cameron_facepalm",,,"sc/emoji_1.sc","emoji_cameron_facepalm","ShieldTank",,,,"SPECIAL","COLLECTORS","FACEPALM",,"0",,,,,,"TRUE",,,,,,,"TrophyRewardsShieldTank","TRUE","NEVER"
"emoji_carl_facepalm",,,"sc/emoji_1.sc","emoji_carl_facepalm","Whirlwind",,,,"SPECIAL","COLLECTORS","FACEPALM",,"0",,,,,,"TRUE",,,,,,,"TrophyRewardsWhirlwind","TRUE","NEVER"
"emoji_chester_facepalm",,,"sc/emoji_1.sc","emoji_chester_facepalm","Jester",,,,"SPECIAL","COLLECTORS","FACEPALM",,"0",,,,,,"TRUE",,,,,,,"TrophyRewardsJester","TRUE","NEVER"
"emoji_colette_facepalm",,,"sc/emoji_1.sc","emoji_colette_facepalm","Percenter",,,,"SPECIAL","COLLECTORS","FACEPALM",,"0",,,,,,"TRUE",,,,,,,"TrophyRewardsPercenter","TRUE","NEVER"
"emoji_colt_facepalm",,,"sc/emoji_1.sc","emoji_colt_facepalm","Gunslinger",,,,"SPECIAL","COLLECTORS","FACEPALM",,"0",,,,,,"TRUE",,,,,,,"TrophyRewardsGunslinger","TRUE","NEVER"
"emoji_crow_facepalm",,,"sc/emoji_1.sc","emoji_crow_facepalm","Crow",,,,"SPECIAL","COLLECTORS","FACEPALM",,"0",,,,,,"TRUE",,,,,,,"TrophyRewardsCrow","TRUE","NEVER"
"emoji_darryl_facepalm",,,"sc/emoji_1.sc","emoji_darryl_facepalm","BarrelBot",,,,"SPECIAL","COLLECTORS","FACEPALM",,"0",,,,,,"TRUE",,,,,,,"TrophyRewardsBarrelBot","TRUE","NEVER"
"emoji_dynamike_facepalm",,,"sc/emoji_1.sc","emoji_dynamike_facepalm","TntDude",,,,"SPECIAL","COLLECTORS","FACEPALM",,"0",,,,,,"TRUE",,,,,,,"TrophyRewardsTntDude","TRUE","NEVER"
"emoji_edgar_facepalm",,,"sc/emoji_1.sc","emoji_edgar_facepalm","Enrager",,,,"SPECIAL","COLLECTORS","FACEPALM",,"0",,,,,,"TRUE",,,,,,,"TrophyRewardsEnrager","TRUE","NEVER"
"emoji_emz_facepalm",,,"sc/emoji_1.sc","emoji_emz_facepalm","Mummy",,,,"SPECIAL","COLLECTORS","FACEPALM",,"0",,,,,,"TRUE",,,,,,,"TrophyRewardsMummy","TRUE","NEVER"
"emoji_eve_facepalm",,,"sc/emoji_1.sc","emoji_eve_facepalm","Flea",,,,"SPECIAL","COLLECTORS","FACEPALM",,"0",,,,,,"TRUE",,,,,,,"TrophyRewardsFlea","TRUE","NEVER"
"emoji_fang_facepalm",,,"sc/emoji_1.sc","emoji_fang_facepalm","KickerDude",,,,"SPECIAL","COLLECTORS","FACEPALM",,"0",,,,,,"TRUE",,,,,,,"TrophyRewardsKickerDude","TRUE","NEVER"
"emoji_frank_facepalm",,,"sc/emoji_1.sc","emoji_frank_facepalm","HammerDude",,,,"SPECIAL","COLLECTORS","FACEPALM",,"0",,,,,,"TRUE",,,,,,,"TrophyRewardsHammerDude","TRUE","NEVER"
"emoji_gale_facepalm",,,"sc/emoji_1.sc","emoji_gale_facepalm","Blower",,,,"SPECIAL","COLLECTORS","FACEPALM",,"0",,,,,,"TRUE",,,,,,,"TrophyRewardsBlower","TRUE","NEVER"
"emoji_gene_facepalm",,,"sc/emoji_1.sc","emoji_gene_facepalm","HookDude",,,,"SPECIAL","COLLECTORS","FACEPALM",,"0",,,,,,"TRUE",,,,,,,"TrophyRewardsHookDude","TRUE","NEVER"
"emoji_gray_facepalm",,,"sc/emoji_1.sc","emoji_gray_facepalm","DoorMan",,,,"SPECIAL","COLLECTORS","FACEPALM",,"0",,,,,,"TRUE",,,,,,,"TrophyRewardsDoorMan","TRUE","NEVER"
"emoji_griff_facepalm",,,"sc/emoji_1.sc","emoji_griff_facepalm","AssaultShotgun",,,,"SPECIAL","COLLECTORS","FACEPALM",,"0",,,,,,"TRUE",,,,,,,"TrophyRewardsAssaultShotgun","TRUE","NEVER"
"emoji_grom_facepalm",,,"sc/emoji_1.sc","emoji_grom_facepalm","CrossBomber",,,,"SPECIAL","COLLECTORS","FACEPALM",,"0",,,,,,"TRUE",,,,,,,"TrophyRewardsCrossBomber","TRUE","NEVER"
"emoji_gus_facepalm",,,"sc/emoji_1.sc","emoji_gus_facepalm","SoulCollector",,,,"SPECIAL","COLLECTORS","FACEPALM",,"0",,,,,,"TRUE",,,,,,,"TrophyRewardsSoulCollector","TRUE","NEVER"
"emoji_jacky_facepalm",,,"sc/emoji_1.sc","emoji_jacky_facepalm","Driller",,,,"SPECIAL","COLLECTORS","FACEPALM",,"0",,,,,,"TRUE",,,,,,,"TrophyRewardsDriller","TRUE","NEVER"
"emoji_janet_facepalm",,,"sc/emoji_1.sc","emoji_janet_facepalm","JetpackGirl",,,,"SPECIAL","COLLECTORS","FACEPALM",,"0",,,,,,"TRUE",,,,,,,"TrophyRewardsJetpackGirl","TRUE","NEVER"
"emoji_jessie_facepalm",,,"sc/emoji_1.sc","emoji_jessie_facepalm","Mechanic",,,,"SPECIAL","COLLECTORS","FACEPALM",,"0",,,,,,"TRUE",,,,,,,"TrophyRewardsMechanic","TRUE","NEVER"
"emoji_leon_facepalm",,,"sc/emoji_1.sc","emoji_leon_facepalm","Ninja",,,,"SPECIAL","COLLECTORS","FACEPALM",,"0",,,,,,"TRUE",,,,,,,"TrophyRewardsNinja","TRUE","NEVER"
"emoji_lola_facepalm",,,"sc/emoji_1.sc","emoji_lola_facepalm","Duplicator",,,,"SPECIAL","COLLECTORS","FACEPALM",,"0",,,,,,"TRUE",,,,,,,"TrophyRewardsDuplicator","TRUE","NEVER"
"emoji_lou_facepalm",,,"sc/emoji_1.sc","emoji_lou_facepalm","IceDude",,,,"SPECIAL","COLLECTORS","FACEPALM",,"0",,,,,,"TRUE",,,,,,,"TrophyRewardsIceDude","TRUE","NEVER"
"emoji_mandy_facepalm",,,"sc/emoji_1.sc","emoji_mandy_facepalm","Beamer",,,,"SPECIAL","COLLECTORS","FACEPALM",,"0",,,,,,"TRUE",,,,,,,"TrophyRewardsBeamer","TRUE","NEVER"
"emoji_max_facepalm",,,"sc/emoji_1.sc","emoji_max_facepalm","Speedy",,,,"SPECIAL","COLLECTORS","FACEPALM",,"0",,,,,,"TRUE",,,,,,,"TrophyRewardsSpeedy","TRUE","NEVER"
"emoji_meg_facepalm",,,"sc/emoji_1.sc","emoji_meg_facepalm","MechaDude",,,,"SPECIAL","COLLECTORS","FACEPALM",,"0",,,,,,"TRUE",,,,,,,"TrophyRewardsMechaDude","TRUE","NEVER"
"emoji_mortis_facepalm",,,"sc/emoji_1.sc","emoji_mortis_facepalm","Undertaker",,,,"SPECIAL","COLLECTORS","FACEPALM",,"0",,,,,,"TRUE",,,,,,,"TrophyRewardsUndertaker","TRUE","NEVER"
"emoji_mrp_facepalm",,,"sc/emoji_1.sc","emoji_mrp_facepalm","SpawnerDude",,,,"SPECIAL","COLLECTORS","FACEPALM",,"0",,,,,,"TRUE",,,,,,,"TrophyRewardsSpawnerDude","TRUE","NEVER"
"emoji_nani_facepalm",,,"sc/emoji_1.sc","emoji_nani_facepalm","Controller",,,,"SPECIAL","COLLECTORS","FACEPALM",,"0",,,,,,"TRUE",,,,,,,"TrophyRewardsController","TRUE","NEVER"
"emoji_nita_facepalm",,,"sc/emoji_1.sc","emoji_nita_facepalm","Shaman",,,,"SPECIAL","COLLECTORS","FACEPALM",,"0",,,,,,"TRUE",,,,,,,"TrophyRewardsShaman","TRUE","NEVER"
"emoji_otto_facepalm",,,"sc/emoji_1.sc","emoji_otto_facepalm","Silencer",,,,"SPECIAL","COLLECTORS","FACEPALM",,"0",,,,,,"TRUE",,,,,,,"TrophyRewardsSilencer","TRUE","NEVER"
"emoji_pam_facepalm",,,"sc/emoji_1.sc","emoji_pam_facepalm","MinigunDude",,,,"SPECIAL","COLLECTORS","FACEPALM",,"0",,,,,,"TRUE",,,,,,,"TrophyRewardsMinigunDude","TRUE","NEVER"
"emoji_penny_facepalm",,,"sc/emoji_1.sc","emoji_penny_facepalm","ArtilleryDude",,,,"SPECIAL","COLLECTORS","FACEPALM",,"0",,,,,,"TRUE",,,,,,,"TrophyRewardsArtilleryDude","TRUE","NEVER"
"emoji_piper_facepalm",,,"sc/emoji_1.sc","emoji_piper_facepalm","Sniper",,,,"SPECIAL","COLLECTORS","FACEPALM",,"0",,,,,,"TRUE",,,,,,,"TrophyRewardsSniper","TRUE","NEVER"
"emoji_poco_facepalm",,,"sc/emoji_1.sc","emoji_poco_facepalm","DeadMariachi",,,,"SPECIAL","COLLECTORS","FACEPALM",,"0",,,,,,"TRUE",,,,,,,"TrophyRewardsDeadMariachi","TRUE","NEVER"
"emoji_primo_facepalm",,,"sc/emoji_1.sc","emoji_primo_facepalm","Luchador",,,,"SPECIAL","COLLECTORS","FACEPALM",,"0",,,,,,"TRUE",,,,,,,"TrophyRewardsLuchador","TRUE","NEVER"
"emoji_rico_facepalm",,,"sc/emoji_1.sc","emoji_rico_facepalm","TrickshotDude",,,,"SPECIAL","COLLECTORS","FACEPALM",,"0",,,,,,"TRUE",,,,,,,"TrophyRewardsTrickshotDude","TRUE","NEVER"
"emoji_rosa_facepalm",,,"sc/emoji_1.sc","emoji_rosa_facepalm","Rosa",,,,"SPECIAL","COLLECTORS","FACEPALM",,"0",,,,,,"TRUE",,,,,,,"TrophyRewardsRosa","TRUE","NEVER"
"emoji_ruffs_facepalm",,,"sc/emoji_1.sc","emoji_ruffs_facepalm","Ruffs",,,,"SPECIAL","COLLECTORS","FACEPALM",,"0",,,,,,"TRUE",,,,,,,"TrophyRewardsRuffs","TRUE","NEVER"
"emoji_sandy_facepalm",,,"sc/emoji_1.sc","emoji_sandy_facepalm","Sandstorm",,,,"SPECIAL","COLLECTORS","FACEPALM",,"0",,,,,,"TRUE",,,,,,,"TrophyRewardsSandstorm","TRUE","NEVER"
"emoji_shelly_facepalm",,,"sc/emoji_1.sc","emoji_shelly_facepalm","ShotgunGirl",,,,"SPECIAL","COLLECTORS","FACEPALM",,"0",,,,,,"TRUE",,,,,,,"TrophyRewardsShotgunGirl","TRUE","NEVER"
"emoji_spike_facepalm",,,"sc/emoji_1.sc","emoji_spike_facepalm","Cactus",,,,"SPECIAL","COLLECTORS","FACEPALM",,"0",,,,,,"TRUE",,,,,,,"TrophyRewardsCactus","TRUE","NEVER"
"emoji_sprout_facepalm",,,"sc/emoji_1.sc","emoji_sprout_facepalm","Wally",,,,"SPECIAL","COLLECTORS","FACEPALM",,"0",,,,,,"TRUE",,,,,,,"TrophyRewardsWally","TRUE","NEVER"
"emoji_squeak_facepalm",,,"sc/emoji_1.sc","emoji_squeak_facepalm","StickyBomb",,,,"SPECIAL","COLLECTORS","FACEPALM",,"0",,,,,,"TRUE",,,,,,,"TrophyRewardsStickyBomb","TRUE","NEVER"
"emoji_stu_facepalm",,,"sc/emoji_1.sc","emoji_stu_facepalm","Roller",,,,"SPECIAL","COLLECTORS","FACEPALM",,"0",,,,,,"TRUE",,,,,,,"TrophyRewardsRoller","TRUE","NEVER"
"emoji_surge_facepalm",,,"sc/emoji_1.sc","emoji_surge_facepalm","PowerLeveler",,,,"SPECIAL","COLLECTORS","FACEPALM",,"0",,,,,,"TRUE",,,,,,,"TrophyRewardsPowerLeveler","TRUE","NEVER"
"emoji_tara_facepalm",,,"sc/emoji_1.sc","emoji_tara_facepalm","BlackHole",,,,"SPECIAL","COLLECTORS","FACEPALM",,"0",,,,,,"TRUE",,,,,,,"TrophyRewardsBlackHole","TRUE","NEVER"
"emoji_tick_facepalm",,,"sc/emoji_1.sc","emoji_tick_facepalm","ClusterBombDude",,,,"SPECIAL","COLLECTORS","FACEPALM",,"0",,,,,,"TRUE",,,,,,,"TrophyRewardsClusterBombDude","TRUE","NEVER"
"emoji_bea_archi_make",,,"sc/emoji_1.sc","emoji_bea_archi_make","BeeSniper",,,,"DEFAULT","COLLECTORS","SPECIAL",,"0",,,,,,"TRUE",,,,,,,,,"NEVER"
"emoji_bo_demon_make",,,"sc/emoji_1.sc","emoji_bo_demon_make","BowDude",,,,"DEFAULT","COLLECTORS","SPECIAL",,,,,,,,"TRUE",,,,,,,,,"NEVER"
"emoji_bo_horus_make",,,"sc/emoji_1.sc","emoji_bo_horus_make","BowDude",,,,"DEFAULT","COLLECTORS","SPECIAL",,,,,,,,"TRUE",,,,,,,,,"NEVER"
"emoji_bull_alleycat",,,"sc/emoji_1.sc","emoji_bull_alleycat","BullDude",,,,"DEFAULT","COLLECTORS","SPECIAL","Bull_start","2",,,,,,"TRUE",,,,,,,,,"NEVER"
"emoji_carl_carpet",,,"sc/emoji_1.sc","emoji_carl_carpet","Whirlwind",,,,"DEFAULT","COLLECTORS","SPECIAL","Carl_start_vo","0",,,,,,"TRUE",,,,,,,,,"NEVER"
"emoji_colette_gladiator_make",,,"sc/emoji_1.sc","emoji_colette_gladiator_make","Percenter",,,,"DEFAULT","COLLECTORS","SPECIAL",,,,,,,,"TRUE",,,,,,,,,"NEVER"
"emoji_dynamike_mask",,,"sc/emoji_1.sc","emoji_dynamike_mask","TntDude",,,,"DEFAULT","COLLECTORS","SPECIAL","Tnt_guy_start_vo","1",,,,,,"TRUE",,,,,,,,,"NEVER"
"emoji_emz_dj_make",,,"sc/emoji_1.sc","emoji_emz_dj_make","Mummy",,,,"DEFAULT","COLLECTORS","SPECIAL",,,,,,,,"TRUE",,,,,,,,,"NEVER"
"emoji_frank_knight_make",,,"sc/emoji_1.sc","emoji_frank_knight_make","HammerDude",,,,"DEFAULT","COLLECTORS","SPECIAL","Frank_Gadget","0",,,,,,"TRUE",,,,,,,,,"NEVER"
"emoji_gale_nut_make",,,"sc/emoji_1.sc","emoji_gale_nut_make","Blower",,,,"DEFAULT","COLLECTORS","SPECIAL",,,,,,,,"TRUE",,,,,,,,,"NEVER"
"emoji_gray_detective",,,"sc/emoji_1.sc","emoji_gray_detective","DoorMan",,,,"DEFAULT","COLLECTORS","SPECIAL",,,,,,,,"TRUE",,,,,,,,,"NEVER"
"emoji_janet_pop",,,"sc/emoji_1.sc","emoji_janet_pop","JetpackGirl",,,,"DEFAULT","COLLECTORS","SPECIAL","Janet_Start_VO","0",,,,,,"TRUE",,,,,,,,,"NEVER"
"emoji_lola_mask",,,"sc/emoji_1.sc","emoji_lola_mask","Duplicator",,,,"DEFAULT","COLLECTORS","SPECIAL","Lolla_Start_VO","2",,,,,,"TRUE",,,,,,,,,"NEVER"
"emoji_nani_easter",,,"sc/emoji_1.sc","emoji_nani_easter","Controller",,,,"DEFAULT","COLLECTORS","SPECIAL","Nani_Start_VO","0",,,,,,"TRUE",,,,,,,,,"NEVER"
"emoji_nita_whale_make",,,"sc/emoji_1.sc","emoji_nita_whale_make","Shaman",,,,"DEFAULT","COLLECTORS","SPECIAL",,,,,,,,"TRUE",,,,,,,,,"NEVER"
"emoji_otis_mask",,,"sc/emoji_1.sc","emoji_otis_mask","Silencer",,,,"DEFAULT","COLLECTORS","SPECIAL","Otis_Start_VO","0",,,,,,"TRUE",,,,,,,,,"NEVER"
"emoji_piper_noir",,,"sc/emoji_1.sc","emoji_piper_noir","Sniper",,,,"DEFAULT","COLLECTORS","SPECIAL","Piper_Start","0",,,,,,"TRUE",,,,,,,,,"NEVER"
"emoji_primo_waiter",,,"sc/emoji_1.sc","emoji_primo_waiter","Luchador",,,,"DEFAULT","COLLECTORS","SPECIAL","El_primo_start","1",,,,,,"TRUE",,,,,,,,,"NEVER"
"emoji_ramadan_angry",,,"sc/emoji_1.sc","emoji_ramadan_angry",,,,,"ANGRY","COLLECTORS","SPECIAL",,,,,,"1500","39","TRUE",,,,"LANTERN",,,,"TRUE","AVAILABLE"
"emoji_ramadan_thanks",,,"sc/emoji_1.sc","emoji_ramadan_thanks",,,,,"SPECIAL","COLLECTORS","SPECIAL",,,,,,"1500","39","TRUE",,,,"LANTERN",,,,,"AVAILABLE"
"emoji_clover_special",,,"sc/emoji_1.sc","emoji_clover_special",,,,,"SPECIAL","COLLECTORS","SPECIAL",,,,,,"1500","39","TRUE",,,,"MISC",,,,,"AVAILABLE"
"emoji_popstar",,,"sc/emoji_1.sc","emoji_popstar",,,,,"HAPPY","COLLECTORS","SPECIAL",,,,,,"1500","39","TRUE",,,,"MUSIC",,,,,"AVAILABLE"
"emoji_easter2023",,,"sc/emoji_1.sc","emoji_easter2023",,,,,"SPECIAL","COLLECTORS","SPECIAL",,,,,,,,"TRUE",,,,"BUNNY_BRIGADE",,,,,"NEVER"
"emoji_rt",,,"sc/emoji_1.sc","emoji_rt","Splitter",,,,"DEFAULT","DEFAULT","DEFAULT","RT_Lead_VO","7",,,,,,"TRUE",,,,,,,,,"NEVER"
"emoji_rt_angry",,,"sc/emoji_1.sc","emoji_rt_angry","Splitter",,,,"ANGRY","COMMON","ANGRY","RT_Hurt_VO","1",,,,"375","9","TRUE",,,,,,,,"TRUE","AVAILABLE"
"emoji_rt_happy",,,"sc/emoji_1.sc","emoji_rt_happy","Splitter",,,,"HAPPY","COMMON","HAPPY","RT_Lead_VO","6",,,,,,"TRUE",,,,,,,"TrophyRewardsSplitter",,"NEVER"
"emoji_rt_gg",,,"sc/emoji_1.sc","emoji_rt_gg","Splitter",,,,"SPECIAL","RARE","GG","RT_Kill_VO","6",,,,"750","19","TRUE",,,,,,,,,"AVAILABLE"
"emoji_rt_phew",,,"sc/emoji_1.sc","emoji_rt_phew","Splitter",,,,"SPECIAL","EPIC","PHEW","RT_Die_VO","3",,,,"1500","39","TRUE",,,,,,,,,"AVAILABLE"
"emoji_rt_sad",,,"sc/emoji_1.sc","emoji_rt_sad","Splitter",,,,"SAD","COMMON","SAD","RT_Hurt_VO","3",,,,"375","9","TRUE",,,,,,,,"TRUE","AVAILABLE"
"emoji_rt_special",,,"sc/emoji_1.sc","emoji_rt_special","Splitter",,,,"SPECIAL","EPIC","SPECIAL","RT_Start_VO","4",,,,,,"TRUE",,,,,,,"TrophyRewardsSplitter",,"NEVER"
"emoji_rt_thanks",,,"sc/emoji_1.sc","emoji_rt_thanks","Splitter",,,,"SPECIAL","EPIC","THANKS","RT_Kill_VO","1",,,,"1500","39","TRUE",,,,,,,,,"AVAILABLE"
"emoji_rt_clap",,,"sc/emoji_1.sc","emoji_rt_clap","Splitter",,,,"SPECIAL","RARE","CLAP","Colt_Pin_Clap","0",,,,"750","19","TRUE",,,,,,,,,"AVAILABLE"
"emoji_rt_facepalm",,,"sc/emoji_1.sc","emoji_rt_facepalm","Splitter",,,,"SPECIAL","COLLECTORS","FACEPALM",,,,,,,,"TRUE",,,,,,,"TrophyRewardsSplitter","TRUE","NEVER"
"emoji_willow",,,"sc/emoji_1.sc","emoji_willow","Puppeteer",,,,"DEFAULT","DEFAULT","DEFAULT","Willow_Start_VO","0",,,,,,"TRUE",,,,,,,,,"NEVER"
"emoji_willow_angry",,,"sc/emoji_1.sc","emoji_willow_angry","Puppeteer",,,,"ANGRY","COMMON","ANGRY","Willow_Hurt_VO","0",,,,"375","9","TRUE",,,,,,,,"TRUE","AVAILABLE"
"emoji_willow_happy",,,"sc/emoji_1.sc","emoji_willow_happy","Puppeteer",,,,"HAPPY","COMMON","HAPPY","Willow_Kill_VO","1",,,,,,"TRUE",,,,,,,"TrophyRewardsPuppeteer",,"NEVER"
"emoji_willow_gg",,,"sc/emoji_1.sc","emoji_willow_gg","Puppeteer",,,,"SPECIAL","RARE","GG","Willow_Lead_VO","1",,,,"750","19","TRUE",,,,,,,,,"AVAILABLE"
"emoji_willow_phew",,,"sc/emoji_1.sc","emoji_willow_phew","Puppeteer",,,,"SPECIAL","EPIC","PHEW","Willow_Hurt_VO","4",,,,"1500","39","TRUE",,,,,,,,,"AVAILABLE"
"emoji_willow_sad",,,"sc/emoji_1.sc","emoji_willow_sad","Puppeteer",,,,"SAD","COMMON","SAD","Willow_Die_VO","1",,,,"375","9","TRUE",,,,,,,,"TRUE","AVAILABLE"
"emoji_willow_special",,,"sc/emoji_1.sc","emoji_willow_special","Puppeteer",,,,"SPECIAL","EPIC","SPECIAL","Willow_Ulti_VO","2",,,,,,"TRUE",,,,,,,"TrophyRewardsPuppeteer",,"NEVER"
"emoji_willow_thanks",,,"sc/emoji_1.sc","emoji_willow_thanks","Puppeteer",,,,"SPECIAL","EPIC","THANKS","Willow_Kill_VO","6",,,,"1500","39","TRUE",,,,,,,,,"AVAILABLE"
"emoji_willow_clap",,,"sc/emoji_1.sc","emoji_willow_clap","Puppeteer",,,,"SPECIAL","RARE","CLAP","Colt_Pin_Clap","0",,,,"750","19","TRUE",,,,,,,,,"AVAILABLE"
"emoji_willow_facepalm",,,"sc/emoji_1.sc","emoji_willow_facepalm","Puppeteer",,,,"SPECIAL","COLLECTORS","FACEPALM",,,,,,,,"TRUE",,,,,,,"TrophyRewardsPuppeteer","TRUE","NEVER"
"emoji_rt_cult",,,"sc/emoji_1.sc","emoji_rt_cult","Splitter",,,,"SPECIAL","COLLECTORS","DEFAULT","RT_Lead_VO","7",,,,,,"TRUE",,,,,,,,,"NEVER"
"emoji_rt_cult_angry",,,"sc/emoji_1.sc","emoji_rt_cult_angry","Splitter",,,,"SPECIAL","COLLECTORS","ANGRY","RT_Hurt_VO","1",,"Crimson_rt",,,,"TRUE",,,,,,,,"TRUE","NEVER"
"emoji_rt_cult_happy",,,"sc/emoji_1.sc","emoji_rt_cult_happy","Splitter",,,,"SPECIAL","COLLECTORS","HAPPY","RT_Lead_VO","6",,"Crimson_rt",,,,"TRUE",,,,,,,,,"NEVER"
"emoji_rt_cult_gg",,,"sc/emoji_1.sc","emoji_rt_cult_gg","Splitter",,,,"SPECIAL","COLLECTORS","GG","RT_Kill_VO","6",,"Crimson_rt",,,,"TRUE",,,,,,,,,"NEVER"
"emoji_rt_cult_phew",,,"sc/emoji_1.sc","emoji_rt_cult_phew","Splitter",,,,"SPECIAL","COLLECTORS","PHEW","RT_Die_VO","3",,"Crimson_rt",,,,"TRUE",,,,,,,,,"NEVER"
"emoji_rt_cult_sad",,,"sc/emoji_1.sc","emoji_rt_cult_sad","Splitter",,,,"SPECIAL","COLLECTORS","SAD","RT_Hurt_VO","3",,"Crimson_rt",,,,"TRUE",,,,,,,,"TRUE","NEVER"
"emoji_rt_cult_special",,,"sc/emoji_1.sc","emoji_rt_cult_special","Splitter",,,,"SPECIAL","COLLECTORS","SPECIAL","RT_Start_VO","4",,"Crimson_rt",,,,"TRUE",,,,,,,,,"NEVER"
"emoji_rt_cult_thanks",,,"sc/emoji_1.sc","emoji_rt_cult_thanks","Splitter",,,,"SPECIAL","COLLECTORS","THANKS","RT_Kill_VO","1",,"Crimson_rt",,,,"TRUE",,,,,,,,,"NEVER"
"emoji_rt_cult_clap",,,"sc/emoji_1.sc","emoji_rt_cult_clap","Splitter",,,,"SPECIAL","COLLECTORS","CLAP","Colt_Pin_Clap","0",,"Crimson_rt",,,,"TRUE",,,,,,,,,"NEVER"
"emoji_penny_bunny",,,"sc/emoji_1.sc","emoji_penny_bunny","ArtilleryDude",,,,"DEFAULT","COLLECTORS","SPECIAL",,,,,,,,"TRUE",,,,,,,,,"NEVER"
"emoji_penny_bunny_dark",,,"sc/emoji_1.sc","emoji_penny_bunny_dark","ArtilleryDude",,,,"DEFAULT","COLLECTORS","SPECIAL",,,,,,,,"TRUE",,,,,,,,,"NEVER"
"emoji_esports2023_penny",,,"sc/emoji_1.sc","emoji_esports2023_penny",,,,,"SPECIAL","COLLECTORS","SPECIAL",,,,,,,,"TRUE",,,,,,,,,"NEVER"
"emoji_esports2023_brock",,,"sc/emoji_1.sc","emoji_esports2023_brock",,,,,"SPECIAL","COLLECTORS","SPECIAL",,,,,,,,"TRUE",,,,,,,,,"NEVER"
"emoji_gw_skull",,,"sc/emoji_1.sc","emoji_gw_skull",,,,,"SPECIAL","COLLECTORS","SPECIAL",,,,,,,,"TRUE",,,,"GOLDENWEEK",,,,"TRUE","NEVER"
"emoji_monkey_blind",,,"sc/emoji_1.sc","emoji_monkey_blind",,,,,"SPECIAL","COLLECTORS","SPECIAL",,,,,,"1500","39","TRUE",,,,"JUNGLE",,,,,"AVAILABLE"
"emoji_monkey_dumb",,,"sc/emoji_1.sc","emoji_monkey_dumb",,,,,"SPECIAL","COLLECTORS","SPECIAL",,,,,,"1500","39","TRUE",,,,"JUNGLE",,,,,"AVAILABLE"
"emoji_monkey_deaf",,,"sc/emoji_1.sc","emoji_monkey_deaf",,,,,"SPECIAL","COLLECTORS","SPECIAL",,,,,,"1500","39","TRUE",,,,"JUNGLE",,,,,"AVAILABLE"
"emoji_amazon_frog",,,"sc/emoji_1.sc","emoji_amazon_frog",,,,,"SPECIAL","COLLECTORS","SPECIAL",,,,,,"1500","39","TRUE",,,,"JUNGLE",,,,,"AVAILABLE"
"emoji_olympus_fire",,,"sc/emoji_1.sc","emoji_olympus_fire",,,,,"SPECIAL","COLLECTORS","SPECIAL",,,,,,"1500","39","TRUE",,,,"OLYMPUS",,,,,"AVAILABLE"
"emoji_olympus_fist",,,"sc/emoji_1.sc","emoji_olympus_fist",,,,,"SPECIAL","COLLECTORS","SPECIAL",,,,,,"1500","39","TRUE",,,,"OLYMPUS",,,,,"AVAILABLE"
"emoji_olympus_lightning",,,"sc/emoji_1.sc","emoji_olympus_lightning",,,,,"SPECIAL","COLLECTORS","SPECIAL",,,,,,"1500","39","TRUE",,,,"OLYMPUS",,,,,"AVAILABLE"
"emoji_brock_olympus",,,"sc/emoji_1.sc","emoji_brock_olympus","RocketGirl",,,,"DEFAULT","COLLECTORS","SPECIAL",,,,,,,,"TRUE",,,,,,,,,"NEVER"
"emoji_nani_olympus",,,"sc/emoji_1.sc","emoji_nani_olympus","Controller",,,,"DEFAULT","COLLECTORS","SPECIAL",,,,,,,,"TRUE",,,,,,,,,"NEVER"
"emoji_tick_olympus",,,"sc/emoji_1.sc","emoji_tick_olympus","ClusterBombDude",,,,"DEFAULT","COLLECTORS","SPECIAL",,,,,,,,"TRUE",,,,,,,,,"NEVER"
"emoji_cameron_jungle",,,"sc/emoji_1.sc","emoji_cameron_jungle","ShieldTank",,,,"DEFAULT","COLLECTORS","SPECIAL",,,,,,,,"TRUE",,,,,,,,,"NEVER"
"emoji_max_jungle",,,"sc/emoji_1.sc","emoji_max_jungle","Speedy",,,,"DEFAULT","COLLECTORS","SPECIAL",,,,,,,,"TRUE",,,,,,,,,"NEVER"
"emoji_colt_jungle",,,"sc/emoji_1.sc","emoji_colt_jungle","Gunslinger",,,,"DEFAULT","COLLECTORS","SPECIAL",,,,,,,,"TRUE",,,,,,,,,"NEVER"
"emoji_meg_jungle",,,"sc/emoji_1.sc","emoji_meg_jungle","MechaDude",,,,"DEFAULT","COLLECTORS","SPECIAL",,,,,,,,"TRUE",,,,,,,,,"NEVER"
"emoji_maisie",,,"sc/emoji_1.sc","emoji_maisie","Maisie",,,,"DEFAULT","DEFAULT","DEFAULT","Maisie_Lead_VO","0",,,,,,"TRUE",,,,,,,,,"NEVER"
"emoji_maisie_angry",,,"sc/emoji_1.sc","emoji_maisie_angry","Maisie",,,,"ANGRY","COMMON","ANGRY","Maisie_Hurt_VO","1",,,,"375","9","TRUE",,,,,,,,"TRUE","AVAILABLE"
"emoji_maisie_happy",,,"sc/emoji_1.sc","emoji_maisie_happy","Maisie",,,,"HAPPY","COMMON","HAPPY","Maisie_Kill_VO","0",,,,,,"TRUE",,,,,,,"TrophyRewardsMaisie",,"NEVER"
"emoji_maisie_gg",,,"sc/emoji_1.sc","emoji_maisie_gg","Maisie",,,,"SPECIAL","RARE","GG","Maisie_Ulti_VO","4",,,,"750","19","TRUE",,,,,,,,,"AVAILABLE"
"emoji_maisie_phew",,,"sc/emoji_1.sc","emoji_maisie_phew","Maisie",,,,"SPECIAL","EPIC","PHEW","Maisie_Hurt_VO","5",,,,"1500","39","TRUE",,,,,,,,,"AVAILABLE"
"emoji_maisie_sad",,,"sc/emoji_1.sc","emoji_maisie_sad","Maisie",,,,"SAD","COMMON","SAD","Maisie_Die_VO","7",,,,"375","9","TRUE",,,,,,,,"TRUE","AVAILABLE"
"emoji_maisie_special",,,"sc/emoji_1.sc","emoji_maisie_special","Maisie",,,,"SPECIAL","EPIC","SPECIAL","Maisie_Kill_VO","3",,,,,,"TRUE",,,,,,,"TrophyRewardsMaisie",,"NEVER"
"emoji_maisie_thanks",,,"sc/emoji_1.sc","emoji_maisie_thanks","Maisie",,,,"SPECIAL","EPIC","THANKS","Maisie_Start_VO","0",,,,"1500","39","TRUE",,,,,,,,,"AVAILABLE"
"emoji_maisie_clap",,,"sc/emoji_1.sc","emoji_maisie_clap","Maisie",,,,"SPECIAL","RARE","CLAP","Colt_Pin_Clap","0",,,,"750","19","TRUE",,,,,,,,,"AVAILABLE"
"emoji_maisie_facepalm",,,"sc/emoji_1.sc","emoji_maisie_facepalm","Maisie",,,,"SPECIAL","COLLECTORS","FACEPALM",,,,,,,,"TRUE",,,,,,,"TrophyRewardsMaisie",,"NEVER"
"emoji_maisie_jungle",,,"sc/emoji_1.sc","emoji_maisie_jungle","Maisie",,,,"SPECIAL","COLLECTORS","DEFAULT","Maisie_Lead_VO","0",,,,,,"TRUE",,,,,,,,,"NEVER"
"emoji_maisie_jungle_angry",,,"sc/emoji_1.sc","emoji_maisie_jungle_angry","Maisie",,,,"SPECIAL","COLLECTORS","ANGRY","Maisie_Hurt_VO","1",,"Jungle_maisie",,,,"TRUE",,,,,,,,"TRUE","NEVER"
"emoji_maisie_jungle_happy",,,"sc/emoji_1.sc","emoji_maisie_jungle_happy","Maisie",,,,"SPECIAL","COLLECTORS","HAPPY","Maisie_Kill_VO","0",,"Jungle_maisie",,,,"TRUE",,,,,,,,,"NEVER"
"emoji_maisie_jungle_gg",,,"sc/emoji_1.sc","emoji_maisie_jungle_gg","Maisie",,,,"SPECIAL","COLLECTORS","GG","Maisie_Ulti_VO","4",,"Jungle_maisie",,,,"TRUE",,,,,,,,,"NEVER"
"emoji_maisie_jungle_phew",,,"sc/emoji_1.sc","emoji_maisie_jungle_phew","Maisie",,,,"SPECIAL","COLLECTORS","PHEW","Maisie_Hurt_VO","5",,"Jungle_maisie",,,,"TRUE",,,,,,,,,"NEVER"
"emoji_maisie_jungle_sad",,,"sc/emoji_1.sc","emoji_maisie_jungle_sad","Maisie",,,,"SPECIAL","COLLECTORS","SAD","Maisie_Die_VO","7",,"Jungle_maisie",,,,"TRUE",,,,,,,,"TRUE","NEVER"
"emoji_maisie_jungle_special",,,"sc/emoji_1.sc","emoji_maisie_jungle_special","Maisie",,,,"SPECIAL","COLLECTORS","SPECIAL","Maisie_Kill_VO","3",,"Jungle_maisie",,,,"TRUE",,,,,,,,,"NEVER"
"emoji_maisie_jungle_thanks",,,"sc/emoji_1.sc","emoji_maisie_jungle_thanks","Maisie",,,,"SPECIAL","COLLECTORS","THANKS","Maisie_Start_VO","0",,"Jungle_maisie",,,,"TRUE",,,,,,,,,"NEVER"
"emoji_maisie_jungle_clap",,,"sc/emoji_1.sc","emoji_maisie_jungle_clap","Maisie",,,,"SPECIAL","COLLECTORS","CLAP","Colt_Pin_Clap","0",,"Jungle_maisie",,,,"TRUE",,,,,,,,,"NEVER"
"emoji_max_olympus",,,"sc/emoji_1.sc","emoji_max_olympus","Speedy",,,,"DEFAULT","COLLECTORS","SPECIAL",,,,,,,,"TRUE",,,,,,,,,"NEVER"
"emoji_lilt",,,"sc/emoji_1.sc","emoji_lilt","FishTank",,,,"DEFAULT","DEFAULT","DEFAULT","Hank_Start_VO","2",,,,,,"TRUE",,,,,,,,,"NEVER"
"emoji_lilt_angry",,,"sc/emoji_1.sc","emoji_lilt_angry","FishTank",,,,"ANGRY","COMMON","ANGRY","Hank_Lead_VO","3",,,,"375","9","TRUE",,,,,,,,"TRUE","AVAILABLE"
"emoji_lilt_happy",,,"sc/emoji_1.sc","emoji_lilt_happy","FishTank",,,,"HAPPY","COMMON","HAPPY","Hank_Lead_VO","0",,,,,,"TRUE",,,,,,,"TrophyRewardsFishTank",,"NEVER"
"emoji_lilt_gg",,,"sc/emoji_1.sc","emoji_lilt_gg","FishTank",,,,"SPECIAL","RARE","GG","Hank_Lead_VO","2",,,,"750","19","TRUE",,,,,,,,,"AVAILABLE"
"emoji_lilt_phew",,,"sc/emoji_1.sc","emoji_lilt_phew","FishTank",,,,"SPECIAL","EPIC","PHEW","Hank_Die_VO","2",,,,"1500","39","TRUE",,,,,,,,,"AVAILABLE"
"emoji_lilt_sad",,,"sc/emoji_1.sc","emoji_lilt_sad","FishTank",,,,"SAD","COMMON","SAD","Hank_Die_VO","8",,,,"375","9","TRUE",,,,,,,,"TRUE","AVAILABLE"
"emoji_lilt_special",,,"sc/emoji_1.sc","emoji_lilt_special","FishTank",,,,"SPECIAL","EPIC","SPECIAL","Hank_Ulti_VO","1",,,,,,"TRUE",,,,,,,"TrophyRewardsFishTank",,"NEVER"
"emoji_lilt_thanks",,,"sc/emoji_1.sc","emoji_lilt_thanks","FishTank",,,,"SPECIAL","EPIC","THANKS","Hank_Start_VO","9",,,,"1500","39","TRUE",,,,,,,,,"AVAILABLE"
"emoji_lilt_clap",,,"sc/emoji_1.sc","emoji_lilt_clap","FishTank",,,,"SPECIAL","RARE","CLAP","Colt_Pin_Clap","0",,,,"750","19","TRUE",,,,,,,,,"AVAILABLE"
"emoji_lilt_facepalm",,,"sc/emoji_1.sc","emoji_lilt_facepalm","FishTank",,,,"SPECIAL","COLLECTORS","FACEPALM",,,,,,,,"TRUE",,,,,,,"TrophyRewardsFishTank","TRUE","NEVER"
"emoji_8bit_virus",,,"sc/emoji_1.sc","emoji_8bit_virus","Arcade",,,,"DEFAULT","COLLECTORS","SPECIAL","8bit_Virus_Start_VO","0",,,,,,"TRUE",,,,,,,,,"NEVER"
"emoji_jessie_catburglar",,,"sc/emoji_1.sc","emoji_jessie_catburglar","Mechanic",,,,"DEFAULT","COLLECTORS","SPECIAL",,,,,,,,"TRUE",,,,,,,,,"NEVER"
"emoji_jessie_knight",,,"sc/emoji_1.sc","emoji_jessie_knight","Mechanic",,,,"DEFAULT","COLLECTORS","SPECIAL",,,,,,,,"TRUE",,,,,,,,,"NEVER"
"emoji_esports2023_max",,,"sc/emoji_1.sc","emoji_esports2023_max",,,,,"SPECIAL","COLLECTORS","SPECIAL",,,,,,,,"TRUE",,,,,,,,,"NEVER"
"emoji_esports2023_leon",,,"sc/emoji_1.sc","emoji_esports2023_leon",,,,,"SPECIAL","COLLECTORS","SPECIAL",,,,,,,,"TRUE",,,,,,,,,"NEVER"
"emoji_max_black_jungle",,,"sc/emoji_1.sc","emoji_max_black_jungle","Speedy",,,,"DEFAULT","COLLECTORS","SPECIAL",,,,,,,,"TRUE",,,,,,,,,"NEVER"
"emoji_emz_gw",,,"sc/emoji_1.sc","emoji_emz_gw","Mummy",,,,"DEFAULT","COLLECTORS","SPECIAL",,,,,,,,"TRUE",,,,,,,,,"NEVER"
"emoji_gw_cat",,,"sc/emoji_1.sc","emoji_gw_cat",,,,,"SPECIAL","COLLECTORS","SPECIAL",,,,,,"1500","39","TRUE",,,,,,,,,"AVAILABLE"
"emoji_emz_fan",,,"sc/emoji_1.sc","emoji_emz_fan","Mummy",,,,"DEFAULT","COLLECTORS","SPECIAL",,,,,,,,"TRUE",,,,,,,,,"NEVER"
"emoji_primo_king",,,"sc/emoji_1.sc","emoji_primo_king","Luchador",,,,"DEFAULT","COLLECTORS","SPECIAL",,,,,,,,"TRUE",,,,,,,,,"NEVER"
"emoji_dynamike_robot",,,"sc/emoji_1.sc","emoji_dynamike_robot","TntDude",,,,"SPECIAL","COLLECTORS","SPECIAL",,,,"Dynamike_robot",,,,"TRUE",,,,,,,,,"NEVER"
"emoji_colt_handsome",,,"sc/emoji_1.sc","emoji_colt_handsome","Gunslinger",,,,"DEFAULT","COLLECTORS","SPECIAL",,,,,,,,"TRUE",,,,,,,,,"NEVER"
"emoji_jacky_ultradriller",,,"sc/emoji_1.sc","emoji_jacky_ultradriller","Driller",,,,"DEFAULT","COLLECTORS","SPECIAL",,,,,,,,"TRUE",,,,,,,,,"NEVER"
"emoji_gene_evil",,,"sc/emoji_1.sc","emoji_gene_evil","HookDude",,,,"DEFAULT","COLLECTORS","SPECIAL",,,,,,,,"TRUE",,,,,,,,,"NEVER"
"emoji_dino",,,"sc/emoji_1.sc","emoji_dino","Reviver",,,,"DEFAULT","DEFAULT","DEFAULT","Doug_Start_VO","4",,,,,,"TRUE",,,,,,,,,"NEVER"
"emoji_dino_angry",,,"sc/emoji_1.sc","emoji_dino_angry","Reviver",,,,"ANGRY","COMMON","ANGRY","Doug_Hurt_VO","7",,,,"375","9","TRUE",,,,,,,,"TRUE","AVAILABLE"
"emoji_dino_happy",,,"sc/emoji_1.sc","emoji_dino_happy","Reviver",,,,"HAPPY","COMMON","HAPPY","Doug_Lead_VO","1",,,,,,"TRUE",,,,,,,"TrophyRewardsReviver",,"NEVER"
"emoji_dino_gg",,,"sc/emoji_1.sc","emoji_dino_gg","Reviver",,,,"SPECIAL","RARE","GG","Doug_Kill_VO","6",,,,"750","19","TRUE",,,,,,,,,"AVAILABLE"
"emoji_dino_phew",,,"sc/emoji_1.sc","emoji_dino_phew","Reviver",,,,"SPECIAL","EPIC","PHEW","Doug_Hurt_VO","2",,,,"1500","39","TRUE",,,,,,,,,"AVAILABLE"
"emoji_dino_sad",,,"sc/emoji_1.sc","emoji_dino_sad","Reviver",,,,"SAD","COMMON","SAD","Doug_Die_VO","11",,,,"375","9","TRUE",,,,,,,,"TRUE","AVAILABLE"
"emoji_dino_special",,,"sc/emoji_1.sc","emoji_dino_special","Reviver",,,,"SPECIAL","EPIC","SPECIAL","Doug_Lead_VO","4",,,,,,"TRUE",,,,,,,"TrophyRewardsReviver",,"NEVER"
"emoji_dino_thanks",,,"sc/emoji_1.sc","emoji_dino_thanks","Reviver",,,,"SPECIAL","EPIC","THANKS","Doug_Kill_VO","8",,,,"1500","39","TRUE",,,,,,,,,"AVAILABLE"
"emoji_dino_clap",,,"sc/emoji_1.sc","emoji_dino_clap","Reviver",,,,"SPECIAL","RARE","CLAP","Colt_Pin_Clap","0",,,,"750","19","TRUE",,,,,,,,,"AVAILABLE"
"emoji_dino_facepalm",,,"sc/emoji_1.sc","emoji_dino_facepalm","Reviver",,,,"SPECIAL","COLLECTORS","FACEPALM",,,,,,,,"TRUE",,,,,,,"TrophyRewardsReviver",,"NEVER"
"emoji_crow_phoenix",,,"sc/emoji_1.sc","emoji_crow_phoenix","Crow",,,,"SPECIAL","COLLECTORS","DEFAULT","Phoenix_Crow_Start_VO","4",,"Crow_phoenix",,,,"TRUE",,,,,,,,,"NEVER"
"emoji_crow_phoenix_angry",,,"sc/emoji_1.sc","emoji_crow_phoenix_angry","Crow",,,,"SPECIAL","COLLECTORS","ANGRY","Phoenix_Crow_Hurt_VO","0",,"Crow_phoenix",,,,"TRUE",,,,,,,,"TRUE","NEVER"
"emoji_crow_phoenix_happy",,,"sc/emoji_1.sc","emoji_crow_phoenix_happy","Crow",,,,"SPECIAL","COLLECTORS","HAPPY","Phoenix_Crow_Kill_VO","6",,"Crow_phoenix",,,,"TRUE",,,,,,,,,"NEVER"
"emoji_crow_phoenix_gg",,,"sc/emoji_1.sc","emoji_crow_phoenix_gg","Crow",,,,"SPECIAL","COLLECTORS","GG","Phoenix_Crow_Ulti_VO","0",,"Crow_phoenix",,,,"TRUE",,,,,,,,,"NEVER"
"emoji_crow_phoenix_phew",,,"sc/emoji_1.sc","emoji_crow_phoenix_phew","Crow",,,,"SPECIAL","COLLECTORS","PHEW","Phoenix_Crow_Hurt_VO","8",,"Crow_phoenix",,,,"TRUE",,,,,,,,,"NEVER"
"emoji_crow_phoenix_sad",,,"sc/emoji_1.sc","emoji_crow_phoenix_sad","Crow",,,,"SPECIAL","COLLECTORS","SAD","Phoenix_Crow_Hurt_VO","6",,"Crow_phoenix",,,,"TRUE",,,,,,,,"TRUE","NEVER"
"emoji_crow_phoenix_special",,,"sc/emoji_1.sc","emoji_crow_phoenix_special","Crow",,,,"SPECIAL","COLLECTORS","SPECIAL","Phoenix_Crow_Kill_VO","6",,"Crow_phoenix",,,,"TRUE",,,,,,,,,"NEVER"
"emoji_crow_phoenix_thanks",,,"sc/emoji_1.sc","emoji_crow_phoenix_thanks","Crow",,,,"SPECIAL","COLLECTORS","THANKS","Phoenix_Crow_Lead_VO","5",,"Crow_phoenix",,,,"TRUE",,,,,,,,,"NEVER"
"emoji_crow_phoenix_clap",,,"sc/emoji_1.sc","emoji_crow_phoenix_clap","Crow",,,,"SPECIAL","COLLECTORS","CLAP","Colt_Pin_Clap","0",,"Crow_phoenix",,,,"TRUE",,,,,,,,,"NEVER"
"emoji_tox",,,"sc/emoji_1.sc","emoji_tox","Duelist",,,,"DEFAULT","DEFAULT","DEFAULT","Cordelius_Start_VO","0",,,,,,"TRUE",,,,,,,,,"NEVER"
"emoji_tox_angry",,,"sc/emoji_1.sc","emoji_tox_angry","Duelist",,,,"ANGRY","COMMON","ANGRY","Cordelius_Hurt_VO","8",,,,"375","9","TRUE",,,,,,,,"TRUE","AVAILABLE"
"emoji_tox_happy",,,"sc/emoji_1.sc","emoji_tox_happy","Duelist",,,,"HAPPY","COMMON","HAPPY","Cordelius_Kill_VO","10",,,,,,"TRUE",,,,,,,"TrophyRewardsDuelist",,"NEVER"
"emoji_tox_gg",,,"sc/emoji_1.sc","emoji_tox_gg","Duelist",,,,"SPECIAL","RARE","GG","Cordelius_Lead_VO","1",,,,"750","19","TRUE",,,,,,,,,"AVAILABLE"
"emoji_tox_phew",,,"sc/emoji_1.sc","emoji_tox_phew","Duelist",,,,"SPECIAL","EPIC","PHEW","Cordelius_Hurt_VO","1",,,,"1500","39","TRUE",,,,,,,,,"AVAILABLE"
"emoji_tox_sad",,,"sc/emoji_1.sc","emoji_tox_sad","Duelist",,,,"SAD","COMMON","SAD","Cordelius_Die_VO","6",,,,"375","9","TRUE",,,,,,,,"TRUE","AVAILABLE"
"emoji_tox_special",,,"sc/emoji_1.sc","emoji_tox_special","Duelist",,,,"SPECIAL","EPIC","SPECIAL","Cordelius_Start_VO","1",,,,,,"TRUE",,,,,,,"TrophyRewardsDuelist",,"NEVER"
"emoji_tox_thanks",,,"sc/emoji_1.sc","emoji_tox_thanks","Duelist",,,,"SPECIAL","EPIC","THANKS","Cordelius_Kill_VO","5",,,,"1500","39","TRUE",,,,,,,,,"AVAILABLE"
"emoji_tox_clap",,,"sc/emoji_1.sc","emoji_tox_clap","Duelist",,,,"SPECIAL","RARE","CLAP","Colt_Pin_Clap","0",,,,"750","19","TRUE",,,,,,,,,"AVAILABLE"
"emoji_tox_facepalm",,,"sc/emoji_1.sc","emoji_tox_facepalm","Duelist",,,,"SPECIAL","COLLECTORS","FACEPALM",,,,,,,,"TRUE",,,,,,,"TrophyRewardsDuelist",,"NEVER"
"emoji_esports_grassroot",,,"sc/emoji_1.sc","emoji_esports_grassroot",,,,,"SPECIAL","COLLECTORS","SPECIAL",,,,,,,,"TRUE",,,,,,,,,"NEVER"
"emoji_football_redcard",,,"sc/emoji_1.sc","emoji_football_redcard",,,,,"SPECIAL","COLLECTORS","SPECIAL",,,,,,"1500","39","TRUE",,,,"GOLDENBALL",,,,,"AVAILABLE"
"emoji_football_vuvuzela",,,"sc/emoji_1.sc","emoji_football_vuvuzela",,,,,"SPECIAL","COLLECTORS","SPECIAL",,,,,,"1500","39","TRUE",,,,"GOLDENBALL",,,,,"AVAILABLE"
"emoji_football_whistle",,,"sc/emoji_1.sc","emoji_football_whistle",,,,,"SPECIAL","COLLECTORS","SPECIAL","Buzz_Hurt_VO","6",,,,"1500","39","TRUE",,,,"GOLDENBALL",,,,,"AVAILABLE"
"emoji_football_yellowcard",,,"sc/emoji_1.sc","emoji_football_yellowcard",,,,,"SPECIAL","COLLECTORS","SPECIAL",,,,,,"1500","39","TRUE",,,,"GOLDENBALL",,,,,"AVAILABLE"
"emoji_kairos_game",,,"sc/emoji_1.sc","emoji_kairos_game",,,,,"SPECIAL","COLLECTORS","SPECIAL",,,,,,,,"TRUE",,,,,,,,,"NEVER"
"emoji_pirates_chest",,,"sc/emoji_1.sc","emoji_pirates_chest",,,,,"SPECIAL","COLLECTORS","SPECIAL",,,,,,"1500","39","TRUE",,,,"CURSED",,,,,"AVAILABLE"
"emoji_pirates_skull",,,"sc/emoji_1.sc","emoji_pirates_skull",,,,,"SPECIAL","COLLECTORS","SPECIAL",,,,,,"1500","39","TRUE",,,,"CURSED",,,,,"AVAILABLE"
"emoji_pirates_thumbdown",,,"sc/emoji_1.sc","emoji_pirates_thumbdown",,,,,"SPECIAL","COLLECTORS","SPECIAL",,,,,,"1500","39","TRUE",,,,"CURSED",,,,"TRUE","AVAILABLE"
"emoji_pirates_thumbup",,,"sc/emoji_1.sc","emoji_pirates_thumbup",,,,,"SPECIAL","COLLECTORS","SPECIAL",,,,,,"1500","39","TRUE",,,,"CURSED",,,,,"AVAILABLE"
"emoji_esports2023_edgar",,,"sc/emoji_1.sc","emoji_esports2023_edgar",,,,,"SPECIAL","COLLECTORS","SPECIAL",,,,,,,,"TRUE",,,,,,,,,"NEVER"
"emoji_summer_dive",,,"sc/emoji_1.sc","emoji_summer_dive",,,,,"SPECIAL","COLLECTORS","SPECIAL",,,,,,"1500","39","TRUE",,,,"SUMMER",,,,,"AVAILABLE"
"emoji_summer_parasol",,,"sc/emoji_1.sc","emoji_summer_parasol",,,,,"SPECIAL","COLLECTORS","SPECIAL",,,,,,"1500","39","TRUE",,,,"SUMMER",,,,,"AVAILABLE"
"emoji_summer_sun",,,"sc/emoji_1.sc","emoji_summer_sun",,,,,"SPECIAL","COLLECTORS","SPECIAL",,,,,,"1500","39","TRUE",,,,"SUMMER",,,,,"AVAILABLE"
"emoji_summer_sweat",,,"sc/emoji_1.sc","emoji_summer_sweat",,,,,"SPECIAL","COLLECTORS","SPECIAL",,,,,,"1500","39","TRUE",,,,"SUMMER",,,,,"AVAILABLE"
"emoji_toxic_mushroom",,,"sc/emoji_1.sc","emoji_toxic_mushroom",,,,,"SPECIAL","COLLECTORS","SPECIAL",,,,,,"1500","39","TRUE",,,,"ENCHANTED",,,,"TRUE","AVAILABLE"
"emoji_tox_space",,,"sc/emoji_1.sc","emoji_tox_space","Duelist",,,,"SPECIAL","COLLECTORS","DEFAULT","Cordelius_Start_VO","0",,,,,,"TRUE",,,,,,,,,"NEVER"
"emoji_tox_space_angry",,,"sc/emoji_1.sc","emoji_tox_space_angry","Duelist",,,,"SPECIAL","COLLECTORS","ANGRY","Cordelius_Hurt_VO","8",,"Sporemind_cordelius",,,,"TRUE",,,,,,,,"TRUE","NEVER"
"emoji_tox_space_happy",,,"sc/emoji_1.sc","emoji_tox_space_happy","Duelist",,,,"SPECIAL","COLLECTORS","HAPPY","Cordelius_Kill_VO","10",,"Sporemind_cordelius",,,,"TRUE",,,,,,,,,"NEVER"
"emoji_tox_space_gg",,,"sc/emoji_1.sc","emoji_tox_space_gg","Duelist",,,,"SPECIAL","COLLECTORS","GG","Cordelius_Lead_VO","1",,"Sporemind_cordelius",,,,"TRUE",,,,,,,,,"NEVER"
"emoji_tox_space_phew",,,"sc/emoji_1.sc","emoji_tox_space_phew","Duelist",,,,"SPECIAL","COLLECTORS","PHEW","Cordelius_Hurt_VO","1",,"Sporemind_cordelius",,,,"TRUE",,,,,,,,,"NEVER"
"emoji_tox_space_sad",,,"sc/emoji_1.sc","emoji_tox_space_sad","Duelist",,,,"SPECIAL","COLLECTORS","SAD","Cordelius_Die_VO","6",,"Sporemind_cordelius",,,,"TRUE",,,,,,,,"TRUE","NEVER"
"emoji_tox_space_special",,,"sc/emoji_1.sc","emoji_tox_space_special","Duelist",,,,"SPECIAL","COLLECTORS","SPECIAL","Cordelius_Start_VO","1",,"Sporemind_cordelius",,,,"TRUE",,,,,,,,,"NEVER"
"emoji_tox_space_thanks",,,"sc/emoji_1.sc","emoji_tox_space_thanks","Duelist",,,,"SPECIAL","COLLECTORS","THANKS","Cordelius_Kill_VO","5",,"Sporemind_cordelius",,,,"TRUE",,,,,,,,,"NEVER"
"emoji_tox_space_clap",,,"sc/emoji_1.sc","emoji_tox_space_clap","Duelist",,,,"SPECIAL","COLLECTORS","CLAP","Colt_Pin_Clap","0",,"Sporemind_cordelius",,,,"TRUE",,,,,,,,,"NEVER"
"emoji_starr",,,"sc/emoji_1.sc","emoji_starr",,,,,"DEFAULT","EPIC","DEFAULT",,,,,,"1500","39","TRUE",,,,,,,,,"AVAILABLE"
"emoji_starr_angry",,,"sc/emoji_1.sc","emoji_starr_angry",,,,,"ANGRY","EPIC","ANGRY",,,,,,"1500","39","TRUE",,,,,,,,"TRUE","AVAILABLE"
"emoji_starr_happy",,,"sc/emoji_1.sc","emoji_starr_happy",,,,,"HAPPY","EPIC","HAPPY",,,,,,"1500","39","TRUE",,,,,,,,,"AVAILABLE"
"emoji_starr_gg",,,"sc/emoji_1.sc","emoji_starr_gg",,,,,"SPECIAL","EPIC","GG",,,,,,"1500","39","TRUE",,,,,,,,,"AVAILABLE"
"emoji_starr_phew",,,"sc/emoji_1.sc","emoji_starr_phew",,,,,"SPECIAL","EPIC","PHEW",,,,,,"1500","39","TRUE",,,,,,,,,"AVAILABLE"
"emoji_starr_sad",,,"sc/emoji_1.sc","emoji_starr_sad",,,,,"SAD","EPIC","SAD",,,,,,"1500","39","TRUE",,,,,,,,"TRUE","AVAILABLE"
"emoji_starr_special",,,"sc/emoji_1.sc","emoji_starr_special",,,,,"SPECIAL","EPIC","SPECIAL",,,,,,"1500","39","TRUE",,,,,,,,,"AVAILABLE"
"emoji_starr_thanks",,,"sc/emoji_1.sc","emoji_starr_thanks",,,,,"SPECIAL","EPIC","THANKS",,,,,,"1500","39","TRUE",,,,,,,,,"AVAILABLE"
"emoji_starr_clap",,,"sc/emoji_1.sc","emoji_starr_clap",,,,,"SPECIAL","EPIC","CLAP","Colt_Pin_Clap","0",,,,"1500","39","TRUE",,,,,,,,,"AVAILABLE"
"emoji_bea_team",,"-1","sc/emoji_1.sc","emoji_bea_team",,,,,"SPECIAL","COLLECTORS","SPECIAL",,,,,,,,"TRUE",,,,"WF_2020","TRUE",,,,"NEVER"
"emoji_stu_team",,"-1","sc/emoji_1.sc","emoji_stu_team",,,,,"SPECIAL","COLLECTORS","SPECIAL",,,,,,,,"TRUE",,,,"WF_2020","TRUE",,,,"NEVER"
"emoji_8bit_enchanted",,,"sc/emoji_1.sc","emoji_8bit_enchanted","Arcade",,,,"DEFAULT","COLLECTORS","SPECIAL",,,,,,,,"TRUE",,,,,,,,,"NEVER"
"emoji_janet_enchanted",,,"sc/emoji_1.sc","emoji_janet_enchanted","JetpackGirl",,,,"DEFAULT","COLLECTORS","SPECIAL",,,,,,,,"TRUE",,,,,,,,,"NEVER"
"emoji_lou_enchanted",,,"sc/emoji_1.sc","emoji_lou_enchanted","IceDude",,,,"DEFAULT","COLLECTORS","SPECIAL",,,,,,,,"TRUE",,,,,,,,,"NEVER"
"emoji_chester_enchanted",,,"sc/emoji_1.sc","emoji_chester_enchanted","Jester",,,,"DEFAULT","COLLECTORS","SPECIAL",,,,,,,,"TRUE",,,,,,,,,"NEVER"
"emoji_bibi_cursed",,,"sc/emoji_1.sc","emoji_bibi_cursed","Baseball",,,,"DEFAULT","COLLECTORS","SPECIAL",,,,,,,,"TRUE",,,,,,,,"TRUE","NEVER"
"emoji_griff_cursed",,,"sc/emoji_1.sc","emoji_griff_cursed","AssaultShotgun",,,,"DEFAULT","COLLECTORS","SPECIAL",,,,,,,,"TRUE",,,,,,,,"TRUE","NEVER"
"emoji_meg_cursed",,,"sc/emoji_1.sc","emoji_meg_cursed","MechaDude",,,,"DEFAULT","COLLECTORS","SPECIAL",,,,,,,,"TRUE",,,,,,,,"TRUE","NEVER"
"emoji_surge_cursed",,,"sc/emoji_1.sc","emoji_surge_cursed","PowerLeveler",,,,"DEFAULT","COLLECTORS","SPECIAL",,,,,,,,"TRUE",,,,,,,,"TRUE","NEVER"
"emoji_primo_brown",,,"sc/emoji_1.sc","emoji_primo_brown","Luchador",,,,"DEFAULT","COLLECTORS","SPECIAL",,,,,,,,"TRUE",,,,,,,,,"NEVER"
"emoji_8bit_pl",,,"sc/emoji_1.sc","emoji_8bit_pl","Arcade",,,,"DEFAULT","COLLECTORS","SPECIAL",,,,,,,,"TRUE",,,,,,,,,"NEVER"
"emoji_buzz_pl",,,"sc/emoji_1.sc","emoji_buzz_pl","RopeDude",,,,"DEFAULT","COLLECTORS","SPECIAL",,,,,,,,"TRUE",,,,,,,,,"NEVER"
"emoji_jacky_pl",,,"sc/emoji_1.sc","emoji_jacky_pl","Driller",,,,"DEFAULT","COLLECTORS","SPECIAL",,,,,,,,"TRUE",,,,,,,,,"NEVER"
"emoji_penny_pl",,,"sc/emoji_1.sc","emoji_penny_pl","ArtilleryDude",,,,"DEFAULT","COLLECTORS","SPECIAL",,,,,,,,"TRUE",,,,,,,,,"NEVER"
"emoji_byron_pl",,,"sc/emoji_1.sc","emoji_byron_pl","SnakeOil",,,,"DEFAULT","COLLECTORS","SPECIAL",,,,,,,,"TRUE",,,,,,,,,"NEVER"
"emoji_fire",,,"sc/emoji_1.sc","emoji_fire",,,,,"SPECIAL","COLLECTORS","SPECIAL",,,,,,"1500","39","TRUE",,,,,,,,,"AVAILABLE"
"emoji_whitespray",,,"sc/emoji_1.sc","emoji_whitespray",,,,,"SPECIAL","COLLECTORS","SPECIAL",,,,,,"1500","39","TRUE",,,,,,,,,"AVAILABLE"
"emoji_edgar_mecha",,,"sc/emoji_1.sc","emoji_edgar_mecha","Enrager",,,,"SPECIAL","COLLECTORS","DEFAULT","Mech_Edgar_Start_VO","4",,"Edgar_mecha",,,,"TRUE",,,,,,,,,"NEVER"
"emoji_edgar_mecha_angry",,,"sc/emoji_1.sc","emoji_edgar_mecha_angry","Enrager",,,,"SPECIAL","COLLECTORS","ANGRY","Mech_Edgar_Die_VO","0",,"Edgar_mecha",,,,"TRUE",,,,,,,,"TRUE","NEVER"
"emoji_edgar_mecha_happy",,,"sc/emoji_1.sc","emoji_edgar_mecha_happy","Enrager",,,,"SPECIAL","COLLECTORS","HAPPY","Mech_Edgar_Kill_VO","1",,"Edgar_mecha",,,,"TRUE",,,,,,,,,"NEVER"
"emoji_edgar_mecha_gg",,,"sc/emoji_1.sc","emoji_edgar_mecha_gg","Enrager",,,,"SPECIAL","COLLECTORS","GG","Mech_Edgar_Kill_VO","0",,"Edgar_mecha",,,,"TRUE",,,,,,,,,"NEVER"
"emoji_edgar_mecha_phew",,,"sc/emoji_1.sc","emoji_edgar_mecha_phew","Enrager",,,,"SPECIAL","COLLECTORS","PHEW","Mech_Edgar_Die_VO","1",,"Edgar_mecha",,,,"TRUE",,,,,,,,,"NEVER"
"emoji_edgar_mecha_sad",,,"sc/emoji_1.sc","emoji_edgar_mecha_sad","Enrager",,,,"SPECIAL","COLLECTORS","SAD","Mech_Edgar_Hurt_VO","0",,"Edgar_mecha",,,,"TRUE",,,,,,,,"TRUE","NEVER"
"emoji_edgar_mecha_special",,,"sc/emoji_1.sc","emoji_edgar_mecha_special","Enrager",,,,"SPECIAL","COLLECTORS","SPECIAL","Mech_Edgar_Lead_VO","1",,"Edgar_mecha",,,,"TRUE",,,,,,,,,"NEVER"
"emoji_edgar_mecha_thanks",,,"sc/emoji_1.sc","emoji_edgar_mecha_thanks","Enrager",,,,"SPECIAL","COLLECTORS","THANKS","Mech_Edgar_Lead_VO","3",,"Edgar_mecha",,,,"TRUE",,,,,,,,,"NEVER"
"emoji_edgar_mecha_clap",,,"sc/emoji_1.sc","emoji_edgar_mecha_clap","Enrager",,,,"SPECIAL","COLLECTORS","CLAP","Colt_Pin_Clap","0",,"Edgar_mecha",,,,"TRUE",,,,,,,,,"NEVER"
"emoji_bull_overcharge",,,"sc/emoji_1.sc","emoji_bull_overcharge","BullDude",,,,"SPECIAL","COLLECTORS","SPECIAL",,,,,,,,"TRUE",,,,,,,,,"NEVER"
"emoji_colt_overcharge",,,"sc/emoji_1.sc","emoji_colt_overcharge","Gunslinger",,,,"SPECIAL","COLLECTORS","SPECIAL",,,,,,,,"TRUE",,,,,,,,,"NEVER"
"emoji_jacky_overcharge",,,"sc/emoji_1.sc","emoji_jacky_overcharge","Driller",,,,"SPECIAL","COLLECTORS","SPECIAL",,,,,,,,"TRUE",,,,,,,,,"NEVER"
"emoji_shelly_overcharge",,,"sc/emoji_1.sc","emoji_shelly_overcharge","ShotgunGirl",,,,"SPECIAL","COLLECTORS","SPECIAL",,,,,,,,"TRUE",,,,,,,,,"NEVER"
"emoji_spike_overcharge",,,"sc/emoji_1.sc","emoji_spike_overcharge","Cactus",,,,"SPECIAL","COLLECTORS","SPECIAL",,,,,,,,"TRUE",,,,,,,,,"NEVER"
"emoji_pearl",,,"sc/emoji_1.sc","emoji_pearl","Cooker",,,,"DEFAULT","DEFAULT","DEFAULT","Pearl_Start_VO","6",,,,,,"TRUE",,,,,,,,,"NEVER"
"emoji_pearl_angry",,,"sc/emoji_1.sc","emoji_pearl_angry","Cooker",,,,"ANGRY","COMMON","ANGRY","Pearl_Hurt_VO","3",,,,"375","9","TRUE",,,,,,,,"TRUE","AVAILABLE"
"emoji_pearl_happy",,,"sc/emoji_1.sc","emoji_pearl_happy","Cooker",,,,"HAPPY","COMMON","HAPPY","Pearl_Kill_VO","1",,,,,,"TRUE",,,,,,,"TrophyRewardsCooker",,"NEVER"
"emoji_pearl_gg",,,"sc/emoji_1.sc","emoji_pearl_gg","Cooker",,,,"SPECIAL","RARE","GG","Pearl_Kill_VO","0",,,,"750","19","TRUE",,,,,,,,,"AVAILABLE"
"emoji_pearl_phew",,,"sc/emoji_1.sc","emoji_pearl_phew","Cooker",,,,"SPECIAL","EPIC","PHEW","Pearl_Die_VO","3",,,,"1500","39","TRUE",,,,,,,,,"AVAILABLE"
"emoji_pearl_sad",,,"sc/emoji_1.sc","emoji_pearl_sad","Cooker",,,,"SAD","COMMON","SAD","Pearl_Hurt_VO","0",,,,"375","9","TRUE",,,,,,,,"TRUE","AVAILABLE"
"emoji_pearl_special",,,"sc/emoji_1.sc","emoji_pearl_special","Cooker",,,,"SPECIAL","EPIC","SPECIAL","Pearl_Start_VO","8",,,,,,"TRUE",,,,,,,"TrophyRewardsCooker",,"NEVER"
"emoji_pearl_thanks",,,"sc/emoji_1.sc","emoji_pearl_thanks","Cooker",,,,"SPECIAL","EPIC","THANKS","Pearl_Lead_VO","4",,,,"1500","39","TRUE",,,,,,,,,"AVAILABLE"
"emoji_pearl_clap",,,"sc/emoji_1.sc","emoji_pearl_clap","Cooker",,,,"SPECIAL","RARE","CLAP","Colt_Pin_Clap","0",,,,"750","19","TRUE",,,,,,,,,"AVAILABLE"
"emoji_pearl_facepalm",,,"sc/emoji_1.sc","emoji_pearl_facepalm","Cooker",,,,"SPECIAL","COLLECTORS","FACEPALM",,,,,,,,"TRUE",,,,,,,"TrophyRewardsCooker","TRUE","NEVER"
"emoji_chuck",,,"sc/emoji_1.sc","emoji_chuck","Conductor",,,,"DEFAULT","DEFAULT","DEFAULT","Chuck_Start_VO","3",,,,,,"TRUE",,,,,,,,,"NEVER"
"emoji_chuck_angry",,,"sc/emoji_1.sc","emoji_chuck_angry","Conductor",,,,"ANGRY","COMMON","ANGRY","Chuck_Hurt_VO","1",,,,"375","9","TRUE",,,,,,,,"TRUE","AVAILABLE"
"emoji_chuck_happy",,,"sc/emoji_1.sc","emoji_chuck_happy","Conductor",,,,"HAPPY","COMMON","HAPPY","Chuck_Lead_VO","3",,,,,,"TRUE",,,,,,,"TrophyRewardsConductor",,"NEVER"
"emoji_chuck_gg",,,"sc/emoji_1.sc","emoji_chuck_gg","Conductor",,,,"SPECIAL","RARE","GG","Chuck_Lead_VO","4",,,,"750","19","TRUE",,,,,,,,,"AVAILABLE"
"emoji_chuck_phew",,,"sc/emoji_1.sc","emoji_chuck_phew","Conductor",,,,"SPECIAL","EPIC","PHEW","Chuck_Hurt_VO","3",,,,"1500","39","TRUE",,,,,,,,,"AVAILABLE"
"emoji_chuck_sad",,,"sc/emoji_1.sc","emoji_chuck_sad","Conductor",,,,"SAD","COMMON","SAD","Chuck_Die_VO","5",,,,"375","9","TRUE",,,,,,,,"TRUE","AVAILABLE"
"emoji_chuck_special",,,"sc/emoji_1.sc","emoji_chuck_special","Conductor",,,,"SPECIAL","EPIC","SPECIAL","Chuck_Start_VO","4",,,,,,"TRUE",,,,,,,"TrophyRewardsConductor",,"NEVER"
"emoji_chuck_thanks",,,"sc/emoji_1.sc","emoji_chuck_thanks","Conductor",,,,"SPECIAL","EPIC","THANKS","Chuck_Kill_VO","1",,,,"1500","39","TRUE",,,,,,,,,"AVAILABLE"
"emoji_chuck_clap",,,"sc/emoji_1.sc","emoji_chuck_clap","Conductor",,,,"SPECIAL","RARE","CLAP","Colt_Pin_Clap","0",,,,"750","19","TRUE",,,,,,,,,"AVAILABLE"
"emoji_chuck_facepalm",,,"sc/emoji_1.sc","emoji_chuck_facepalm","Conductor",,,,"SPECIAL","COLLECTORS","FACEPALM",,,,,,,,"TRUE",,,,,,,"TrophyRewardsConductor","TRUE","NEVER"
"emoji_janet_moon",,,"sc/emoji_1.sc","emoji_janet_moon","JetpackGirl",,,,"DEFAULT","COLLECTORS","SPECIAL",,,,,,,,"TRUE",,,,,,,,,"NEVER"
"emoji_cordelius_wasteland",,,"sc/emoji_1.sc","emoji_cordelius_wasteland","Duelist",,,,"DEFAULT","COLLECTORS","SPECIAL",,,,,,,,"TRUE",,,,,,,,,"NEVER"
"emoji_willow_wasteland",,,"sc/emoji_1.sc","emoji_willow_wasteland","Puppeteer",,,,"DEFAULT","COLLECTORS","SPECIAL",,,,,,,,"TRUE",,,,,,,,,"NEVER"
"emoji_maisie_wasteland",,,"sc/emoji_1.sc","emoji_maisie_wasteland","Maisie",,,,"DEFAULT","COLLECTORS","SPECIAL",,,,,,,,"TRUE",,,,,,,,,"NEVER"
"emoji_hank_wasteland",,,"sc/emoji_1.sc","emoji_hank_wasteland","FishTank",,,,"DEFAULT","COLLECTORS","SPECIAL",,,,,,,,"TRUE",,,,,,,,,"NEVER"
"emoji_mandy_harvest",,,"sc/emoji_1.sc","emoji_mandy_harvest","Beamer",,,,"DEFAULT","COLLECTORS","SPECIAL",,,,,,,,"TRUE",,,,,,,,,"NEVER"
"emoji_rosa_university",,,"sc/emoji_1.sc","emoji_rosa_university","Rosa",,,,"DEFAULT","COLLECTORS","SPECIAL",,,,,,,,"TRUE",,,,,,,,,"NEVER"
"emoji_squeak_university",,,"sc/emoji_1.sc","emoji_squeak_university","StickyBomb",,,,"DEFAULT","COLLECTORS","SPECIAL",,,,,,,,"TRUE",,,,,,,,,"NEVER"
"emoji_stu_university",,,"sc/emoji_1.sc","emoji_stu_university","Roller",,,,"SPECIAL","COLLECTORS","DEFAULT","Monster_Stu_Start_VO","1",,"Stu_university",,,,"TRUE",,,,,,,,,"NEVER"
"emoji_stu_university_angry",,,"sc/emoji_1.sc","emoji_stu_university_angry","Roller",,,,"SPECIAL","COLLECTORS","ANGRY","Monster_Stu_Hurt_VO","8",,"Stu_university",,,,"TRUE",,,,,,,,"TRUE","NEVER"
"emoji_stu_university_happy",,,"sc/emoji_1.sc","emoji_stu_university_happy","Roller",,,,"SPECIAL","COLLECTORS","HAPPY","Monster_Stu_Kill_VO","0",,"Stu_university",,,,"TRUE",,,,,,,,,"NEVER"
"emoji_stu_university_gg",,,"sc/emoji_1.sc","emoji_stu_university_gg","Roller",,,,"SPECIAL","COLLECTORS","GG","Monster_Stu_Kill_VO","2",,"Stu_university",,,,"TRUE",,,,,,,,,"NEVER"
"emoji_stu_university_phew",,,"sc/emoji_1.sc","emoji_stu_university_phew","Roller",,,,"SPECIAL","COLLECTORS","PHEW","Monster_Stu_Hurt_VO","1",,"Stu_university",,,,"TRUE",,,,,,,,,"NEVER"
"emoji_stu_university_sad",,,"sc/emoji_1.sc","emoji_stu_university_sad","Roller",,,,"SPECIAL","COLLECTORS","SAD","Monster_Stu_Hurt_VO","2",,"Stu_university",,,,"TRUE",,,,,,,,"TRUE","NEVER"
"emoji_stu_university_special",,,"sc/emoji_1.sc","emoji_stu_university_special","Roller",,,,"SPECIAL","COLLECTORS","SPECIAL","Monster_Stu_Lead_VO","5",,"Stu_university",,,,"TRUE",,,,,,,,,"NEVER"
"emoji_stu_university_thanks",,,"sc/emoji_1.sc","emoji_stu_university_thanks","Roller",,,,"SPECIAL","COLLECTORS","THANKS","Monster_Stu_Lead_VO","0",,"Stu_university",,,,"TRUE",,,,,,,,,"NEVER"
"emoji_stu_university_clap",,,"sc/emoji_1.sc","emoji_stu_university_clap","Roller",,,,"SPECIAL","COLLECTORS","CLAP","Colt_Pin_Clap","0",,"Stu_university",,,,"TRUE",,,,,,,,,"NEVER"
"emoji_pearl_submarine",,,"sc/emoji_1.sc","emoji_pearl_submarine","Cooker",,,,"SPECIAL","COLLECTORS","DEFAULT","Pearl_Start_VO","6",,,,,,"TRUE",,,,,,,,,"NEVER"
"emoji_pearl_submarine_angry",,,"sc/emoji_1.sc","emoji_pearl_submarine_angry","Cooker",,,,"SPECIAL","COLLECTORS","ANGRY","Pearl_Hurt_VO","3",,"Periscope_pearl",,,,"TRUE",,,,,,,,"TRUE","NEVER"
"emoji_pearl_submarine_happy",,,"sc/emoji_1.sc","emoji_pearl_submarine_happy","Cooker",,,,"SPECIAL","COLLECTORS","HAPPY","Pearl_Kill_VO","1",,"Periscope_pearl",,,,"TRUE",,,,,,,,,"NEVER"
"emoji_pearl_submarine_gg",,,"sc/emoji_1.sc","emoji_pearl_submarine_gg","Cooker",,,,"SPECIAL","COLLECTORS","GG","Pearl_Kill_VO","0",,"Periscope_pearl",,,,"TRUE",,,,,,,,,"NEVER"
"emoji_pearl_submarine_phew",,,"sc/emoji_1.sc","emoji_pearl_submarine_phew","Cooker",,,,"SPECIAL","COLLECTORS","PHEW","Pearl_Die_VO","3",,"Periscope_pearl",,,,"TRUE",,,,,,,,,"NEVER"
"emoji_pearl_submarine_sad",,,"sc/emoji_1.sc","emoji_pearl_submarine_sad","Cooker",,,,"SPECIAL","COLLECTORS","SAD","Pearl_Hurt_VO","0",,"Periscope_pearl",,,,"TRUE",,,,,,,,"TRUE","NEVER"
"emoji_pearl_submarine_special",,,"sc/emoji_1.sc","emoji_pearl_submarine_special","Cooker",,,,"SPECIAL","COLLECTORS","SPECIAL","Pearl_Start_VO","8",,"Periscope_pearl",,,,"TRUE",,,,,,,,,"NEVER"
"emoji_pearl_submarine_thanks",,,"sc/emoji_1.sc","emoji_pearl_submarine_thanks","Cooker",,,,"SPECIAL","COLLECTORS","THANKS","Pearl_Lead_VO","4",,"Periscope_pearl",,,,"TRUE",,,,,,,,,"NEVER"
"emoji_pearl_submarine_clap",,,"sc/emoji_1.sc","emoji_pearl_submarine_clap","Cooker",,,,"SPECIAL","COLLECTORS","CLAP","Colt_Pin_Clap","0",,"Periscope_pearl",,,,"TRUE",,,,,,,,,"NEVER"
"emoji_bibi_heroine",,,"sc/emoji_1.sc","emoji_bibi_heroine","Baseball",,,,"DEFAULT","COLLECTORS","SPECIAL",,,,,,,,"TRUE",,,,,,,,,"NEVER"
"emoji_tara_streetninja",,,"sc/emoji_1.sc","emoji_tara_streetninja","BlackHole",,,,"DEFAULT","COLLECTORS","SPECIAL",,,,,,,,"TRUE",,,,,,,,,"NEVER"
"emoji_western_bang",,,"sc/emoji_1.sc","emoji_western_bang",,,,,"SPECIAL","COLLECTORS","SPECIAL",,,,,,"1500","39","TRUE",,,,"OUTLAWS",,,,,"AVAILABLE"
"emoji_western_tumbleweed",,,"sc/emoji_1.sc","emoji_western_tumbleweed",,,,,"SPECIAL","COLLECTORS","SPECIAL",,,,,,"1500","39","TRUE",,,,"OUTLAWS",,,,,"AVAILABLE"
"emoji_university_bookworm",,,"sc/emoji_1.sc","emoji_university_bookworm",,,,,"SPECIAL","COLLECTORS","SPECIAL",,,,,,"1500","39","TRUE",,,,"UNIVERSITY",,,,,"AVAILABLE"
"emoji_shelly_star",,,"sc/emoji_1.sc","emoji_shelly_star","ShotgunGirl",,,,"DEFAULT","COLLECTORS","SPECIAL",,,,,,,,"TRUE",,,,,,,,,"NEVER"
"emoji_pearl_overcharge",,,"sc/emoji_1.sc","emoji_pearl_overcharge","Cooker",,,,"SPECIAL","COLLECTORS","SPECIAL",,,,,,,,"TRUE",,,,,,,,,"NEVER"
"emoji_university_diploma",,,"sc/emoji_1.sc","emoji_university_diploma",,,,,"SPECIAL","COLLECTORS","SPECIAL",,,,,,"1500","39","TRUE",,,,"UNIVERSITY",,,,,"AVAILABLE"
"emoji_chuseok",,,"sc/emoji_1.sc","emoji_chuseok",,,,,"SPECIAL","COLLECTORS","SPECIAL",,,,,,"1500","39","TRUE",,,,"HARVESTFESTIVAL",,,,,"AVAILABLE"
"emoji_clown",,,"sc/emoji_1.sc","emoji_clown",,,,,"SPECIAL","COLLECTORS","SPECIAL",,,,,,"1500","39","TRUE",,,,"CIRCUS",,,,"TRUE","AVAILABLE"
"emoji_harvestmoonfestival",,,"sc/emoji_1.sc","emoji_harvestmoonfestival",,,,,"SPECIAL","COLLECTORS","SPECIAL",,,,,,"1500","39","TRUE",,,,"HARVESTFESTIVAL",,,,,"AVAILABLE"
"emoji_moonfestival",,,"sc/emoji_1.sc","emoji_moonfestival",,,,,"SPECIAL","COLLECTORS","SPECIAL",,,,,,"1500","39","TRUE",,,,"LUNAREVENT",,,,,"AVAILABLE"
"emoji_charlotte",,,"sc/emoji_1.sc","emoji_charlotte","Cocooner",,,,"DEFAULT","DEFAULT","DEFAULT","Charlotte_Start_VO","5",,,,,,"TRUE",,,,,,,,,"NEVER"
"emoji_charlotte_angry",,,"sc/emoji_1.sc","emoji_charlotte_angry","Cocooner",,,,"ANGRY","COMMON","ANGRY","Charlotte_Hurt_VO","2",,,,"375","9","TRUE",,,,,,,,"TRUE","AVAILABLE"
"emoji_charlotte_happy",,,"sc/emoji_1.sc","emoji_charlotte_happy","Cocooner",,,,"HAPPY","COMMON","HAPPY","Charlotte_Lead_VO","3",,,,,,"TRUE",,,,,,,"TrophyRewardsCocooner",,"NEVER"
"emoji_charlotte_gg",,,"sc/emoji_1.sc","emoji_charlotte_gg","Cocooner",,,,"SPECIAL","RARE","GG","Charlotte_Lead_VO","5",,,,"750","19","TRUE",,,,,,,,,"AVAILABLE"
"emoji_charlotte_phew",,,"sc/emoji_1.sc","emoji_charlotte_phew","Cocooner",,,,"SPECIAL","EPIC","PHEW","Charlotte_Hurt_VO","8",,,,"1500","39","TRUE",,,,,,,,,"AVAILABLE"
"emoji_charlotte_sad",,,"sc/emoji_1.sc","emoji_charlotte_sad","Cocooner",,,,"SAD","COMMON","SAD","Charlotte_Die_VO","5",,,,"375","9","TRUE",,,,,,,,"TRUE","AVAILABLE"
"emoji_charlotte_special",,,"sc/emoji_1.sc","emoji_charlotte_special","Cocooner",,,,"SPECIAL","EPIC","SPECIAL","Charlotte_Kill_VO","1",,,,,,"TRUE",,,,,,,"TrophyRewardsCocooner",,"NEVER"
"emoji_charlotte_thanks",,,"sc/emoji_1.sc","emoji_charlotte_thanks","Cocooner",,,,"SPECIAL","EPIC","THANKS","Charlotte_Kill_VO","3",,,,"1500","39","TRUE",,,,,,,,,"AVAILABLE"
"emoji_charlotte_clap",,,"sc/emoji_1.sc","emoji_charlotte_clap","Cocooner",,,,"SPECIAL","RARE","CLAP","Colt_Pin_Clap","0",,,,"750","19","TRUE",,,,,,,,,"AVAILABLE"
"emoji_charlotte_facepalm",,,"sc/emoji_1.sc","emoji_charlotte_facepalm","Cocooner",,,,"SPECIAL","COLLECTORS","FACEPALM",,,,,,,,"TRUE",,,,,,,"TrophyRewardsCocooner","TRUE","NEVER"
"emoji_pam_evilqueen",,,"sc/emoji_1.sc","emoji_pam_evilqueen","MinigunDude",,,,"SPECIAL","COLLECTORS","DEFAULT","Evil_Pam_lead","0",,"Pam_evilqueen",,,,"TRUE",,,,,,,,,"NEVER"
"emoji_pam_evilqueen_angry",,,"sc/emoji_1.sc","emoji_pam_evilqueen_angry","MinigunDude",,,,"SPECIAL","COLLECTORS","ANGRY","Evil_Pam_hurt","0",,"Pam_evilqueen",,,,"TRUE",,,,,,,,,"NEVER"
"emoji_pam_evilqueen_happy",,,"sc/emoji_1.sc","emoji_pam_evilqueen_happy","MinigunDude",,,,"SPECIAL","COLLECTORS","HAPPY","Evil_Pam_lead","1",,"Pam_evilqueen",,,,"TRUE",,,,,,,,,"NEVER"
"emoji_pam_evilqueen_gg",,,"sc/emoji_1.sc","emoji_pam_evilqueen_gg","MinigunDude",,,,"SPECIAL","COLLECTORS","GG","Evil_Pam_start","0",,"Pam_evilqueen",,,,"TRUE",,,,,,,,,"NEVER"
"emoji_pam_evilqueen_phew",,,"sc/emoji_1.sc","emoji_pam_evilqueen_phew","MinigunDude",,,,"SPECIAL","COLLECTORS","PHEW","Evil_Pam_hurt","1",,"Pam_evilqueen",,,,"TRUE",,,,,,,,,"NEVER"
"emoji_pam_evilqueen_sad",,,"sc/emoji_1.sc","emoji_pam_evilqueen_sad","MinigunDude",,,,"SPECIAL","COLLECTORS","SAD","Evil_Pam_die","0",,"Pam_evilqueen",,,,"TRUE",,,,,,,,"TRUE","NEVER"
"emoji_pam_evilqueen_special",,,"sc/emoji_1.sc","emoji_pam_evilqueen_special","MinigunDude",,,,"SPECIAL","COLLECTORS","SPECIAL","Evil_Pam_ulti","0",,"Pam_evilqueen",,,,"TRUE",,,,,,,,,"NEVER"
"emoji_pam_evilqueen_thanks",,,"sc/emoji_1.sc","emoji_pam_evilqueen_thanks","MinigunDude",,,,"SPECIAL","COLLECTORS","THANKS","Evil_Pam_ulti","1",,"Pam_evilqueen",,,,"TRUE",,,,,,,,,"NEVER"
"emoji_pam_evilqueen_clap",,,"sc/emoji_1.sc","emoji_pam_evilqueen_clap","MinigunDude",,,,"SPECIAL","COLLECTORS","CLAP","Colt_Pin_Clap","0",,"Pam_evilqueen",,,,"TRUE",,,,,,,,,"NEVER"
"emoji_dynamike_robot_angry",,,"sc/emoji_1.sc","emoji_dynamike_robot_angry","TntDude",,,,"SPECIAL","COLLECTORS","ANGRY","Mech_Mike_hurt_vo","1",,"Dynamike_robot",,,,"TRUE",,,,,,,,"TRUE","NEVER"
"emoji_dynamike_robot_happy",,,"sc/emoji_1.sc","emoji_dynamike_robot_happy","TntDude",,,,"SPECIAL","COLLECTORS","HAPPY","Mech_Mike_ulti_vo","1",,"Dynamike_robot",,,,"TRUE",,,,,,,,,"NEVER"
"emoji_dynamike_robot_gg",,,"sc/emoji_1.sc","emoji_dynamike_robot_gg","TntDude",,,,"SPECIAL","COLLECTORS","GG","Mech_Mike_kill_vo","1",,"Dynamike_robot",,,,"TRUE",,,,,,,,,"NEVER"
"emoji_dynamike_robot_phew",,,"sc/emoji_1.sc","emoji_dynamike_robot_phew","TntDude",,,,"SPECIAL","COLLECTORS","PHEW","Mech_Mike_hurt_vo","0",,"Dynamike_robot",,,,"TRUE",,,,,,,,,"NEVER"
"emoji_dynamike_robot_sad",,,"sc/emoji_1.sc","emoji_dynamike_robot_sad","TntDude",,,,"SPECIAL","COLLECTORS","SAD","Mech_Mike_die_vo","1",,"Dynamike_robot",,,,"TRUE",,,,,,,,"TRUE","NEVER"
"emoji_dynamike_robot_special",,,"sc/emoji_1.sc","emoji_dynamike_robot_special","TntDude",,,,"SPECIAL","COLLECTORS","SPECIAL","Mech_Mike_start_vo","1",,"Dynamike_robot",,,,"TRUE",,,,,,,,,"NEVER"
"emoji_dynamike_robot_thanks",,,"sc/emoji_1.sc","emoji_dynamike_robot_thanks","TntDude",,,,"SPECIAL","COLLECTORS","THANKS","Mech_Mike_kill_vo","0",,"Dynamike_robot",,,,"TRUE",,,,,,,,,"NEVER"
"emoji_dynamike_robot_clap",,,"sc/emoji_1.sc","emoji_dynamike_robot_clap","TntDude",,,,"SPECIAL","COLLECTORS","CLAP","Colt_Pin_Clap","0",,"Dynamike_robot",,,,"TRUE",,,,,,,,,"NEVER"
"emoji_rosa_overcharge",,,"sc/emoji_1.sc","emoji_rosa_overcharge","Rosa",,,,"SPECIAL","COLLECTORS","SPECIAL",,,,,,,,"TRUE",,,,,,,,,"NEVER"
"emoji_jessie_overcharge",,,"sc/emoji_1.sc","emoji_jessie_overcharge","Mechanic",,,,"SPECIAL","COLLECTORS","SPECIAL",,,,,,,,"TRUE",,,,,,,,,"NEVER"
"emoji_charlotte_overcharge",,,"sc/emoji_1.sc","emoji_charlotte_overcharge","Cocooner",,,,"SPECIAL","COLLECTORS","SPECIAL",,,,,,,,"TRUE",,,,,,,,,"NEVER"
"emoji_colette_overcharge",,,"sc/emoji_1.sc","emoji_colette_overcharge","Percenter",,,,"SPECIAL","COLLECTORS","SPECIAL",,,,,,,,"TRUE",,,,,,,,,"NEVER"
"emoji_maisie_overcharge",,,"sc/emoji_1.sc","emoji_maisie_overcharge","Maisie",,,,"SPECIAL","COLLECTORS","SPECIAL",,,,,,,,"TRUE",,,,,,,,,"NEVER"
"emoji_lou_overcharge",,,"sc/emoji_1.sc","emoji_lou_overcharge","IceDude",,,,"SPECIAL","COLLECTORS","SPECIAL",,,,,,,,"TRUE",,,,,,,,,"NEVER"
"emoji_champie_overcharge",,,"sc/emoji_1.sc","emoji_champie_overcharge",,,,,"SPECIAL","COLLECTORS","SPECIAL",,,,,,,,"TRUE",,,,,,,,,"NEVER"
"emoji_clash_laughingking",,,"sc/emoji_1.sc","emoji_clash_laughingking",,,,,"SPECIAL","COLLECTORS","SPECIAL","Emote_clash_kinglaugh",,,,,,,"TRUE",,,,,,,,,"NEVER"
"emoji_charlotte_rose",,,"sc/emoji_1.sc","emoji_charlotte_rose","Cocooner",,,,"SPECIAL","COLLECTORS","DEFAULT","Charlotte_Start_VO","5",,,,,,"TRUE",,,,,,,,,"NEVER"
"emoji_charlotte_rose_angry",,,"sc/emoji_1.sc","emoji_charlotte_rose_angry","Cocooner",,,,"SPECIAL","COLLECTORS","ANGRY","Charlotte_Hurt_VO","2",,"Rosie_charlie",,,,"TRUE",,,,,,,,"TRUE","NEVER"
"emoji_charlotte_rose_happy",,,"sc/emoji_1.sc","emoji_charlotte_rose_happy","Cocooner",,,,"SPECIAL","COLLECTORS","HAPPY","Charlotte_Lead_VO","3",,"Rosie_charlie",,,,"TRUE",,,,,,,,,"NEVER"
"emoji_charlotte_rose_gg",,,"sc/emoji_1.sc","emoji_charlotte_rose_gg","Cocooner",,,,"SPECIAL","COLLECTORS","GG","Charlotte_Lead_VO","5",,"Rosie_charlie",,,,"TRUE",,,,,,,,,"NEVER"
"emoji_charlotte_rose_phew",,,"sc/emoji_1.sc","emoji_charlotte_rose_phew","Cocooner",,,,"SPECIAL","COLLECTORS","PHEW","Charlotte_Hurt_VO","8",,"Rosie_charlie",,,,"TRUE",,,,,,,,,"NEVER"
"emoji_charlotte_rose_sad",,,"sc/emoji_1.sc","emoji_charlotte_rose_sad","Cocooner",,,,"SPECIAL","COLLECTORS","SAD","Charlotte_Die_VO","5",,"Rosie_charlie",,,,"TRUE",,,,,,,,"TRUE","NEVER"
"emoji_charlotte_rose_special",,,"sc/emoji_1.sc","emoji_charlotte_rose_special","Cocooner",,,,"SPECIAL","COLLECTORS","SPECIAL","Charlotte_Kill_VO","1",,"Rosie_charlie",,,,"TRUE",,,,,,,,,"NEVER"
"emoji_charlotte_rose_thanks",,,"sc/emoji_1.sc","emoji_charlotte_rose_thanks","Cocooner",,,,"SPECIAL","COLLECTORS","THANKS","Charlotte_Kill_VO","3",,"Rosie_charlie",,,,"TRUE",,,,,,,,,"NEVER"
"emoji_charlotte_rose_clap",,,"sc/emoji_1.sc","emoji_charlotte_rose_clap","Cocooner",,,,"SPECIAL","COLLECTORS","CLAP","Colt_Pin_Clap","0",,"Rosie_charlie",,,,"TRUE",,,,,,,,,"NEVER"
"emoji_piggybank",,,"sc/emoji_1.sc","emoji_piggybank",,,,,"SPECIAL","COLLECTORS","SPECIAL",,,,,,"1500","39","TRUE",,,,,,,,,"AVAILABLE"
"emoji_piggybank_angry",,,"sc/emoji_1.sc","emoji_piggybank_angry",,,,,"SPECIAL","COLLECTORS","SPECIAL",,,,,,"1500","39","TRUE",,,,,,,,"TRUE","AVAILABLE"
"emoji_piggybank_sad",,,"sc/emoji_1.sc","emoji_piggybank_sad",,,,,"SPECIAL","COLLECTORS","SPECIAL",,,,,,"1500","39","TRUE",,,,,,,,"TRUE","AVAILABLE"
"emoji_piggybank_thanks",,,"sc/emoji_1.sc","emoji_piggybank_thanks",,,,,"SPECIAL","COLLECTORS","SPECIAL",,,,,,"1500","39","TRUE",,,,,,,,,"AVAILABLE"
"emoji_piggybank_special",,,"sc/emoji_1.sc","emoji_piggybank_special",,,,,"SPECIAL","COLLECTORS","SPECIAL",,,,,,"1500","39","TRUE",,,,,,,,,"AVAILABLE"
"emoji_clash_hogbutt",,,"sc/emoji_1.sc","emoji_clash_hogbutt",,,,,"SPECIAL","COLLECTORS","SPECIAL","Emote_clash_hogbutt",,,,,,,"TRUE",,,,,,,,,"NEVER"
"emoji_clash_princessyawn",,,"sc/emoji_1.sc","emoji_clash_princessyawn",,,,,"SPECIAL","COLLECTORS","SPECIAL","Emote_clash_princessyawn",,,,,,,"TRUE",,,,,,,,,"NEVER"
"emoji_clash_knightcelebrate",,,"sc/emoji_1.sc","emoji_clash_knightcelebrate",,,,,"SPECIAL","COLLECTORS","SPECIAL","Emote_clash_knightcelebrate",,,,,,,"TRUE",,,,,,,,,"NEVER"
"emoji_clash_goblinfire",,,"sc/emoji_1.sc","emoji_clash_goblinfire",,,,,"SPECIAL","COLLECTORS","SPECIAL","Emote_clash_goblinfire",,,,,,,"TRUE",,,,,,,,,"NEVER"
"emoji_nita_circus",,,"sc/emoji_1.sc","emoji_nita_circus","Shaman",,,,"SPECIAL","COLLECTORS","DEFAULT","Dark_Nita_Start_VO","0",,"Nita_circus",,,,"TRUE",,,,,,,,,"NEVER"
"emoji_nita_circus_angry",,,"sc/emoji_1.sc","emoji_nita_circus_angry","Shaman",,,,"SPECIAL","COLLECTORS","ANGRY","Dark_Nita_Hurt_VO","1",,"Nita_circus",,,,"TRUE",,,,,,,,"TRUE","NEVER"
"emoji_nita_circus_happy",,,"sc/emoji_1.sc","emoji_nita_circus_happy","Shaman",,,,"SPECIAL","COLLECTORS","HAPPY","Dark_Nita_Kill_VO","1",,"Nita_circus",,,,"TRUE",,,,,,,,,"NEVER"
"emoji_nita_circus_gg",,,"sc/emoji_1.sc","emoji_nita_circus_gg","Shaman",,,,"SPECIAL","COLLECTORS","GG","Dark_Nita_Lead_VO","1",,"Nita_circus",,,,"TRUE",,,,,,,,,"NEVER"
"emoji_nita_circus_phew",,,"sc/emoji_1.sc","emoji_nita_circus_phew","Shaman",,,,"SPECIAL","COLLECTORS","PHEW","Dark_Nita_Hurt_VO","4",,"Nita_circus",,,,"TRUE",,,,,,,,,"NEVER"
"emoji_nita_circus_sad",,,"sc/emoji_1.sc","emoji_nita_circus_sad","Shaman",,,,"SPECIAL","COLLECTORS","SAD","Dark_Nita_Die_VO","0",,"Nita_circus",,,,"TRUE",,,,,,,,"TRUE","NEVER"
"emoji_nita_circus_special",,,"sc/emoji_1.sc","emoji_nita_circus_special","Shaman",,,,"SPECIAL","COLLECTORS","SPECIAL","Dark_Nita_Lead_VO","1",,"Nita_circus",,,,"TRUE",,,,,,,,,"NEVER"
"emoji_nita_circus_thanks",,,"sc/emoji_1.sc","emoji_nita_circus_thanks","Shaman",,,,"SPECIAL","COLLECTORS","THANKS","Dark_Nita_Ulti_VO","1",,"Nita_circus",,,,"TRUE",,,,,,,,,"NEVER"
"emoji_nita_circus_clap",,,"sc/emoji_1.sc","emoji_nita_circus_clap","Shaman",,,,"SPECIAL","COLLECTORS","CLAP","Colt_Pin_Clap","0",,"Nita_circus",,,,"TRUE",,,,,,,,,"NEVER"
"emoji_mortis_mecha_dark",,,"sc/emoji_1.sc","emoji_mortis_mecha_dark","Undertaker",,,,"DEFAULT","COLLECTORS","DEFAULT",,,,,,,,"TRUE",,,,,,,,,"NEVER"
"emoji_mortis_mecha_light",,,"sc/emoji_1.sc","emoji_mortis_mecha_light","Undertaker",,,,"DEFAULT","COLLECTORS","DEFAULT",,,,,,,,"TRUE",,,,,,,,,"NEVER"
"emoji_foldable_robot",,,"sc/emoji_1.sc","emoji_foldable_robot",,,,,"SPECIAL","COLLECTORS","SPECIAL",,,,,,"1500","39","TRUE",,,,,,,,,"AVAILABLE"
"emoji_edgar_mecha_blue",,,"sc/emoji_1.sc","emoji_edgar_mecha_blue","Enrager",,,,"DEFAULT","COLLECTORS","DEFAULT",,,,,,,,"TRUE",,,,,,,,,"NEVER"
"emoji_edgar_mecha_green",,,"sc/emoji_1.sc","emoji_edgar_mecha_green","Enrager",,,,"DEFAULT","COLLECTORS","DEFAULT",,,,,,,,"TRUE",,,,,,,,,"NEVER"
"emoji_esports2023_bat",,,"sc/emoji_1.sc","emoji_esports2023_bat",,,,,"SPECIAL","COLLECTORS","SPECIAL",,,,,,,,"TRUE",,,,,,,,,"NEVER"
"emoji_esports2023_gummy",,,"sc/emoji_1.sc","emoji_esports2023_gummy",,,,,"SPECIAL","COLLECTORS","SPECIAL",,,,,,,,"TRUE",,,,,,,,,"NEVER"
"emoji_skull_cartoon",,,"sc/emoji_1.sc","emoji_skull_cartoon",,,,,"SPECIAL","COLLECTORS","SPECIAL",,,,,,"1500","39","TRUE",,,,"CARTOON",,,,,"AVAILABLE"
"emoji_diwali_lotus",,,"sc/emoji_1.sc","emoji_diwali_lotus",,,,,"SPECIAL","COLLECTORS","SPECIAL",,,,,,"1500","39","TRUE",,,,"HINDU",,,,,"AVAILABLE"
"emoji_diwali_diya",,,"sc/emoji_1.sc","emoji_diwali_diya",,,,,"SPECIAL","COLLECTORS","SPECIAL",,,,,,"1500","39","TRUE",,,,"HINDU",,,,,"AVAILABLE"
"emoji_diwali_kaju",,,"sc/emoji_1.sc","emoji_diwali_kaju",,,,,"SPECIAL","COLLECTORS","SPECIAL",,,,,,"1500","39","TRUE",,,,"HINDU",,,,,"AVAILABLE"
"emoji_cotton_candy",,,"sc/emoji_1.sc","emoji_cotton_candy",,,,,"SPECIAL","COLLECTORS","SPECIAL",,,,,,"1500","39","TRUE",,,,"CIRCUS",,,,,"AVAILABLE"
"emoji_lola_circus",,,"sc/emoji_1.sc","emoji_lola_circus","Duplicator",,,,"DEFAULT","COLLECTORS","SPECIAL",,,,,,,,"TRUE",,,,,,,,,"NEVER"
"emoji_byron_circus",,,"sc/emoji_1.sc","emoji_byron_circus","SnakeOil",,,,"DEFAULT","COLLECTORS","SPECIAL",,,,,,,,"TRUE",,,,,,,,,"NEVER"
"emoji_sam_circus",,,"sc/emoji_1.sc","emoji_sam_circus","WeaponThrower",,,,"DEFAULT","COLLECTORS","SPECIAL",,,,,,,,"TRUE",,,,,,,,,"NEVER"
"emoji_mortis_hockey",,,"sc/emoji_1.sc","emoji_mortis_hockey","Undertaker",,,,"DEFAULT","COLLECTORS","SPECIAL",,,,,,,,"TRUE",,,,,,,,,"NEVER"
"emoji_shelly_witch2023",,,"sc/emoji_1.sc","emoji_shelly_witch2023","ShotgunGirl",,,,"DEFAULT","COLLECTORS","SPECIAL",,,,,,,,"TRUE",,,,,,,,,"NEVER"
"emoji_leon_wolf2023",,,"sc/emoji_1.sc","emoji_leon_wolf2023","Ninja",,,,"DEFAULT","COLLECTORS","SPECIAL",,,,,,,,"TRUE",,,,,,,,,"NEVER"
"emoji_fang_pumpkin",,,"sc/emoji_1.sc","emoji_fang_pumpkin","KickerDude",,,,"DEFAULT","COLLECTORS","SPECIAL",,,,,,,,"TRUE",,,,,,,,,"NEVER"
"emoji_bo_hindu",,,"sc/emoji_1.sc","emoji_bo_hindu","BowDude",,,,"DEFAULT","COLLECTORS","SPECIAL",,,,,,,,"TRUE",,,,,,,,,"NEVER"
"emoji_bo_hindu_gold",,,"sc/emoji_1.sc","emoji_bo_hindu_gold","BowDude",,,,"DEFAULT","COLLECTORS","SPECIAL",,,,,,,,"TRUE",,,,,,,,,"NEVER"
"emoji_grom_hindu",,,"sc/emoji_1.sc","emoji_grom_hindu","CrossBomber",,,,"DEFAULT","COLLECTORS","SPECIAL",,,,,,,,"TRUE",,,,,,,,,"NEVER"
"emoji_frank_hindu",,,"sc/emoji_1.sc","emoji_frank_hindu","HammerDude",,,,"DEFAULT","COLLECTORS","SPECIAL",,,,,,,,"TRUE",,,,,,,,,"NEVER"
"emoji_lola_retropolis",,,"sc/emoji_1.sc","emoji_lola_retropolis","Duplicator",,,,"DEFAULT","COLLECTORS","SPECIAL",,,,,,,,"TRUE",,,,,,,,,"NEVER"
"emoji_miko",,,"sc/emoji_1.sc","emoji_miko","Leaper",,,,"DEFAULT","DEFAULT","DEFAULT","Mico_Start_VO","0",,,,,,"TRUE",,,,,,,,,"NEVER"
"emoji_miko_angry",,,"sc/emoji_1.sc","emoji_miko_angry","Leaper",,,,"ANGRY","COMMON","ANGRY","Mico_Hurt_VO","0",,,,"375","9","TRUE",,,,,,,,"TRUE","AVAILABLE"
"emoji_miko_happy",,,"sc/emoji_1.sc","emoji_miko_happy","Leaper",,,,"HAPPY","COMMON","HAPPY","Mico_Kill_VO","6",,,,,,"TRUE",,,,,,,"TrophyRewardsLeaper",,"NEVER"
"emoji_miko_gg",,,"sc/emoji_1.sc","emoji_miko_gg","Leaper",,,,"SPECIAL","RARE","GG","Mico_Lead_VO","3",,,,"750","19","TRUE",,,,,,,,,"AVAILABLE"
"emoji_miko_phew",,,"sc/emoji_1.sc","emoji_miko_phew","Leaper",,,,"SPECIAL","EPIC","PHEW","Mico_Die_VO","2",,,,"1500","39","TRUE",,,,,,,,,"AVAILABLE"
"emoji_miko_sad",,,"sc/emoji_1.sc","emoji_miko_sad","Leaper",,,,"SAD","COMMON","SAD","Mico_Die_VO","3",,,,"375","9","TRUE",,,,,,,,"TRUE","AVAILABLE"
"emoji_miko_special",,,"sc/emoji_1.sc","emoji_miko_special","Leaper",,,,"SPECIAL","EPIC","SPECIAL","Mico_Lead_VO","6",,,,,,"TRUE",,,,,,,"TrophyRewardsLeaper",,"NEVER"
"emoji_miko_thanks",,,"sc/emoji_1.sc","emoji_miko_thanks","Leaper",,,,"SPECIAL","EPIC","THANKS","Mico_Lead_VO","5",,,,"1500","39","TRUE",,,,,,,,,"AVAILABLE"
"emoji_miko_clap",,,"sc/emoji_1.sc","emoji_miko_clap","Leaper",,,,"SPECIAL","RARE","CLAP","Colt_Pin_Clap","0",,,,"750","19","TRUE",,,,,,,,,"AVAILABLE"
"emoji_miko_facepalm",,,"sc/emoji_1.sc","emoji_miko_facepalm","Leaper",,,,"SPECIAL","COLLECTORS","FACEPALM",,,,,,,,"TRUE",,,,,,,"TrophyRewardsLeaper",,"NEVER"
"emoji_miko_wukong",,,"sc/emoji_1.sc","emoji_miko_wukong","Leaper",,,,"SPECIAL","COLLECTORS","DEFAULT","Mico_Wukong_Start_VO","0",,,,,,"TRUE",,,,,,,,,"NEVER"
"emoji_miko_wukong_angry",,,"sc/emoji_1.sc","emoji_miko_wukong_angry","Leaper",,,,"SPECIAL","COLLECTORS","ANGRY","Mico_Wukong_Hurt_VO","0",,,,,,"TRUE",,,,,,,,"TRUE","NEVER"
"emoji_miko_wukong_happy",,,"sc/emoji_1.sc","emoji_miko_wukong_happy","Leaper",,,,"SPECIAL","COLLECTORS","HAPPY","Mico_Wukong_Kill_VO","6",,,,,,"TRUE",,,,,,,,,"NEVER"
"emoji_miko_wukong_gg",,,"sc/emoji_1.sc","emoji_miko_wukong_gg","Leaper",,,,"SPECIAL","COLLECTORS","GG","Mico_Wukong_Lead_VO","3",,,,,,"TRUE",,,,,,,,,"NEVER"
"emoji_miko_wukong_phew",,,"sc/emoji_1.sc","emoji_miko_wukong_phew","Leaper",,,,"SPECIAL","COLLECTORS","PHEW","Mico_Wukong_Die_VO","2",,,,,,"TRUE",,,,,,,,,"NEVER"
"emoji_miko_wukong_sad",,,"sc/emoji_1.sc","emoji_miko_wukong_sad","Leaper",,,,"SPECIAL","COLLECTORS","SAD","Mico_Wukong_Die_VO","3",,,,,,"TRUE",,,,,,,,"TRUE","NEVER"
"emoji_miko_wukong_special",,,"sc/emoji_1.sc","emoji_miko_wukong_special","Leaper",,,,"SPECIAL","COLLECTORS","SPECIAL","Mico_Wukong_Lead_VO","6",,,,,,"TRUE",,,,,,,,,"NEVER"
"emoji_miko_wukong_thanks",,,"sc/emoji_1.sc","emoji_miko_wukong_thanks","Leaper",,,,"SPECIAL","COLLECTORS","THANKS","Mico_Wukong_Lead_VO","5",,,,,,"TRUE",,,,,,,,,"NEVER"
"emoji_miko_wukong_clap",,,"sc/emoji_1.sc","emoji_miko_wukong_clap","Leaper",,,,"SPECIAL","COLLECTORS","CLAP","Colt_Pin_Clap","0",,,,,,"TRUE",,,,,,,,,"NEVER"
"emoji_miko_overcharge",,,"sc/emoji_1.sc","emoji_miko_overcharge","Leaper",,,,"SPECIAL","COLLECTORS","SPECIAL",,,,,,,,"TRUE",,,,,,,,,"NEVER"
"emoji_dynamike_overcharge",,,"sc/emoji_1.sc","emoji_dynamike_overcharge","TntDude",,,,"SPECIAL","COLLECTORS","SPECIAL",,,,,,,,"TRUE",,,,,,,,,"NEVER"
"emoji_crow_overcharge",,,"sc/emoji_1.sc","emoji_crow_overcharge","Crow",,,,"SPECIAL","COLLECTORS","SPECIAL",,,,,,,,"TRUE",,,,,,,,,"NEVER"
"emoji_fang_overcharge",,,"sc/emoji_1.sc","emoji_fang_overcharge","KickerDude",,,,"SPECIAL","COLLECTORS","SPECIAL",,,,,,,,"TRUE",,,,,,,,,"NEVER"
"emoji_leon_overcharge",,,"sc/emoji_1.sc","emoji_leon_overcharge","Ninja",,,,"SPECIAL","COLLECTORS","SPECIAL",,,,,,,,"TRUE",,,,,,,,,"NEVER"
"emoji_edgar_overcharge",,,"sc/emoji_1.sc","emoji_edgar_overcharge","Enrager",,,,"SPECIAL","COLLECTORS","SPECIAL",,,,,,,,"TRUE",,,,,,,,,"NEVER"
"emoji_kit",,,"sc/emoji_1.sc","emoji_kit","Attacher",,,,"DEFAULT","DEFAULT","DEFAULT","Kit_Start_VO","6",,,,,,"TRUE",,,,,,,,,"NEVER"
"emoji_kit_angry",,,"sc/emoji_1.sc","emoji_kit_angry","Attacher",,,,"ANGRY","COMMON","ANGRY","Kit_Hurt_VO","2",,,,"375","9","TRUE",,,,,,,,"TRUE","AVAILABLE"
"emoji_kit_happy",,,"sc/emoji_1.sc","emoji_kit_happy","Attacher",,,,"HAPPY","COMMON","HAPPY","Kit_Lead_VO","4",,,,,,"TRUE",,,,,,,"TrophyRewardsAttacher",,"NEVER"
"emoji_kit_gg",,,"sc/emoji_1.sc","emoji_kit_gg","Attacher",,,,"SPECIAL","RARE","GG","Kit_Kill_VO","5",,,,"750","19","TRUE",,,,,,,,,"AVAILABLE"
"emoji_kit_phew",,,"sc/emoji_1.sc","emoji_kit_phew","Attacher",,,,"SPECIAL","EPIC","PHEW","Kit_Hurt_VO","7",,,,"1500","39","TRUE",,,,,,,,,"AVAILABLE"
"emoji_kit_sad",,,"sc/emoji_1.sc","emoji_kit_sad","Attacher",,,,"SAD","COMMON","SAD","Kit_Die_VO","6",,,,"375","9","TRUE",,,,,,,,"TRUE","AVAILABLE"
"emoji_kit_special",,,"sc/emoji_1.sc","emoji_kit_special","Attacher",,,,"SPECIAL","EPIC","SPECIAL","Kit_Kill_VO","4",,,,,,"TRUE",,,,,,,"TrophyRewardsAttacher",,"NEVER"
"emoji_kit_thanks",,,"sc/emoji_1.sc","emoji_kit_thanks","Attacher",,,,"SPECIAL","EPIC","THANKS","Kit_Lead_VO","2",,,,"1500","39","TRUE",,,,,,,,,"AVAILABLE"
"emoji_kit_clap",,,"sc/emoji_1.sc","emoji_kit_clap","Attacher",,,,"SPECIAL","RARE","CLAP","Colt_Pin_Clap","0",,,,"750","19","TRUE",,,,,,,,,"AVAILABLE"
"emoji_kit_facepalm",,,"sc/emoji_1.sc","emoji_kit_facepalm","Attacher",,,,"SPECIAL","COLLECTORS","FACEPALM",,,,,,,,"TRUE",,,,,,,"TrophyRewardsAttacher","TRUE","NEVER"
"emoji_skulltoon",,,"sc/emoji_1.sc","emoji_skulltoon",,,,,"DEFAULT","COLLECTORS","DEFAULT",,,,"Skulltoon",,"1500","39","TRUE",,,,,,,,,"AVAILABLE"
"emoji_skulltoon_angry",,,"sc/emoji_1.sc","emoji_skulltoon_angry",,,,,"ANGRY","COLLECTORS","ANGRY",,,,"Skulltoon",,"1500","39","TRUE",,,,,,,,"TRUE","AVAILABLE"
"emoji_skulltoon_happy",,,"sc/emoji_1.sc","emoji_skulltoon_happy",,,,,"HAPPY","COLLECTORS","HAPPY",,,,"Skulltoon",,"1500","39","TRUE",,,,,,,,,"AVAILABLE"
"emoji_skulltoon_gg",,,"sc/emoji_1.sc","emoji_skulltoon_gg",,,,,"SPECIAL","COLLECTORS","GG",,,,"Skulltoon",,"1500","39","TRUE",,,,,,,,,"AVAILABLE"
"emoji_skulltoon_phew",,,"sc/emoji_1.sc","emoji_skulltoon_phew",,,,,"SPECIAL","COLLECTORS","PHEW",,,,"Skulltoon",,"1500","39","TRUE",,,,,,,,,"AVAILABLE"
"emoji_skulltoon_sad",,,"sc/emoji_1.sc","emoji_skulltoon_sad",,,,,"SAD","COLLECTORS","SAD",,,,"Skulltoon",,"1500","39","TRUE",,,,,,,,"TRUE","AVAILABLE"
"emoji_skulltoon_special",,,"sc/emoji_1.sc","emoji_skulltoon_special",,,,,"SPECIAL","COLLECTORS","SPECIAL",,,,"Skulltoon",,"1500","39","TRUE",,,,,,,,,"AVAILABLE"
"emoji_skulltoon_thanks",,,"sc/emoji_1.sc","emoji_skulltoon_thanks",,,,,"SPECIAL","COLLECTORS","THANKS",,,,"Skulltoon",,"1500","39","TRUE",,,,,,,,,"AVAILABLE"
"emoji_skulltoon_clap",,,"sc/emoji_1.sc","emoji_skulltoon_clap",,,,,"SPECIAL","COLLECTORS","CLAP","Colt_Pin_Clap","0",,"Skulltoon",,"1500","39","TRUE",,,,,,,,,"AVAILABLE"
"emoji_dragon",,,"sc/emoji_1.sc","emoji_dragon",,,,,"DEFAULT","COLLECTORS","DEFAULT",,,,"LNYdragon",,"1500","39","TRUE",,,,,,,,,"AVAILABLE"
"emoji_dragon_angry",,,"sc/emoji_1.sc","emoji_dragon_angry",,,,,"ANGRY","COLLECTORS","ANGRY",,,,"LNYdragon",,"1500","39","TRUE",,,,,,,,"TRUE","AVAILABLE"
"emoji_dragon_happy",,,"sc/emoji_1.sc","emoji_dragon_happy",,,,,"HAPPY","COLLECTORS","HAPPY",,,,"LNYdragon",,"1500","39","TRUE",,,,,,,,,"AVAILABLE"
"emoji_dragon_gg",,,"sc/emoji_1.sc","emoji_dragon_gg",,,,,"SPECIAL","COLLECTORS","GG",,,,"LNYdragon",,"1500","39","TRUE",,,,,,,,,"AVAILABLE"
"emoji_dragon_phew",,,"sc/emoji_1.sc","emoji_dragon_phew",,,,,"SPECIAL","COLLECTORS","PHEW",,,,"LNYdragon",,"1500","39","TRUE",,,,,,,,,"AVAILABLE"
"emoji_dragon_sad",,,"sc/emoji_1.sc","emoji_dragon_sad",,,,,"SAD","COLLECTORS","SAD",,,,"LNYdragon",,"1500","39","TRUE",,,,,,,,"TRUE","AVAILABLE"
"emoji_dragon_special",,,"sc/emoji_1.sc","emoji_dragon_special",,,,,"SPECIAL","COLLECTORS","SPECIAL",,,,"LNYdragon",,"1500","39","TRUE",,,,,,,,,"AVAILABLE"
"emoji_dragon_thanks",,,"sc/emoji_1.sc","emoji_dragon_thanks",,,,,"SPECIAL","COLLECTORS","THANKS",,,,"LNYdragon",,"1500","39","TRUE",,,,,,,,,"AVAILABLE"
"emoji_dragon_clap",,,"sc/emoji_1.sc","emoji_dragon_clap",,,,,"SPECIAL","COLLECTORS","CLAP","Colt_Pin_Clap","0",,"LNYdragon",,"1500","39","TRUE",,,,,,,,,"AVAILABLE"
"emoji_frank_cr",,,"sc/emoji_1.sc","emoji_frank_cr","HammerDude",,,,"SPECIAL","COLLECTORS","DEFAULT","King_Frank_Start_VO","0",,,,,,"TRUE",,,,,,,,,"NEVER"
"emoji_frank_cr_angry",,,"sc/emoji_1.sc","emoji_frank_cr_angry","HammerDude",,,,"SPECIAL","COLLECTORS","ANGRY","King_Frank_Hurt_VO","0",,,,,,"TRUE",,,,,,,,"TRUE","NEVER"
"emoji_frank_cr_happy",,,"sc/emoji_1.sc","emoji_frank_cr_happy","HammerDude",,,,"SPECIAL","COLLECTORS","HAPPY","King_Frank_Kill_VO","0",,,,,,"TRUE",,,,,,,,,"NEVER"
"emoji_frank_cr_gg",,,"sc/emoji_1.sc","emoji_frank_cr_gg","HammerDude",,,,"SPECIAL","COLLECTORS","GG","King_Frank_Kill_VO","1",,,,,,"TRUE",,,,,,,,,"NEVER"
"emoji_frank_cr_phew",,,"sc/emoji_1.sc","emoji_frank_cr_phew","HammerDude",,,,"SPECIAL","COLLECTORS","PHEW","King_Frank_Hurt_VO","2",,,,,,"TRUE",,,,,,,,,"NEVER"
"emoji_frank_cr_sad",,,"sc/emoji_1.sc","emoji_frank_cr_sad","HammerDude",,,,"SPECIAL","COLLECTORS","SAD","King_Frank_Die_VO","0",,,,,,"TRUE",,,,,,,,"TRUE","NEVER"
"emoji_frank_cr_special",,,"sc/emoji_1.sc","emoji_frank_cr_special","HammerDude",,,,"SPECIAL","COLLECTORS","SPECIAL","King_Frank_Lead_VO","1",,,,,,"TRUE",,,,,,,,,"NEVER"
"emoji_frank_cr_thanks",,,"sc/emoji_1.sc","emoji_frank_cr_thanks","HammerDude",,,,"SPECIAL","COLLECTORS","THANKS","King_Frank_Lead_VO","2",,,,,,"TRUE",,,,,,,,,"NEVER"
"emoji_frank_cr_clap",,,"sc/emoji_1.sc","emoji_frank_cr_clap","HammerDude",,,,"SPECIAL","COLLECTORS","CLAP","Colt_Pin_Clap","0",,,,,,"TRUE",,,,,,,,,"NEVER"
"emoji_8bit_virus_recolor",,,"sc/emoji_1.sc","emoji_8bit_virus_recolor","Arcade",,,,"SPECIAL","COLLECTORS","DEFAULT","8bit_Virus_Start_VO","0",,,,,,"TRUE",,,,,,,,,"NEVER"
"emoji_8bit_virus_recolor_angry",,,"sc/emoji_1.sc","emoji_8bit_virus_recolor_angry","Arcade",,,,"SPECIAL","COLLECTORS","ANGRY","8bit_Virus_Die_VO","0",,,,,,"TRUE",,,,,,,,"TRUE","NEVER"
"emoji_8bit_virus_recolor_happy",,,"sc/emoji_1.sc","emoji_8bit_virus_recolor_happy","Arcade",,,,"SPECIAL","COLLECTORS","HAPPY","8bit_Virus_Kill_VO","0",,,,,,"TRUE",,,,,,,,,"NEVER"
"emoji_8bit_virus_recolor_gg",,,"sc/emoji_1.sc","emoji_8bit_virus_recolor_gg","Arcade",,,,"SPECIAL","COLLECTORS","GG","8bit_Virus_Lead_VO","0",,,,,,"TRUE",,,,,,,,,"NEVER"
"emoji_8bit_virus_recolor_phew",,,"sc/emoji_1.sc","emoji_8bit_virus_recolor_phew","Arcade",,,,"SPECIAL","COLLECTORS","PHEW","8bit_Virus_Hurt_VO","3",,,,,,"TRUE",,,,,,,,,"NEVER"
"emoji_8bit_virus_recolor_sad",,,"sc/emoji_1.sc","emoji_8bit_virus_recolor_sad","Arcade",,,,"SPECIAL","COLLECTORS","SAD","8bit_Virus_Hurt_VO","0",,,,,,"TRUE",,,,,,,,"TRUE","NEVER"
"emoji_8bit_virus_recolor_special",,,"sc/emoji_1.sc","emoji_8bit_virus_recolor_special","Arcade",,,,"SPECIAL","COLLECTORS","SPECIAL","8bit_Virus_Lead_VO","1",,,,,,"TRUE",,,,,,,,,"NEVER"
"emoji_8bit_virus_recolor_thanks",,,"sc/emoji_1.sc","emoji_8bit_virus_recolor_thanks","Arcade",,,,"SPECIAL","COLLECTORS","THANKS","8bit_Virus_Kill_VO","2",,,,,,"TRUE",,,,,,,,,"NEVER"
"emoji_8bit_virus_recolor_clap",,,"sc/emoji_1.sc","emoji_8bit_virus_recolor_clap","Arcade",,,,"SPECIAL","COLLECTORS","CLAP","Colt_Pin_Clap","0",,,,,,"TRUE",,,,,,,,,"NEVER"
"emoji_spike_cartoon",,,"sc/emoji_1.sc","emoji_spike_cartoon","Cactus",,,,"SPECIAL","COLLECTORS","DEFAULT",,,,,,,,"TRUE",,,,,,,,,"NEVER"
"emoji_spike_cartoon_angry",,,"sc/emoji_1.sc","emoji_spike_cartoon_angry","Cactus",,,,"SPECIAL","COLLECTORS","ANGRY",,,,,,,,"TRUE",,,,,,,,"TRUE","NEVER"
"emoji_spike_cartoon_happy",,,"sc/emoji_1.sc","emoji_spike_cartoon_happy","Cactus",,,,"SPECIAL","COLLECTORS","HAPPY",,,,,,,,"TRUE",,,,,,,,,"NEVER"
"emoji_spike_cartoon_gg",,,"sc/emoji_1.sc","emoji_spike_cartoon_gg","Cactus",,,,"SPECIAL","COLLECTORS","GG",,,,,,,,"TRUE",,,,,,,,,"NEVER"
"emoji_spike_cartoon_phew",,,"sc/emoji_1.sc","emoji_spike_cartoon_phew","Cactus",,,,"SPECIAL","COLLECTORS","PHEW",,,,,,,,"TRUE",,,,,,,,,"NEVER"
"emoji_spike_cartoon_sad",,,"sc/emoji_1.sc","emoji_spike_cartoon_sad","Cactus",,,,"SPECIAL","COLLECTORS","SAD",,,,,,,,"TRUE",,,,,,,,"TRUE","NEVER"
"emoji_spike_cartoon_special",,,"sc/emoji_1.sc","emoji_spike_cartoon_special","Cactus",,,,"SPECIAL","COLLECTORS","SPECIAL",,,,,,,,"TRUE",,,,,,,,,"NEVER"
"emoji_spike_cartoon_thanks",,,"sc/emoji_1.sc","emoji_spike_cartoon_thanks","Cactus",,,,"SPECIAL","COLLECTORS","THANKS",,,,,,,,"TRUE",,,,,,,,,"NEVER"
"emoji_spike_cartoon_clap",,,"sc/emoji_1.sc","emoji_spike_cartoon_clap","Cactus",,,,"SPECIAL","COLLECTORS","CLAP","Colt_Pin_Clap","0",,,,,,"TRUE",,,,,,,,,"NEVER"
"emoji_twin",,,"sc/emoji_1.sc","emoji_twin","Twins",,,,"DEFAULT","DEFAULT","DEFAULT","Robotwin_Start_VO","1",,,,,,"TRUE",,,,,,,,,"NEVER"
"emoji_twin_angry",,,"sc/emoji_1.sc","emoji_twin_angry","Twins",,,,"ANGRY","COMMON","ANGRY","Robotwin_Hurt_VO","3",,,,"375","9","TRUE",,,,,,,,"TRUE","AVAILABLE"
"emoji_twin_happy",,,"sc/emoji_1.sc","emoji_twin_happy","Twins",,,,"HAPPY","COMMON","HAPPY","Robotwin_Kill_VO","3",,,,,,"TRUE",,,,,,,"TrophyRewardsTwins",,"NEVER"
"emoji_twin_gg",,,"sc/emoji_1.sc","emoji_twin_gg","Twins",,,,"SPECIAL","RARE","GG","Robotwin_Lead_VO","2",,,,"750","19","TRUE",,,,,,,,,"AVAILABLE"
"emoji_twin_phew",,,"sc/emoji_1.sc","emoji_twin_phew","Twins",,,,"SPECIAL","EPIC","PHEW","Robotwin_Hurt_VO","2",,,,"1500","39","TRUE",,,,,,,,,"AVAILABLE"
"emoji_twin_sad",,,"sc/emoji_1.sc","emoji_twin_sad","Twins",,,,"SAD","COMMON","SAD","Robotwin_Die_VO","1",,,,"375","9","TRUE",,,,,,,,"TRUE","AVAILABLE"
"emoji_twin_special",,,"sc/emoji_1.sc","emoji_twin_special","Twins",,,,"SPECIAL","EPIC","SPECIAL","Robotwin_Lead_VO","6",,,,,,"TRUE",,,,,,,"TrophyRewardsTwins",,"NEVER"
"emoji_twin_thanks",,,"sc/emoji_1.sc","emoji_twin_thanks","Twins",,,,"SPECIAL","EPIC","THANKS","Robotwin_Kill_VO","1",,,,"1500","39","TRUE",,,,,,,,,"AVAILABLE"
"emoji_twin_clap",,,"sc/emoji_1.sc","emoji_twin_clap","Twins",,,,"SPECIAL","RARE","CLAP","Colt_Pin_Clap","0",,,,"750","19","TRUE",,,,,,,,,"AVAILABLE"
"emoji_twin_facepalm",,,"sc/emoji_1.sc","emoji_twin_facepalm","Twins",,,,"SPECIAL","COLLECTORS","FACEPALM",,,,,,,,"TRUE",,,,,,,"TrophyRewardsTwins","TRUE","NEVER"
"emoji_dragon_esports",,,"sc/emoji_1.sc","emoji_dragon_esports",,,,,"SPECIAL","COLLECTORS","SPECIAL",,,,,,,,"TRUE",,,,,,,,,"NEVER"
"emoji_american_football",,,"sc/emoji_1.sc","emoji_american_football",,,,,"SPECIAL","COLLECTORS","SPECIAL",,,,,,"1500","39","TRUE",,,,"SUPERBOWL",,,,,"AVAILABLE"
"emoji_carnaval_mask",,,"sc/emoji_1.sc","emoji_carnaval_mask",,,,,"SPECIAL","COLLECTORS","SPECIAL",,,,,,"1500","39","TRUE",,,,"CARNAVAL",,,,,"AVAILABLE"
"emoji_cartoon_ball",,,"sc/emoji_1.sc","emoji_cartoon_ball",,,,,"SPECIAL","COLLECTORS","SPECIAL",,,,,,"1500","39","TRUE",,,,"CARTOON",,,,,"AVAILABLE"
"emoji_otis_wc",,,"sc/emoji_1.sc","emoji_otis_wc","Silencer",,,,"DEFAULT","COLLECTORS","SPECIAL",,,,,,,,"TRUE",,,,,,,,,"NEVER"
"emoji_primo_superbowl",,,"sc/emoji_1.sc","emoji_primo_superbowl","Luchador",,,,"DEFAULT","COLLECTORS","SPECIAL",,,,,,,,"TRUE",,,,,,,,,"NEVER"
"emoji_colette_anime",,,"sc/emoji_1.sc","emoji_colette_anime","Percenter",,,,"DEFAULT","COLLECTORS","SPECIAL",,,,,,,,"TRUE",,,,,,,,,"NEVER"
"emoji_colette_anime_blue",,,"sc/emoji_1.sc","emoji_colette_anime_blue","Percenter",,,,"DEFAULT","COLLECTORS","SPECIAL",,,,,,,,"TRUE",,,,,,,,,"NEVER"
"emoji_colette_anime_blond",,,"sc/emoji_1.sc","emoji_colette_anime_blond","Percenter",,,,"DEFAULT","COLLECTORS","SPECIAL",,,,,,,,"TRUE",,,,,,,,,"NEVER"
"emoji_rico_cartoon",,,"sc/emoji_1.sc","emoji_rico_cartoon","TrickshotDude",,,,"DEFAULT","COLLECTORS","SPECIAL",,,,,,,,"TRUE",,,,,,,,,"NEVER"
"emoji_piper_carnaval",,,"sc/emoji_1.sc","emoji_piper_carnaval","Sniper",,,,"DEFAULT","COLLECTORS","SPECIAL",,,,,,,,"TRUE",,,,,,,,,"NEVER"
"emoji_poco_origins",,,"sc/emoji_1.sc","emoji_poco_origins","DeadMariachi",,,,"DEFAULT","COLLECTORS","SPECIAL",,,,,,,,"TRUE",,,,,,,,,"NEVER"
"emoji_fang_lny",,,"sc/emoji_1.sc","emoji_fang_lny","KickerDude",,,,"DEFAULT","COLLECTORS","SPECIAL",,,,,,,,"TRUE",,,,,,,,,"NEVER"
"emoji_kit_lny",,,"sc/emoji_1.sc","emoji_kit_lny","Attacher",,,,"DEFAULT","COLLECTORS","SPECIAL",,,,,,,,"TRUE",,,,,,,,,"NEVER"
"emoji_kit_lny_dark",,,"sc/emoji_1.sc","emoji_kit_lny_dark","Attacher",,,,"DEFAULT","COLLECTORS","SPECIAL",,,,,,,,"TRUE",,,,,,,,,"NEVER"
"emoji_kit_lny_blue",,,"sc/emoji_1.sc","emoji_kit_lny_blue","Attacher",,,,"DEFAULT","COLLECTORS","SPECIAL",,,,,,,,"TRUE",,,,,,,,,"NEVER"
"emoji_stu_santa",,,"sc/emoji_1.sc","emoji_stu_santa","Roller",,,,"DEFAULT","COLLECTORS","SPECIAL",,,,,,,,"TRUE",,,,,,,,,"NEVER"
"emoji_mico_darkmas",,,"sc/emoji_1.sc","emoji_mico_darkmas","Leaper",,,,"DEFAULT","COLLECTORS","SPECIAL",,,,,,,,"TRUE",,,,,,,,,"NEVER"
"emoji_colt_make",,,"sc/emoji_1.sc","emoji_colt_make","Gunslinger",,,,"DEFAULT","COLLECTORS","SPECIAL",,,,,,,,"TRUE",,,,,,,,,"NEVER"
"emoji_dynamike_spicy",,,"sc/emoji_1.sc","emoji_dynamike_spicy","TntDude",,,,"DEFAULT","COLLECTORS","SPECIAL",,,,,,,,"TRUE",,,,,,,,,"NEVER"
"emoji_sandy_giftshop",,,"sc/emoji_1.sc","emoji_sandy_giftshop","Sandstorm",,,,"DEFAULT","COLLECTORS","SPECIAL",,,,,,,,"TRUE",,,,,,,,,"NEVER"
"emoji_champie_WC2023",,,"sc/emoji_1.sc","emoji_champie_WC2023",,,,,"SPECIAL","COLLECTORS","SPECIAL",,,,,,,,"TRUE",,,,"WF_2020",,,,,"NEVER"
"emoji_frank_cr_red",,,"sc/emoji_1.sc","emoji_frank_cr_red","HammerDude",,,,"SPECIAL","COLLECTORS","DEFAULT","King_Frank_Start_VO","0",,,,,,"TRUE",,,,,,,,,"NEVER"
"emoji_frank_cr_red_angry",,,"sc/emoji_1.sc","emoji_frank_cr_red_angry","HammerDude",,,,"SPECIAL","COLLECTORS","ANGRY","King_Frank_Hurt_VO","0",,,,,,"TRUE",,,,,,,,"TRUE","NEVER"
"emoji_frank_cr_red_happy",,,"sc/emoji_1.sc","emoji_frank_cr_red_happy","HammerDude",,,,"SPECIAL","COLLECTORS","HAPPY","King_Frank_Kill_VO","0",,,,,,"TRUE",,,,,,,,,"NEVER"
"emoji_frank_cr_red_gg",,,"sc/emoji_1.sc","emoji_frank_cr_red_gg","HammerDude",,,,"SPECIAL","COLLECTORS","GG","King_Frank_Kill_VO","1",,,,,,"TRUE",,,,,,,,,"NEVER"
"emoji_frank_cr_red_phew",,,"sc/emoji_1.sc","emoji_frank_cr_red_phew","HammerDude",,,,"SPECIAL","COLLECTORS","PHEW","King_Frank_Hurt_VO","2",,,,,,"TRUE",,,,,,,,,"NEVER"
"emoji_frank_cr_red_sad",,,"sc/emoji_1.sc","emoji_frank_cr_red_sad","HammerDude",,,,"SPECIAL","COLLECTORS","SAD","King_Frank_Die_VO","0",,,,,,"TRUE",,,,,,,,,"NEVER"
"emoji_frank_cr_red_special",,,"sc/emoji_1.sc","emoji_frank_cr_red_special","HammerDude",,,,"SPECIAL","COLLECTORS","SPECIAL","King_Frank_Lead_VO","1",,,,,,"TRUE",,,,,,,,,"NEVER"
"emoji_frank_cr_red_thanks",,,"sc/emoji_1.sc","emoji_frank_cr_red_thanks","HammerDude",,,,"SPECIAL","COLLECTORS","THANKS","King_Frank_Lead_VO","2",,,,,,"TRUE",,,,,,,,,"NEVER"
"emoji_frank_cr_red_clap",,,"sc/emoji_1.sc","emoji_frank_cr_red_clap","HammerDude",,,,"SPECIAL","COLLECTORS","CLAP","Colt_Pin_Clap","0",,,,,,"TRUE",,,,,,,,,"NEVER"
"emoji_lou_burger",,,"sc/emoji_1.sc","emoji_lou_burger","IceDude",,,,"DEFAULT","COLLECTORS","SPECIAL",,,,,,,,"TRUE",,,,,,,,,"NEVER"
"emoji_8bit_virus_angry",,,"sc/emoji_1.sc","emoji_8bit_virus_angry","Arcade",,,,"DEFAULT","COLLECTORS","ANGRY","8bit_Virus_Die_VO","0",,,,,,"TRUE",,,,,,,,"TRUE","NEVER"
"emoji_8bit_virus_happy",,,"sc/emoji_1.sc","emoji_8bit_virus_happy","Arcade",,,,"DEFAULT","COLLECTORS","HAPPY","8bit_Virus_Kill_VO","0",,,,,,"TRUE",,,,,,,,,"NEVER"
"emoji_8bit_virus_gg",,,"sc/emoji_1.sc","emoji_8bit_virus_gg","Arcade",,,,"DEFAULT","COLLECTORS","GG","8bit_Virus_Lead_VO","0",,,,,,"TRUE",,,,,,,,,"NEVER"
"emoji_8bit_virus_phew",,,"sc/emoji_1.sc","emoji_8bit_virus_phew","Arcade",,,,"DEFAULT","COLLECTORS","PHEW","8bit_Virus_Hurt_VO","3",,,,,,"TRUE",,,,,,,,,"NEVER"
"emoji_8bit_virus_sad",,,"sc/emoji_1.sc","emoji_8bit_virus_sad","Arcade",,,,"DEFAULT","COLLECTORS","SAD","8bit_Virus_Hurt_VO","0",,,,,,"TRUE",,,,,,,,"TRUE","NEVER"
"emoji_8bit_virus_special",,,"sc/emoji_1.sc","emoji_8bit_virus_special","Arcade",,,,"DEFAULT","COLLECTORS","SPECIAL","8bit_Virus_Lead_VO","1",,,,,,"TRUE",,,,,,,,,"NEVER"
"emoji_8bit_virus_thanks",,,"sc/emoji_1.sc","emoji_8bit_virus_thanks","Arcade",,,,"DEFAULT","COLLECTORS","THANKS","8bit_Virus_Kill_VO","2",,,,,,"TRUE",,,,,,,,,"NEVER"
"emoji_8bit_virus_clap",,,"sc/emoji_1.sc","emoji_8bit_virus_clap","Arcade",,,,"DEFAULT","COLLECTORS","CLAP","Colt_Pin_Clap","0",,,,,,"TRUE",,,,,,,,,"NEVER"
"emoji_leon_mecha",,,"sc/emoji_1.sc","emoji_leon_mecha","Ninja",,,,"SPECIAL","COLLECTORS","DEFAULT",,"0",,,,,,"TRUE",,,,,,,,,"NEVER"
"emoji_leon_mecha_angry",,,"sc/emoji_1.sc","emoji_leon_mecha_angry","Ninja",,,,"SPECIAL","COLLECTORS","ANGRY",,"0",,,,,,"TRUE",,,,,,,,"TRUE","NEVER"
"emoji_leon_mecha_happy",,,"sc/emoji_1.sc","emoji_leon_mecha_happy","Ninja",,,,"SPECIAL","COLLECTORS","HAPPY",,"0",,,,,,"TRUE",,,,,,,,,"NEVER"
"emoji_leon_mecha_gg",,,"sc/emoji_1.sc","emoji_leon_mecha_gg","Ninja",,,,"SPECIAL","COLLECTORS","GG",,"1",,,,,,"TRUE",,,,,,,,,"NEVER"
"emoji_leon_mecha_phew",,,"sc/emoji_1.sc","emoji_leon_mecha_phew","Ninja",,,,"SPECIAL","COLLECTORS","PHEW",,"2",,,,,,"TRUE",,,,,,,,,"NEVER"
"emoji_leon_mecha_sad",,,"sc/emoji_1.sc","emoji_leon_mecha_sad","Ninja",,,,"SPECIAL","COLLECTORS","SAD",,"0",,,,,,"TRUE",,,,,,,,"TRUE","NEVER"
"emoji_leon_mecha_special",,,"sc/emoji_1.sc","emoji_leon_mecha_special","Ninja",,,,"SPECIAL","COLLECTORS","SPECIAL",,"1",,,,,,"TRUE",,,,,,,,,"NEVER"
"emoji_leon_mecha_thanks",,,"sc/emoji_1.sc","emoji_leon_mecha_thanks","Ninja",,,,"SPECIAL","COLLECTORS","THANKS",,"2",,,,,,"TRUE",,,,,,,,,"NEVER"
"emoji_leon_mecha_clap",,,"sc/emoji_1.sc","emoji_leon_mecha_clap","Ninja",,,,"SPECIAL","COLLECTORS","CLAP","Colt_Pin_Clap","0",,,,,,"TRUE",,,,,,,,,"NEVER"
"emoji_belle_overcharge",,,"sc/emoji_1.sc","emoji_belle_overcharge","ElectroSniper",,,,"SPECIAL","COLLECTORS","SPECIAL",,,,,,,,"TRUE",,,,,,,,,"NEVER"
"emoji_bibi_overcharge",,,"sc/emoji_1.sc","emoji_bibi_overcharge","Baseball",,,,"SPECIAL","COLLECTORS","SPECIAL",,,,,,,,"TRUE",,,,,,,,,"NEVER"
"emoji_buzz_overcharge",,,"sc/emoji_1.sc","emoji_buzz_overcharge","RopeDude",,,,"SPECIAL","COLLECTORS","SPECIAL",,,,,,,,"TRUE",,,,,,,,,"NEVER"
"emoji_cordellius_overcharge",,,"sc/emoji_1.sc","emoji_cordellius_overcharge","Duelist",,,,"SPECIAL","COLLECTORS","SPECIAL",,,,,,,,"TRUE",,,,,,,,,"NEVER"
"emoji_primo_overcharge",,,"sc/emoji_1.sc","emoji_primo_overcharge","Luchador",,,,"SPECIAL","COLLECTORS","SPECIAL",,,,,,,,"TRUE",,,,,,,,,"NEVER"
"emoji_sprout_overcharge",,,"sc/emoji_1.sc","emoji_sprout_overcharge","Wally",,,,"SPECIAL","COLLECTORS","SPECIAL",,,,,,,,"TRUE",,,,,,,,,"NEVER"
"emoji_colt_mecha",,,"sc/emoji_1.sc","emoji_colt_mecha","Gunslinger",,,,"SPECIAL","COLLECTORS","DEFAULT","Mech_Colt_Start_VO","1",,,,,,"TRUE",,,,,,,,,"NEVER"
"emoji_colt_mecha_angry",,,"sc/emoji_1.sc","emoji_colt_mecha_angry","Gunslinger",,,,"SPECIAL","COLLECTORS","ANGRY","Mech_Colt_Hurt_VO","2",,,,,,"TRUE",,,,,,,,"TRUE","NEVER"
"emoji_colt_mecha_happy",,,"sc/emoji_1.sc","emoji_colt_mecha_happy","Gunslinger",,,,"SPECIAL","COLLECTORS","HAPPY","Mech_Colt_Lead_VO","3",,,,,,"TRUE",,,,,,,,,"NEVER"
"emoji_colt_mecha_gg",,,"sc/emoji_1.sc","emoji_colt_mecha_gg","Gunslinger",,,,"SPECIAL","COLLECTORS","GG","Mech_Colt_Lead_VO","4",,,,,,"TRUE",,,,,,,,,"NEVER"
"emoji_colt_mecha_phew",,,"sc/emoji_1.sc","emoji_colt_mecha_phew","Gunslinger",,,,"SPECIAL","COLLECTORS","PHEW","Mech_Colt_Hurt_VO","6",,,,,,"TRUE",,,,,,,,,"NEVER"
"emoji_colt_mecha_sad",,,"sc/emoji_1.sc","emoji_colt_mecha_sad","Gunslinger",,,,"SPECIAL","COLLECTORS","SAD","Mech_Colt_Hurt_VO","5",,,,,,"TRUE",,,,,,,,"TRUE","NEVER"
"emoji_colt_mecha_special",,,"sc/emoji_1.sc","emoji_colt_mecha_special","Gunslinger",,,,"SPECIAL","COLLECTORS","SPECIAL","Mech_Colt_Ulti_VO","0",,,,,,"TRUE",,,,,,,,,"NEVER"
"emoji_colt_mecha_thanks",,,"sc/emoji_1.sc","emoji_colt_mecha_thanks","Gunslinger",,,,"SPECIAL","COLLECTORS","THANKS","Mech_Colt_Start_VO","2",,,,,,"TRUE",,,,,,,,,"NEVER"
"emoji_colt_mecha_clap",,,"sc/emoji_1.sc","emoji_colt_mecha_clap","Gunslinger",,,,"SPECIAL","COLLECTORS","CLAP","Colt_Pin_Clap","0",,,,,,"TRUE",,,,,,,,,"NEVER"
"emoji_bibi_thor",,,"sc/emoji_1.sc","emoji_bibi_thor","Baseball",,,,"SPECIAL","COLLECTORS","DEFAULT","Bibi_Ragnarok_Start_VO","0",,,,,,"TRUE",,,,,,,,,"NEVER"
"emoji_bibi_thor_angry",,,"sc/emoji_1.sc","emoji_bibi_thor_angry","Baseball",,,,"SPECIAL","COLLECTORS","ANGRY","Bibi_Ragnarok_Hurt_VO","2",,,,,,"TRUE",,,,,,,,"TRUE","NEVER"
"emoji_bibi_thor_gg",,,"sc/emoji_1.sc","emoji_bibi_thor_gg","Baseball",,,,"SPECIAL","COLLECTORS","GG","Bibi_Ragnarok_Kill_VO","1",,,,,,"TRUE",,,,,,,,,"NEVER"
"emoji_bibi_thor_sad",,,"sc/emoji_1.sc","emoji_bibi_thor_sad","Baseball",,,,"SPECIAL","COLLECTORS","SAD","Bibi_Ragnarok_Die_VO","3",,,,,,"TRUE",,,,,,,,,"NEVER"
"emoji_bibi_thor_thanks",,,"sc/emoji_1.sc","emoji_bibi_thor_thanks","Baseball",,,,"SPECIAL","COLLECTORS","THANKS","Bibi_Ragnarok_Start_VO","1",,,,,,"TRUE",,,,,,,,,"NEVER"
"emoji_bibi_thor_clap",,,"sc/emoji_1.sc","emoji_bibi_thor_clap","Baseball",,,,"SPECIAL","COLLECTORS","CLAP","Colt_Pin_Clap","0",,,,,,"TRUE",,,,,,,,,"NEVER"
"emoji_bibi_thor_phew",,,"sc/emoji_1.sc","emoji_bibi_thor_phew","Baseball",,,,"SPECIAL","COLLECTORS","PHEW","Bibi_Ragnarok_Hurt_VO","5",,,,,,"TRUE",,,,,,,,,"NEVER"
"emoji_bibi_thor_special",,,"sc/emoji_1.sc","emoji_bibi_thor_special","Baseball",,,,"SPECIAL","COLLECTORS","SPECIAL","Bibi_Ragnarok_Kill_VO","2",,,,,,"TRUE",,,,,,,,,"NEVER"
"emoji_bibi_thor_happy",,,"sc/emoji_1.sc","emoji_bibi_thor_happy","Baseball",,,,"SPECIAL","COLLECTORS","HAPPY","Bibi_Ragnarok_Kill_VO","0",,,,,,"TRUE",,,,,,,,,"NEVER"
"emoji_sandclock",,,"sc/emoji_1.sc","emoji_sandclock",,,,,"DEFAULT","COLLECTORS","DEFAULT",,,,"Sandclock",,"1500","39","TRUE",,,,,,,,,"AVAILABLE"
"emoji_sandclock_angry",,,"sc/emoji_1.sc","emoji_sandclock_angry",,,,,"ANGRY","COLLECTORS","ANGRY",,,,"Sandclock",,"1500","39","TRUE",,,,,,,,"TRUE","AVAILABLE"
"emoji_sandclock_gg",,,"sc/emoji_1.sc","emoji_sandclock_gg",,,,,"SPECIAL","COLLECTORS","GG",,,,"Sandclock",,"1500","39","TRUE",,,,,,,,,"AVAILABLE"
"emoji_sandclock_sad",,,"sc/emoji_1.sc","emoji_sandclock_sad",,,,,"SAD","COLLECTORS","SAD",,,,"Sandclock",,"1500","39","TRUE",,,,,,,,"TRUE","AVAILABLE"
"emoji_sandclock_thanks",,,"sc/emoji_1.sc","emoji_sandclock_thanks",,,,,"SPECIAL","COLLECTORS","THANKS",,,,"Sandclock",,"1500","39","TRUE",,,,,,,,,"AVAILABLE"
"emoji_sandclock_clap",,,"sc/emoji_1.sc","emoji_sandclock_clap",,,,,"SPECIAL","COLLECTORS","CLAP",,,,"Sandclock",,"1500","39","TRUE",,,,,,,,,"AVAILABLE"
"emoji_sandclock_phew",,,"sc/emoji_1.sc","emoji_sandclock_phew",,,,,"SPECIAL","COLLECTORS","PHEW",,,,"Sandclock",,"1500","39","TRUE",,,,,,,,,"AVAILABLE"
"emoji_sandclock_special",,,"sc/emoji_1.sc","emoji_sandclock_special",,,,,"SPECIAL","COLLECTORS","SPECIAL",,,,"Sandclock",,"1500","39","TRUE",,,,,,,,,"AVAILABLE"
"emoji_sandclock_happy",,,"sc/emoji_1.sc","emoji_sandclock_happy",,,,,"HAPPY","COLLECTORS","HAPPY",,,,"Sandclock",,"1500","39","TRUE",,,,,,,,,"AVAILABLE"
"emoji_skull_ragnarock",,,"sc/emoji_1.sc","emoji_skull_ragnarock",,,,,"DEFAULT","COLLECTORS","DEFAULT",,,,"Ragnarok",,"1500","39","TRUE",,,,,,,,,"AVAILABLE"
"emoji_skull_ragnarock_angry",,,"sc/emoji_1.sc","emoji_skull_ragnarock_angry",,,,,"ANGRY","COLLECTORS","ANGRY",,,,"Ragnarok",,"1500","39","TRUE",,,,,,,,"TRUE","AVAILABLE"
"emoji_skull_ragnarock_gg",,,"sc/emoji_1.sc","emoji_skull_ragnarock_gg",,,,,"SPECIAL","COLLECTORS","GG",,,,"Ragnarok",,"1500","39","TRUE",,,,,,,,,"AVAILABLE"
"emoji_skull_ragnarock_sad",,,"sc/emoji_1.sc","emoji_skull_ragnarock_sad",,,,,"SAD","COLLECTORS","SAD",,,,"Ragnarok",,"1500","39","TRUE",,,,,,,,"TRUE","AVAILABLE"
"emoji_skull_ragnarock_thanks",,,"sc/emoji_1.sc","emoji_skull_ragnarock_thanks",,,,,"SPECIAL","COLLECTORS","THANKS",,,,"Ragnarok",,"1500","39","TRUE",,,,,,,,,"AVAILABLE"
"emoji_skull_ragnarock_clap",,,"sc/emoji_1.sc","emoji_skull_ragnarock_clap",,,,,"SPECIAL","COLLECTORS","CLAP",,,,"Ragnarok",,"1500","39","TRUE",,,,,,,,,"AVAILABLE"
"emoji_skull_ragnarock_phew",,,"sc/emoji_1.sc","emoji_skull_ragnarock_phew",,,,,"SPECIAL","COLLECTORS","PHEW",,,,"Ragnarok",,"1500","39","TRUE",,,,,,,,,"AVAILABLE"
"emoji_skull_ragnarock_special",,,"sc/emoji_1.sc","emoji_skull_ragnarock_special",,,,,"SPECIAL","COLLECTORS","SPECIAL",,,,"Ragnarok",,"1500","39","TRUE",,,,,,,,,"AVAILABLE"
"emoji_skull_ragnarock_happy",,,"sc/emoji_1.sc","emoji_skull_ragnarock_happy",,,,,"HAPPY","COLLECTORS","HAPPY",,,,"Ragnarok",,"1500","39","TRUE",,,,,,,,,"AVAILABLE"
"emoji_chuck_scorpion",,,"sc/emoji_1.sc","emoji_chuck_scorpion","Conductor",,,,"SPECIAL","COLLECTORS","DEFAULT","Scorpion_Chuck_Start_VO","2",,,,,,"TRUE",,,,,,,,,"NEVER"
"emoji_chuck_scorpion_angry",,,"sc/emoji_1.sc","emoji_chuck_scorpion_angry","Conductor",,,,"SPECIAL","COLLECTORS","ANGRY","Scorpion_Chuck_Hurt_VO","0",,,,,,"TRUE",,,,,,,,"TRUE","NEVER"
"emoji_chuck_scorpion_happy",,,"sc/emoji_1.sc","emoji_chuck_scorpion_happy","Conductor",,,,"SPECIAL","COLLECTORS","HAPPY","Scorpion_Chuck_Lead_VO","2",,,,,,"TRUE",,,,,,,,,"NEVER"
"emoji_chuck_scorpion_gg",,,"sc/emoji_1.sc","emoji_chuck_scorpion_gg","Conductor",,,,"SPECIAL","COLLECTORS","GG","Scorpion_Chuck_Lead_VO","3",,,,,,"TRUE",,,,,,,,,"NEVER"
"emoji_chuck_scorpion_phew",,,"sc/emoji_1.sc","emoji_chuck_scorpion_phew","Conductor",,,,"SPECIAL","COLLECTORS","PHEW","Scorpion_Chuck_Hurt_VO","2",,,,,,"TRUE",,,,,,,,,"NEVER"
"emoji_chuck_scorpion_sad",,,"sc/emoji_1.sc","emoji_chuck_scorpion_sad","Conductor",,,,"SPECIAL","COLLECTORS","SAD","Scorpion_Chuck_Die_VO","4",,,,,,"TRUE",,,,,,,,"TRUE","NEVER"
"emoji_chuck_scorpion_special",,,"sc/emoji_1.sc","emoji_chuck_scorpion_special","Conductor",,,,"SPECIAL","COLLECTORS","SPECIAL","Scorpion_Chuck_Start_VO","3",,,,,,"TRUE",,,,,,,,,"NEVER"
"emoji_chuck_scorpion_thanks",,,"sc/emoji_1.sc","emoji_chuck_scorpion_thanks","Conductor",,,,"SPECIAL","COLLECTORS","THANKS","Scorpion_Chuck_Kill_VO","0",,,,,,"TRUE",,,,,,,,,"NEVER"
"emoji_chuck_scorpion_clap",,,"sc/emoji_1.sc","emoji_chuck_scorpion_clap","Conductor",,,,"SPECIAL","COLLECTORS","CLAP","Colt_Pin_Clap","0",,,,,,"TRUE",,,,,,,,,"NEVER"
"emoji_poop",,,"sc/emoji_1.sc","emoji_poop",,,,,"SPECIAL","COLLECTORS","SPECIAL",,,,,,,,"TRUE",,,,"APRILFOOLS",,,,,"NEVER"
"emoji_love",,,"sc/emoji_1.sc","emoji_love",,,,,"SPECIAL","COLLECTORS","SPECIAL",,,,,,"1500","39","TRUE",,,,"MISC",,,,,"AVAILABLE"
"emoji_think",,,"sc/emoji_1.sc","emoji_think",,,,,"SPECIAL","COLLECTORS","SPECIAL",,,,,,"1500","39","TRUE",,,,"MISC",,,,,"AVAILABLE"
"emoji_angelo",,,"sc/emoji_1.sc","emoji_angelo","InsectMan",,,,"DEFAULT","DEFAULT","DEFAULT","Angelo_Lead_VO","4",,,,,,"TRUE",,,,,,,,,"NEVER"
"emoji_angelo_angry",,,"sc/emoji_1.sc","emoji_angelo_angry","InsectMan",,,,"ANGRY","COMMON","ANGRY","Angelo_Hurt_VO","1",,,,"375","9","TRUE",,,,,,,,"TRUE","AVAILABLE"
"emoji_angelo_happy",,,"sc/emoji_1.sc","emoji_angelo_happy","InsectMan",,,,"HAPPY","COMMON","HAPPY","Angelo_Lead_VO","0",,,,,,"TRUE",,,,,,,"TrophyRewardsInsectMan",,"NEVER"
"emoji_angelo_gg",,,"sc/emoji_1.sc","emoji_angelo_gg","InsectMan",,,,"SPECIAL","RARE","GG","Angelo_Kill_VO","1",,,,"750","19","TRUE",,,,,,,,,"AVAILABLE"
"emoji_angelo_phew",,,"sc/emoji_1.sc","emoji_angelo_phew","InsectMan",,,,"SPECIAL","EPIC","PHEW","Angelo_Hurt_VO","7",,,,"1500","39","TRUE",,,,,,,,,"AVAILABLE"
"emoji_angelo_sad",,,"sc/emoji_1.sc","emoji_angelo_sad","InsectMan",,,,"SAD","COMMON","SAD","Angelo_Die_VO","5",,,,"375","9","TRUE",,,,,,,,"TRUE","AVAILABLE"
"emoji_angelo_special",,,"sc/emoji_1.sc","emoji_angelo_special","InsectMan",,,,"SPECIAL","EPIC","SPECIAL","Angelo_Start_VO","0",,,,,,"TRUE",,,,,,,"TrophyRewardsInsectMan",,"NEVER"
"emoji_angelo_thanks",,,"sc/emoji_1.sc","emoji_angelo_thanks","InsectMan",,,,"SPECIAL","EPIC","THANKS","Angelo_Start_VO","8",,,,"1500","39","TRUE",,,,,,,,,"AVAILABLE"
"emoji_angelo_clap",,,"sc/emoji_1.sc","emoji_angelo_clap","InsectMan",,,,"SPECIAL","RARE","CLAP","Colt_Pin_Clap","0",,,,"750","19","TRUE",,,,,,,,,"AVAILABLE"
"emoji_angelo_facepalm",,,"sc/emoji_1.sc","emoji_angelo_facepalm","InsectMan",,,,"SPECIAL","COLLECTORS","FACEPALM",,,,,,,,"TRUE",,,,,,,"TrophyRewardsInsectMan","TRUE","NEVER"
"emoji_piper_team",,"-1","sc/emoji_1.sc","emoji_piper_team",,,,,"SPECIAL","COLLECTORS","SPECIAL",,,,,,,,"TRUE",,,,"WF_2020","TRUE",,,,"NEVER"
"emoji_melodie",,,"sc/emoji_1.sc","emoji_melodie","AxeJuggler",,,,"DEFAULT","DEFAULT","DEFAULT","Melodie_Start_VO","7",,,,,,"TRUE",,,,,,,,,"NEVER"
"emoji_melodie_angry",,,"sc/emoji_1.sc","emoji_melodie_angry","AxeJuggler",,,,"ANGRY","COMMON","ANGRY","Melodie_Hurt_VO","5",,,,"375","9","TRUE",,,,,,,,"TRUE","AVAILABLE"
"emoji_melodie_happy",,,"sc/emoji_1.sc","emoji_melodie_happy","AxeJuggler",,,,"HAPPY","COMMON","HAPPY","Melodie_Lead_VO","8",,,,,,"TRUE",,,,,,,"TrophyRewardsAxeJuggler",,"NEVER"
"emoji_melodie_gg",,,"sc/emoji_1.sc","emoji_melodie_gg","AxeJuggler",,,,"SPECIAL","RARE","GG","Melodie_Kill_VO","9",,,,"750","19","TRUE",,,,,,,,,"AVAILABLE"
"emoji_melodie_phew",,,"sc/emoji_1.sc","emoji_melodie_phew","AxeJuggler",,,,"SPECIAL","EPIC","PHEW","Melodie_Hurt_VO","10",,,,"1500","39","TRUE",,,,,,,,,"AVAILABLE"
"emoji_melodie_sad",,,"sc/emoji_1.sc","emoji_melodie_sad","AxeJuggler",,,,"SAD","COMMON","SAD","Melodie_Die_VO","5",,,,"375","9","TRUE",,,,,,,,"TRUE","AVAILABLE"
"emoji_melodie_special",,,"sc/emoji_1.sc","emoji_melodie_special","AxeJuggler",,,,"SPECIAL","EPIC","SPECIAL","Melodie_Start_VO","8",,,,,,"TRUE",,,,,,,"TrophyRewardsAxeJuggler",,"NEVER"
"emoji_melodie_thanks",,,"sc/emoji_1.sc","emoji_melodie_thanks","AxeJuggler",,,,"SPECIAL","EPIC","THANKS","Melodie_Kill_VO","6",,,,"1500","39","TRUE",,,,,,,,,"AVAILABLE"
"emoji_melodie_clap",,,"sc/emoji_1.sc","emoji_melodie_clap","AxeJuggler",,,,"SPECIAL","RARE","CLAP","Colt_Pin_Clap","0",,,,"750","19","TRUE",,,,,,,,,"AVAILABLE"
"emoji_melodie_facepalm",,,"sc/emoji_1.sc","emoji_melodie_facepalm","AxeJuggler",,,,"SPECIAL","COLLECTORS","FACEPALM",,,,,,,,"TRUE",,,,,,,"TrophyRewardsAxeJuggler","TRUE","NEVER"
"emoji_crow_mecha_angry",,,"sc/emoji_1.sc","emoji_crow_mecha_angry","Crow",,,,"SPECIAL","COLLECTORS","ANGRY","RoboCrow_Die","0",,,,,,"TRUE",,,,,,,,"TRUE","NEVER"
"emoji_crow_mecha_happy",,,"sc/emoji_1.sc","emoji_crow_mecha_happy","Crow",,,,"SPECIAL","COLLECTORS","HAPPY","RoboCrow_Start","1",,,,,,"TRUE",,,,,,,,,"NEVER"
"emoji_crow_mecha_gg",,,"sc/emoji_1.sc","emoji_crow_mecha_gg","Crow",,,,"SPECIAL","COLLECTORS","GG","RoboCrow_Lead","0",,,,,,"TRUE",,,,,,,,,"NEVER"
"emoji_crow_mecha_phew",,,"sc/emoji_1.sc","emoji_crow_mecha_phew","Crow",,,,"SPECIAL","COLLECTORS","PHEW","RoboCrow_Die","0",,,,,,"TRUE",,,,,,,,,"NEVER"
"emoji_crow_mecha_sad",,,"sc/emoji_1.sc","emoji_crow_mecha_sad","Crow",,,,"SPECIAL","COLLECTORS","SAD","RoboCrow_Die","0",,,,,,"TRUE",,,,,,,,"TRUE","NEVER"
"emoji_crow_mecha_special",,,"sc/emoji_1.sc","emoji_crow_mecha_special","Crow",,,,"SPECIAL","COLLECTORS","SPECIAL","RoboCrow_Lead","1",,,,,,"TRUE",,,,,,,,,"NEVER"
"emoji_crow_mecha_thanks",,,"sc/emoji_1.sc","emoji_crow_mecha_thanks","Crow",,,,"SPECIAL","COLLECTORS","THANKS","RoboCrow_Start","0",,,,,,"TRUE",,,,,,,,,"NEVER"
"emoji_crow_mecha_clap",,,"sc/emoji_1.sc","emoji_crow_mecha_clap","Crow",,,,"SPECIAL","COLLECTORS","CLAP","Colt_Pin_Clap","0",,,,,,"TRUE",,,,,,,,,"NEVER"
"emoji_champie_hammer",,,"sc/emoji_1.sc","emoji_champie_hammer",,,,,"SPECIAL","COLLECTORS","SPECIAL",,,,,,,,"TRUE",,,,,,,,,"NEVER"
"emoji_fame_earth",,,"sc/emoji_1.sc","emoji_fame_earth",,,,,"SPECIAL","COLLECTORS","SPECIAL",,,,,,,,"TRUE",,,,,,"Global3",,,"NEVER"
"emoji_fame_mars",,,"sc/emoji_1.sc","emoji_fame_mars",,,,,"SPECIAL","COLLECTORS","SPECIAL",,,,,,,,"TRUE",,,,,,"Lunar3",,,"NEVER"
"emoji_fame_meteor",,,"sc/emoji_1.sc","emoji_fame_meteor",,,,,"SPECIAL","COLLECTORS","SPECIAL",,,,,,,,"TRUE",,,,,,"Martial3",,,"NEVER"
"emoji_fame_moon",,,"sc/emoji_1.sc","emoji_fame_moon",,,,,"SPECIAL","COLLECTORS","SPECIAL",,,,,,,,"TRUE",,,,,,"Saturnal3",,,"NEVER"
"emoji_fame_saturn",,,"sc/emoji_1.sc","emoji_fame_saturn",,,,,"SPECIAL","COLLECTORS","SPECIAL",,,,,,,,"TRUE",,,,,,"Solar3",,,"NEVER"
"emoji_fame_sun",,,"sc/emoji_1.sc","emoji_fame_sun",,,,,"SPECIAL","COLLECTORS","SPECIAL",,,,,,,,"TRUE",,,,,,"Meteor3",,,"NEVER"
"emoji_stop",,,"sc/emoji_1.sc","emoji_stop",,,,,"SPECIAL","COLLECTORS","SPECIAL",,,,,,"1500","39","TRUE",,,,"MISC",,,,,"AVAILABLE"
"emoji_babyshark",,,"sc/emoji_1.sc","emoji_babyshark",,,,,"SPECIAL","COLLECTORS","SPECIAL","BabyShark_jingle",,,,,,,"TRUE",,,,"BABYSHARK",,,,,"NEVER"
"emoji_easter_2024",,,"sc/emoji_1.sc","emoji_easter_2024",,,,,"SPECIAL","COLLECTORS","SPECIAL",,,,,,,,"TRUE",,,,"BUNNY_BRIGADE",,,,,"NEVER"
"emoji_shelly_sandsoftime",,,"sc/emoji_1.sc","emoji_shelly_sandsoftime","ShotgunGirl",,,,"DEFAULT","COLLECTORS","SPECIAL",,,,,,,,"TRUE",,,,,,,,,"NEVER"
"emoji_shelly_sandsoftime_dark",,,"sc/emoji_1.sc","emoji_shelly_sandsoftime_dark","ShotgunGirl",,,,"DEFAULT","COLLECTORS","SPECIAL",,,,,,,,"TRUE",,,,,,,,,"NEVER"
"emoji_shelly_sandsoftime_light",,,"sc/emoji_1.sc","emoji_shelly_sandsoftime_light","ShotgunGirl",,,,"DEFAULT","COLLECTORS","SPECIAL",,,,,,,,"TRUE",,,,,,,,,"NEVER"
"emoji_brock_line",,,"sc/emoji_1.sc","emoji_brock_line","RocketGirl",,,,"DEFAULT","COLLECTORS","SPECIAL",,,,,,,,"TRUE",,,,,,,,,"NEVER"
"emoji_buzz_ragnarok",,,"sc/emoji_1.sc","emoji_buzz_ragnarok","RopeDude",,,,"DEFAULT","COLLECTORS","SPECIAL",,,,,,,,"TRUE",,,,,,,,,"NEVER"
"emoji_buzz_ragnarok_dark",,,"sc/emoji_1.sc","emoji_buzz_ragnarok_dark","RopeDude",,,,"DEFAULT","COLLECTORS","SPECIAL",,,,,,,,"TRUE",,,,,,,,,"NEVER"
"emoji_buzz_ragnarok_red",,,"sc/emoji_1.sc","emoji_buzz_ragnarok_red","RopeDude",,,,"DEFAULT","COLLECTORS","SPECIAL",,,,,,,,"TRUE",,,,,,,,,"NEVER"
"emoji_chester_ragnarok",,,"sc/emoji_1.sc","emoji_chester_ragnarok","Jester",,,,"DEFAULT","COLLECTORS","SPECIAL",,,,,,,,"TRUE",,,,,,,,,"NEVER"
"emoji_colette_line",,,"sc/emoji_1.sc","emoji_colette_line","Percenter",,,,"DEFAULT","COLLECTORS","SPECIAL",,,,,,,,"TRUE",,,,,,,,,"NEVER"
"emoji_cordelius_ragnarok",,,"sc/emoji_1.sc","emoji_cordelius_ragnarok","Duelist",,,,"DEFAULT","COLLECTORS","SPECIAL",,,,,,,,"TRUE",,,,,,,,,"NEVER"
"emoji_dynamike_sandsoftime",,,"sc/emoji_1.sc","emoji_dynamike_sandsoftime","TntDude",,,,"DEFAULT","COLLECTORS","SPECIAL",,,,,,,,"TRUE",,,,,,,,,"NEVER"
"emoji_edgar_sandsoftime",,,"sc/emoji_1.sc","emoji_edgar_sandsoftime","Enrager",,,,"DEFAULT","COLLECTORS","SPECIAL",,,,,,,,"TRUE",,,,,,,,,"NEVER"
"emoji_fang_baseball",,,"sc/emoji_1.sc","emoji_fang_baseball","KickerDude",,,,"DEFAULT","COLLECTORS","SPECIAL",,,,,,,,"TRUE",,,,,,,,,"NEVER"
"emoji_gus_line",,,"sc/emoji_1.sc","emoji_gus_line","SoulCollector",,,,"DEFAULT","COLLECTORS","SPECIAL",,,,,,,,"TRUE",,,,,,,,,"NEVER"
"emoji_jessie_ragnarok",,,"sc/emoji_1.sc","emoji_jessie_ragnarok","Mechanic",,,,"DEFAULT","COLLECTORS","SPECIAL",,,,,,,,"TRUE",,,,,,,,,"NEVER"
"emoji_primo_babyshark",,,"sc/emoji_1.sc","emoji_primo_babyshark","Luchador",,,,"DEFAULT","COLLECTORS","SPECIAL",,,,,,,,"TRUE",,,,,,,,,"NEVER"
"emoji_spike_poop",,,"sc/emoji_1.sc","emoji_spike_poop","Cactus",,,,"DEFAULT","COLLECTORS","SPECIAL",,,,,,,,"TRUE",,,,,,,,,"NEVER"
"emoji_surge_sandsoftime",,,"sc/emoji_1.sc","emoji_surge_sandsoftime","PowerLeveler",,,,"DEFAULT","COLLECTORS","SPECIAL",,,,,,,,"TRUE",,,,,,,,,"NEVER"
"emoji_spike_robo",,,"sc/emoji_1.sc","emoji_spike_robo","Cactus",,,,"DEFAULT","COLLECTORS","SPECIAL",,,,,,,,"TRUE",,,,,,,,,"NEVER"
"emoji_piper_lunar",,,"sc/emoji_1.sc","emoji_piper_lunar","Sniper",,,,"DEFAULT","COLLECTORS","SPECIAL",,,,,,,,"TRUE",,,,,,,,,"NEVER"
"emoji_sprout_lunar",,,"sc/emoji_1.sc","emoji_sprout_lunar","Wally",,,,"DEFAULT","COLLECTORS","SPECIAL",,,,,,,,"TRUE",,,,,,,,,"NEVER"
"emoji_colt_mecha_golden",,,"sc/emoji_1.sc","emoji_colt_mecha_golden","Gunslinger",,,,"DEFAULT","COLLECTORS","SPECIAL",,,,,,,,"TRUE",,,,,,,,,"NEVER"
"emoji_colt_mecha_dark",,,"sc/emoji_1.sc","emoji_colt_mecha_dark","Gunslinger",,,,"DEFAULT","COLLECTORS","SPECIAL",,,,,,,,"TRUE",,,,,,,,,"NEVER"
"emoji_leon_mecha_white",,,"sc/emoji_1.sc","emoji_leon_mecha_white","Ninja",,,,"DEFAULT","COLLECTORS","SPECIAL",,,,,,,,"TRUE",,,,,,,,,"NEVER"
"emoji_leon_mecha_black",,,"sc/emoji_1.sc","emoji_leon_mecha_black","Ninja",,,,"DEFAULT","COLLECTORS","SPECIAL",,,,,,,,"TRUE",,,,,,,,,"NEVER"
"emoji_fang_baseball_chroma",,,"sc/emoji_1.sc","emoji_fang_baseball_chroma","KickerDude",,,,"DEFAULT","COLLECTORS","SPECIAL",,,,,,,,"TRUE",,,,,,,,,"NEVER"
"emoji_gegg",,,"sc/emoji_1.sc","emoji_gegg",,,,,"SPECIAL","COLLECTORS","SPECIAL",,,,,,"1500","39","TRUE",,,,,,,,,"AVAILABLE"
"emoji_hammer",,,"sc/emoji_1.sc","emoji_hammer",,,,,"SPECIAL","COLLECTORS","SPECIAL",,,,,,"1500","39","TRUE",,,,"NORSEGODS",,,,,"AVAILABLE"
"emoji_amber_ice_angry",,,"sc/emoji_1.sc","emoji_amber_ice_angry","FireDude",,,,"SPECIAL","COLLECTORS","ANGRY","Amber_Ice_Hurt_VO","0",,,,,,"TRUE",,,,,,,,"TRUE","NEVER"
"emoji_amber_ice_phew",,,"sc/emoji_1.sc","emoji_amber_ice_phew","FireDude",,,,"SPECIAL","COLLECTORS","PHEW","Amber_Ice_Hurt_VO","4",,,,,,"TRUE",,,,,,,,,"NEVER"
"emoji_amber_ice_clap",,,"sc/emoji_1.sc","emoji_amber_ice_clap","FireDude",,,,"SPECIAL","COLLECTORS","CLAP","Colt_Pin_Clap","0",,,,,,"TRUE",,,,,,,,,"NEVER"
"emoji_amber_ice_gg",,,"sc/emoji_1.sc","emoji_amber_ice_gg","FireDude",,,,"SPECIAL","COLLECTORS","GG","Amber_Ice_Start_VO","5",,,,,,"TRUE",,,,,,,,,"NEVER"
"emoji_amber_ice_happy",,,"sc/emoji_1.sc","emoji_amber_ice_happy","FireDude",,,,"SPECIAL","COLLECTORS","HAPPY","Amber_Ice_Kill_VO","2",,,,,,"TRUE",,,,,,,,,"NEVER"
"emoji_amber_ice_sad",,,"sc/emoji_1.sc","emoji_amber_ice_sad","FireDude",,,,"SPECIAL","COLLECTORS","SAD","Amber_Ice_Hurt_VO","1",,,,,,"TRUE",,,,,,,,"TRUE","NEVER"
"emoji_amber_ice_special",,,"sc/emoji_1.sc","emoji_amber_ice_special","FireDude",,,,"SPECIAL","COLLECTORS","SPECIAL","Amber_Ice_Ulti_VO","2",,,,,,"TRUE",,,,,,,,,"NEVER"
"emoji_amber_ice_thanks",,,"sc/emoji_1.sc","emoji_amber_ice_thanks","FireDude",,,,"SPECIAL","COLLECTORS","THANKS","Amber_Ice_Lead_VO","4",,,,,,"TRUE",,,,,,,,,"NEVER"
"emoji_bo_mecha_angry",,,"sc/emoji_1.sc","emoji_bo_mecha_angry","BowDude",,,,"SPECIAL","COLLECTORS","ANGRY","Mech_Bo_hurt","3",,,,,,"TRUE",,,,,,,,,"NEVER"
"emoji_bo_mecha_clap",,,"sc/emoji_1.sc","emoji_bo_mecha_clap","BowDude",,,,"SPECIAL","COLLECTORS","CLAP","Colt_Pin_Clap","0",,,,,,"TRUE",,,,,,,,,"NEVER"
"emoji_bo_mecha_gg",,,"sc/emoji_1.sc","emoji_bo_mecha_gg","BowDude",,,,"SPECIAL","COLLECTORS","GG","Mech_Bo_ulti_vo","0",,,,,,"TRUE",,,,,,,,,"NEVER"
"emoji_bo_mecha_happy",,,"sc/emoji_1.sc","emoji_bo_mecha_happy","BowDude",,,,"SPECIAL","COLLECTORS","HAPPY","Mech_Bo_kill","0",,,,,,"TRUE",,,,,,,,,"NEVER"
"emoji_bo_mecha_phew",,,"sc/emoji_1.sc","emoji_bo_mecha_phew","BowDude",,,,"SPECIAL","COLLECTORS","PHEW","Mech_Bo_hurt","1",,,,,,"TRUE",,,,,,,,,"NEVER"
"emoji_bo_mecha_sad",,,"sc/emoji_1.sc","emoji_bo_mecha_sad","BowDude",,,,"SPECIAL","COLLECTORS","SAD","Mech_Bo_hurt","2",,,,,,"TRUE",,,,,,,,"TRUE","NEVER"
"emoji_bo_mecha_special",,,"sc/emoji_1.sc","emoji_bo_mecha_special","BowDude",,,,"SPECIAL","COLLECTORS","SPECIAL","Mech_Bo_start","0",,,,,,"TRUE",,,,,,,,,"NEVER"
"emoji_bo_mecha_thanks",,,"sc/emoji_1.sc","emoji_bo_mecha_thanks","BowDude",,,,"SPECIAL","COLLECTORS","THANKS","Mech_Bo_kill","0",,,,,,"TRUE",,,,,,,,,"NEVER"
"emoji_charlie_virus",,,"sc/emoji_1.sc","emoji_charlie_virus","Cocooner",,,,"SPECIAL","COLLECTORS","DEFAULT","Charlie_Virus_Start_VO","5",,,,,,"TRUE",,,,,,,,,"NEVER"
"emoji_charlie_virus_angry",,,"sc/emoji_1.sc","emoji_charlie_virus_angry","Cocooner",,,,"SPECIAL","COLLECTORS","ANGRY","Charlie_Virus_Hurt_VO","2",,,,,,"TRUE",,,,,,,,"TRUE","NEVER"
"emoji_charlie_virus_clap",,,"sc/emoji_1.sc","emoji_charlie_virus_clap","Cocooner",,,,"SPECIAL","COLLECTORS","CLAP","Colt_Pin_Clap","0",,,,,,"TRUE",,,,,,,,,"NEVER"
"emoji_charlie_virus_gg",,,"sc/emoji_1.sc","emoji_charlie_virus_gg","Cocooner",,,,"SPECIAL","COLLECTORS","GG","Charlie_Virus_Lead_VO","5",,,,,,"TRUE",,,,,,,,,"NEVER"
"emoji_charlie_virus_happy",,,"sc/emoji_1.sc","emoji_charlie_virus_happy","Cocooner",,,,"SPECIAL","COLLECTORS","HAPPY","Charlie_Virus_Lead_VO","3",,,,,,"TRUE",,,,,,,,,"NEVER"
"emoji_charlie_virus_phew",,,"sc/emoji_1.sc","emoji_charlie_virus_phew","Cocooner",,,,"SPECIAL","COLLECTORS","PHEW","Charlie_Virus_Hurt_VO","8",,,,,,"TRUE",,,,,,,,,"NEVER"
"emoji_charlie_virus_sad",,,"sc/emoji_1.sc","emoji_charlie_virus_sad","Cocooner",,,,"SPECIAL","COLLECTORS","SAD","Charlie_Virus_Die_VO","5",,,,,,"TRUE",,,,,,,,"TRUE","NEVER"
"emoji_charlie_virus_special",,,"sc/emoji_1.sc","emoji_charlie_virus_special","Cocooner",,,,"SPECIAL","COLLECTORS","SPECIAL","Charlie_Virus_Kill_VO","1",,,,,,"TRUE",,,,,,,,,"NEVER"
"emoji_charlie_virus_thanks",,,"sc/emoji_1.sc","emoji_charlie_virus_thanks","Cocooner",,,,"SPECIAL","COLLECTORS","THANKS","Charlie_Virus_Kill_VO","3",,,,,,"TRUE",,,,,,,,,"NEVER"
"emoji_brock_overcharge",,,"sc/emoji_1.sc","emoji_brock_overcharge","RocketGirl",,,,"SPECIAL","COLLECTORS","SPECIAL",,,,,,,,"TRUE",,,,,,,,,"NEVER"
"emoji_gene_overcharge",,,"sc/emoji_1.sc","emoji_gene_overcharge","HookDude",,,,"SPECIAL","COLLECTORS","SPECIAL",,,,,,,,"TRUE",,,,,,,,,"NEVER"
"emoji_max_overcharge",,,"sc/emoji_1.sc","emoji_max_overcharge","Speedy",,,,"SPECIAL","COLLECTORS","SPECIAL",,,,,,,,"TRUE",,,,,,,,,"NEVER"
"emoji_nita_overcharge",,,"sc/emoji_1.sc","emoji_nita_overcharge","Shaman",,,,"SPECIAL","COLLECTORS","SPECIAL",,,,,,,,"TRUE",,,,,,,,,"NEVER"
"emoji_sandy_overcharge",,,"sc/emoji_1.sc","emoji_sandy_overcharge","Sandstorm",,,,"SPECIAL","COLLECTORS","SPECIAL",,,,,,,,"TRUE",,,,,,,,,"NEVER"
"emoji_tick_overcharge",,,"sc/emoji_1.sc","emoji_tick_overcharge","ClusterBombDude",,,,"SPECIAL","COLLECTORS","SPECIAL",,,,,,,,"TRUE",,,,,,,,,"NEVER"
"emoji_hacker",,,"sc/emoji_1.sc","emoji_hacker",,,,,"DEFAULT","COLLECTORS","DEFAULT",,,,"Hackers",,"1500","39","TRUE",,,,,,,,,"AVAILABLE"
"emoji_hacker_angry",,,"sc/emoji_1.sc","emoji_hacker_angry",,,,,"ANGRY","COLLECTORS","ANGRY",,,,"Hackers",,"1500","39","TRUE",,,,,,,,"TRUE","AVAILABLE"
"emoji_hacker_clap",,,"sc/emoji_1.sc","emoji_hacker_clap",,,,,"SPECIAL","COLLECTORS","CLAP",,,,"Hackers",,"1500","39","TRUE",,,,,,,,,"AVAILABLE"
"emoji_hacker_happy",,,"sc/emoji_1.sc","emoji_hacker_happy",,,,,"HAPPY","COLLECTORS","HAPPY",,,,"Hackers",,"1500","39","TRUE",,,,,,,,,"AVAILABLE"
"emoji_hacker_gg",,,"sc/emoji_1.sc","emoji_hacker_gg",,,,,"SPECIAL","COLLECTORS","GG",,,,"Hackers",,"1500","39","TRUE",,,,,,,,,"AVAILABLE"
"emoji_hacker_phew",,,"sc/emoji_1.sc","emoji_hacker_phew",,,,,"SPECIAL","COLLECTORS","PHEW",,,,"Hackers",,"1500","39","TRUE",,,,,,,,,"AVAILABLE"
"emoji_hacker_sad",,,"sc/emoji_1.sc","emoji_hacker_sad",,,,,"SAD","COLLECTORS","SAD",,,,"Hackers",,"1500","39","TRUE",,,,,,,,"TRUE","AVAILABLE"
"emoji_hacker_thanks",,,"sc/emoji_1.sc","emoji_hacker_thanks",,,,,"SPECIAL","COLLECTORS","THANKS",,,,"Hackers",,"1500","39","TRUE",,,,,,,,,"AVAILABLE"
"emoji_hacker_special",,,"sc/emoji_1.sc","emoji_hacker_special",,,,,"SPECIAL","COLLECTORS","SPECIAL",,,,"Hackers",,"1500","39","TRUE",,,,,,,,,"AVAILABLE"
"emoji_squad_wizard",,,"sc/emoji_1.sc","emoji_squad_wizard",,,,,"DEFAULT","COLLECTORS","DEFAULT",,,,,,,,"TRUE",,,,"SQUAD",,,,,"NEVER"
"emoji_buzz_godzilla",,,"sc/emoji_1.sc","emoji_buzz_godzilla","RopeDude",,,,"SPECIAL","COLLECTORS","DEFAULT","Buzzilla_Kill_VO","0",,,,,,"TRUE",,,,,,,,,"NEVER"
"emoji_buzz_godzilla_angry",,,"sc/emoji_1.sc","emoji_buzz_godzilla_angry","RopeDude",,,,"SPECIAL","COLLECTORS","ANGRY","Buzzilla_Hurt_VO","6",,,,,,"TRUE",,,,,,,,"TRUE","NEVER"
"emoji_buzz_godzilla_clap",,,"sc/emoji_1.sc","emoji_buzz_godzilla_clap","RopeDude",,,,"SPECIAL","COLLECTORS","CLAP","Colt_Pin_Clap","0",,,,,,"TRUE",,,,,,,,,"NEVER"
"emoji_buzz_godzilla_gg",,,"sc/emoji_1.sc","emoji_buzz_godzilla_gg","RopeDude",,,,"SPECIAL","COLLECTORS","GG","Buzzilla_Lead_VO","2",,,,,,"TRUE",,,,,,,,,"NEVER"
"emoji_buzz_godzilla_happy",,,"sc/emoji_1.sc","emoji_buzz_godzilla_happy","RopeDude",,,,"SPECIAL","COLLECTORS","HAPPY","Buzzilla_Kill_VO","3",,,,,,"TRUE",,,,,,,,,"NEVER"
"emoji_buzz_godzilla_phew",,,"sc/emoji_1.sc","emoji_buzz_godzilla_phew","RopeDude",,,,"SPECIAL","COLLECTORS","PHEW","Buzzilla_Kill_VO","6",,,,,,"TRUE",,,,,,,,,"NEVER"
"emoji_buzz_godzilla_thanks",,,"sc/emoji_1.sc","emoji_buzz_godzilla_thanks","RopeDude",,,,"SPECIAL","COLLECTORS","THANKS","Buzzilla_Start_VO","3",,,,,,"TRUE",,,,,,,,,"NEVER"
"emoji_buzz_godzilla_sad",,,"sc/emoji_1.sc","emoji_buzz_godzilla_sad","RopeDude",,,,"SPECIAL","COLLECTORS","SAD","Buzzilla_Hurt_VO","0",,,,,,"TRUE",,,,,,,,"TRUE","NEVER"
"emoji_buzz_godzilla_special",,,"sc/emoji_1.sc","emoji_buzz_godzilla_special","RopeDude",,,,"SPECIAL","COLLECTORS","SPECIAL","Buzzilla_Start_VO","9",,,,,,"TRUE",,,,,,,,,"NEVER"
"emoji_godzilla_brawlball",,,"sc/emoji_1.sc","emoji_godzilla_brawlball",,,,,"SPECIAL","COLLECTORS","SPECIAL",,,,,,,,"TRUE",,,,"GODZILLA",,,,,"NEVER"
"emoji_godzilla_robot",,,"sc/emoji_1.sc","emoji_godzilla_robot",,,,,"SPECIAL","COLLECTORS","SPECIAL",,,,,,,,"TRUE",,,,"GODZILLA",,,,,"NEVER"
"emoji_godzilla_starrpark",,,"sc/emoji_1.sc","emoji_godzilla_starrpark",,,,,"SPECIAL","COLLECTORS","SPECIAL",,,,,,,,"TRUE",,,,"GODZILLA",,,,,"NEVER"
"emoji_godzilla_egg",,,"sc/emoji_1.sc","emoji_godzilla_egg",,,,,"DEFAULT","COLLECTORS","DEFAULT",,,,"Godzillaegg",,,,"TRUE",,,,,,,,,"NEVER"
"emoji_godzilla_egg_angry",,,"sc/emoji_1.sc","emoji_godzilla_egg_angry",,,,,"ANGRY","COLLECTORS","ANGRY",,,,"Godzillaegg",,,,"TRUE",,,,,,,,"TRUE","NEVER"
"emoji_godzilla_egg_clap",,,"sc/emoji_1.sc","emoji_godzilla_egg_clap",,,,,"SPECIAL","COLLECTORS","CLAP",,,,"Godzillaegg",,,,"TRUE",,,,,,,,,"NEVER"
"emoji_godzilla_egg_gg",,,"sc/emoji_1.sc","emoji_godzilla_egg_gg",,,,,"SPECIAL","COLLECTORS","GG",,,,"Godzillaegg",,,,"TRUE",,,,,,,,,"NEVER"
"emoji_godzilla_egg_happy",,,"sc/emoji_1.sc","emoji_godzilla_egg_happy",,,,,"HAPPY","COLLECTORS","HAPPY",,,,"Godzillaegg",,,,"TRUE",,,,,,,,,"NEVER"
"emoji_godzilla_egg_phew",,,"sc/emoji_1.sc","emoji_godzilla_egg_phew",,,,,"SPECIAL","COLLECTORS","PHEW",,,,"Godzillaegg",,,,"TRUE",,,,,,,,,"NEVER"
"emoji_godzilla_egg_sad",,,"sc/emoji_1.sc","emoji_godzilla_egg_sad",,,,,"SAD","COLLECTORS","SAD",,,,"Godzillaegg",,,,"TRUE",,,,,,,,"TRUE","NEVER"
"emoji_godzilla_egg_special",,,"sc/emoji_1.sc","emoji_godzilla_egg_special",,,,,"SPECIAL","COLLECTORS","SPECIAL",,,,"Godzillaegg",,,,"TRUE",,,,,,,,,"NEVER"
"emoji_godzilla_egg_thanks",,,"sc/emoji_1.sc","emoji_godzilla_egg_thanks",,,,,"SPECIAL","COLLECTORS","THANKS",,,,"Godzillaegg",,,,"TRUE",,,,,,,,,"NEVER"
"emoji_bea_hacker",,,"sc/emoji_1.sc","emoji_bea_hacker","BeeSniper",,,,"SPECIAL","COLLECTORS","DEFAULT",,,,,,,,"TRUE",,,,,,,,,"NEVER"
"emoji_brock_hacker",,,"sc/emoji_1.sc","emoji_brock_hacker","RocketGirl",,,,"SPECIAL","COLLECTORS","DEFAULT",,,,,,,,"TRUE",,,,,,,,,"NEVER"
"emoji_fang_hacker",,,"sc/emoji_1.sc","emoji_fang_hacker","KickerDude",,,,"SPECIAL","COLLECTORS","DEFAULT",,,,,,,,"TRUE",,,,,,,,,"NEVER"
"emoji_twin_hacker",,,"sc/emoji_1.sc","emoji_twin_hacker","Twins",,,,"DEFAULT","COLLECTORS","DEFAULT",,,,,,,,"TRUE",,,,,,,,,"NEVER"
"emoji_8bit_ranked_chroma",,,"sc/emoji_1.sc","emoji_8bit_ranked_chroma","Arcade",,,,"DEFAULT","COLLECTORS","SPECIAL",,,,,,,,"TRUE",,,,,,,,,"NEVER"
"emoji_buzz_ranked_chroma",,,"sc/emoji_1.sc","emoji_buzz_ranked_chroma","RopeDude",,,,"DEFAULT","COLLECTORS","SPECIAL",,,,,,,,"TRUE",,,,,,,,,"NEVER"
"emoji_penny_ranked_chroma",,,"sc/emoji_1.sc","emoji_penny_ranked_chroma","ArtilleryDude",,,,"DEFAULT","COLLECTORS","SPECIAL",,,,,,,,"TRUE",,,,,,,,,"NEVER"
"emoji_jacky_ranked_chroma",,,"sc/emoji_1.sc","emoji_jacky_ranked_chroma","Driller",,,,"DEFAULT","COLLECTORS","SPECIAL",,,,,,,,"TRUE",,,,,,,,,"NEVER"
"emoji_nita_ranked_chroma",,,"sc/emoji_1.sc","emoji_nita_ranked_chroma","Shaman",,,,"DEFAULT","COLLECTORS","SPECIAL",,,,,,,,"TRUE",,,,,,,,,"NEVER"
"emoji_byron_ranked_chroma",,,"sc/emoji_1.sc","emoji_byron_ranked_chroma","SnakeOil",,,,"DEFAULT","COLLECTORS","SPECIAL",,,,,,,,"TRUE",,,,,,,,,"NEVER"
"emoji_champie_egg",,,"sc/emoji_1.sc","emoji_champie_egg",,,,,"SPECIAL","COLLECTORS","SPECIAL",,,,,,,,"TRUE",,,,,,,,,"NEVER"
"emoji_mutation_heart",,,"sc/emoji_1.sc","emoji_mutation_heart",,,,,"SPECIAL","COLLECTORS","SPECIAL",,,,,,,,"TRUE",,,,"GODZILLA",,,,,"NEVER"
"emoji_draco",,,"sc/emoji_1.sc","emoji_draco","DragonRider",,,,"DEFAULT","DEFAULT","DEFAULT","Draco_Lead_VO","1",,,,,,"TRUE",,,,,,,,,"NEVER"
"emoji_draco_angry",,,"sc/emoji_1.sc","emoji_draco_angry","DragonRider",,,,"ANGRY","COMMON","ANGRY","Draco_Hurt_VO","7",,,,"375","9","TRUE",,,,,,,,"TRUE","AVAILABLE"
"emoji_draco_happy",,,"sc/emoji_1.sc","emoji_draco_happy","DragonRider",,,,"HAPPY","COMMON","HAPPY","Draco_Kill_VO","0",,,,,,"TRUE",,,,,,,"TrophyRewardsDragonRider",,"NEVER"
"emoji_draco_gg",,,"sc/emoji_1.sc","emoji_draco_gg","DragonRider",,,,"SPECIAL","RARE","GG","Draco_Kill_VO","3",,,,"750","19","TRUE",,,,,,,,,"AVAILABLE"
"emoji_draco_phew",,,"sc/emoji_1.sc","emoji_draco_phew","DragonRider",,,,"SPECIAL","EPIC","PHEW","Draco_Die_VO","1",,,,"1500","39","TRUE",,,,,,,,,"AVAILABLE"
"emoji_draco_sad",,,"sc/emoji_1.sc","emoji_draco_sad","DragonRider",,,,"SAD","COMMON","SAD","Draco_Hurt_VO","1",,,,"375","9","TRUE",,,,,,,,"TRUE","AVAILABLE"
"emoji_draco_special",,,"sc/emoji_1.sc","emoji_draco_special","DragonRider",,,,"SPECIAL","EPIC","SPECIAL","Draco_Lead_VO","3",,,,,,"TRUE",,,,,,,"TrophyRewardsDragonRider",,"NEVER"
"emoji_draco_thanks",,,"sc/emoji_1.sc","emoji_draco_thanks","DragonRider",,,,"SPECIAL","EPIC","THANKS","Draco_Kill_VO","6",,,,"1500","39","TRUE",,,,,,,,,"AVAILABLE"
"emoji_draco_clap",,,"sc/emoji_1.sc","emoji_draco_clap","DragonRider",,,,"SPECIAL","RARE","CLAP","Colt_Pin_Clap","0",,,,"750","19","TRUE",,,,,,,,,"AVAILABLE"
"emoji_draco_facepalm",,,"sc/emoji_1.sc","emoji_draco_facepalm","DragonRider",,,,"SPECIAL","COLLECTORS","FACEPALM",,,,,,,,"TRUE",,,,,,,"TrophyRewardsDragonRider",,"NEVER"
"emoji_brock_sentai_black",,,"sc/emoji_1.sc","emoji_brock_sentai_black","RocketGirl",,,,"DEFAULT","COLLECTORS","SPECIAL",,,,,,,,"TRUE",,,,,,,,,"NEVER"
"emoji_brock_sentai_blue",,,"sc/emoji_1.sc","emoji_brock_sentai_blue","RocketGirl",,,,"DEFAULT","COLLECTORS","SPECIAL",,,,,,,,"TRUE",,,,,,,,,"NEVER"
"emoji_brock_sentai_pink",,,"sc/emoji_1.sc","emoji_brock_sentai_pink","RocketGirl",,,,"DEFAULT","COLLECTORS","SPECIAL",,,,,,,,"TRUE",,,,,,,,,"NEVER"
"emoji_brock_sentai_red",,,"sc/emoji_1.sc","emoji_brock_sentai_red","RocketGirl",,,,"DEFAULT","COLLECTORS","SPECIAL",,,,,,,,"TRUE",,,,,,,,,"NEVER"
"emoji_brock_sentai_yellow",,,"sc/emoji_1.sc","emoji_brock_sentai_yellow","RocketGirl",,,,"DEFAULT","COLLECTORS","SPECIAL",,,,,,,,"TRUE",,,,,,,,,"NEVER"
"emoji_eve_godzilla",,,"sc/emoji_1.sc","emoji_eve_godzilla","Flea",,,,"DEFAULT","COLLECTORS","SPECIAL",,,,,,,,"TRUE",,,,,,,,,"NEVER"
"emoji_nita_godzilla",,,"sc/emoji_1.sc","emoji_nita_godzilla","Shaman",,,,"DEFAULT","COLLECTORS","SPECIAL",,,,,,,,"TRUE",,,,,,,,,"NEVER"
"emoji_tick_godzilla_dark",,,"sc/emoji_1.sc","emoji_tick_godzilla_dark","ClusterBombDude",,,,"DEFAULT","COLLECTORS","SPECIAL",,,,,,,,"TRUE",,,,,,,,,"NEVER"
"emoji_tick_godzilla_purple",,,"sc/emoji_1.sc","emoji_tick_godzilla_purple","ClusterBombDude",,,,"DEFAULT","COLLECTORS","SPECIAL",,,,,,,,"TRUE",,,,,,,,,"NEVER"
"emoji_tick_godzilla",,,"sc/emoji_1.sc","emoji_tick_godzilla","ClusterBombDude",,,,"DEFAULT","COLLECTORS","SPECIAL",,,,,,,,"TRUE",,,,,,,,,"NEVER"
"emoji_tara_streetninja_chroma",,,"sc/emoji_1.sc","emoji_tara_streetninja_chroma","BlackHole",,,,"DEFAULT","COLLECTORS","SPECIAL",,,,,,,,"TRUE",,,,,,,,,"NEVER"
"emoji_surge_paladin_chroma",,,"sc/emoji_1.sc","emoji_surge_paladin_chroma","PowerLeveler",,,,"DEFAULT","COLLECTORS","SPECIAL",,,,,,,,"TRUE",,,,,,,,,"NEVER"
"emoji_shelly_squad",,,"sc/emoji_1.sc","emoji_shelly_squad","ShotgunGirl",,,,"DEFAULT","COLLECTORS","SPECIAL",,,,,,,,"TRUE",,,,,,,,,"NEVER"
"emoji_bibi_heroine_chroma",,,"sc/emoji_1.sc","emoji_bibi_heroine_chroma","Baseball",,,,"DEFAULT","COLLECTORS","SPECIAL",,,,,,,,"TRUE",,,,,,,,,"NEVER"
"emoji_lili",,,"sc/emoji_1.sc","emoji_lili","Ambusher",,,,"DEFAULT","DEFAULT","DEFAULT",,,,,,,,"TRUE",,,,,,,,,"NEVER"
"emoji_lili_thanks",,,"sc/emoji_1.sc","emoji_lili_thanks","Ambusher",,,,"SPECIAL","EPIC","THANKS",,,,,,"1500","39","TRUE",,,,,,,,,"AVAILABLE"
"emoji_lili_special",,,"sc/emoji_1.sc","emoji_lili_special","Ambusher",,,,"SPECIAL","EPIC","SPECIAL",,,,,,,,"TRUE",,,,,,,"TrophyRewardsAmbusher",,"NEVER"
"emoji_lili_sad",,,"sc/emoji_1.sc","emoji_lili_sad","Ambusher",,,,"SAD","COMMON","SAD",,,,,,"375","9","TRUE",,,,,,,,"TRUE","AVAILABLE"
"emoji_lili_phew",,,"sc/emoji_1.sc","emoji_lili_phew","Ambusher",,,,"SPECIAL","EPIC","PHEW",,,,,,"1500","39","TRUE",,,,,,,,,"AVAILABLE"
"emoji_lili_happy",,,"sc/emoji_1.sc","emoji_lili_happy","Ambusher",,,,"HAPPY","COMMON","HAPPY",,,,,,,,"TRUE",,,,,,,"TrophyRewardsAmbusher",,"NEVER"
"emoji_lili_gg",,,"sc/emoji_1.sc","emoji_lili_gg","Ambusher",,,,"SPECIAL","RARE","GG",,,,,,"750","19","TRUE",,,,,,,,,"AVAILABLE"
"emoji_lili_facepalm",,,"sc/emoji_1.sc","emoji_lili_facepalm","Ambusher",,,,"SPECIAL","COLLECTORS","FACEPALM",,,,,,,,"TRUE",,,,,,,"TrophyRewardsAmbusher","TRUE","NEVER"
"emoji_lili_clap",,,"sc/emoji_1.sc","emoji_lili_clap","Ambusher",,,,"SPECIAL","RARE","CLAP","Colt_Pin_Clap","0",,,,"750","19","TRUE",,,,,,,,,"AVAILABLE"
"emoji_lili_angry",,,"sc/emoji_1.sc","emoji_lili_angry","Ambusher",,,,"ANGRY","COMMON","ANGRY",,,,,,"375","9","TRUE",,,,,,,,,"AVAILABLE"
"emoji_quiet",,,"sc/emoji_1.sc","emoji_quiet",,,,,"SPECIAL","COLLECTORS","SPECIAL",,,,,,"1500","39","TRUE",,,,,,,,,"AVAILABLE"
"emoji_mike_moldy",,,"sc/emoji_1.sc","emoji_mike_moldy","TntDude",,,,"DEFAULT","COLLECTORS","SPECIAL",,,,,,,,"TRUE",,,,,,,,,"NEVER"
"emoji_bea_monster",,,"sc/emoji_1.sc","emoji_bea_monster","BeeSniper",,,,"DEFAULT","COLLECTORS","SPECIAL",,,,,,,,"TRUE",,,,,,,,,"NEVER"
"emoji_colt_challenger",,,"sc/emoji_1.sc","emoji_colt_challenger","Gunslinger",,,,"DEFAULT","COLLECTORS","SPECIAL",,,,,,,,"TRUE",,,,,,,,,"NEVER"
"emoji_colette_navigator",,,"sc/emoji_1.sc","emoji_colette_navigator","Percenter",,,,"DEFAULT","COLLECTORS","SPECIAL",,,,,,,,"TRUE",,,,,,,,,"NEVER"
"emoji_brock_box",,,"sc/emoji_1.sc","emoji_brock_box","RocketGirl",,,,"DEFAULT","COLLECTORS","SPECIAL",,,,,,,,"TRUE",,,,,,,,,"NEVER"
"emoji_goat",,,"sc/emoji_1.sc","emoji_goat",,,,,"SPECIAL","COLLECTORS","SPECIAL",,,,,,,,"TRUE",,,,"CLASHIP",,,,,"NEVER"
"emoji_buzz_godzilla_red",,,"sc/emoji_1.sc","emoji_buzz_godzilla_red","RopeDude",,,,"SPECIAL","COLLECTORS","SPECIAL",,,,,,,,"TRUE",,,,,,,,,"NEVER"
"emoji_buzz_godzilla_dark",,,"sc/emoji_1.sc","emoji_buzz_godzilla_dark","RopeDude",,,,"SPECIAL","COLLECTORS","SPECIAL",,,,,,,,"TRUE",,,,,,,,,"NEVER"
"emoji_brock_hacker_rgb",,,"sc/emoji_1.sc","emoji_brock_hacker_rgb","RocketGirl",,,,"SPECIAL","COLLECTORS","SPECIAL",,,,,,,,"TRUE",,,,,,,,,"NEVER"
"emoji_brock_hacker_gold",,,"sc/emoji_1.sc","emoji_brock_hacker_gold","RocketGirl",,,,"SPECIAL","COLLECTORS","SPECIAL",,,,,,,,"TRUE",,,,,,,,,"NEVER"
"emoji_sandy_make",,,"sc/emoji_1.sc","emoji_sandy_make","Sandstorm",,,,"SPECIAL","COLLECTORS","SPECIAL",,,,,,,,"TRUE",,,,,,,,,"NEVER"
"emoji_gene_make",,,"sc/emoji_1.sc","emoji_gene_make","HookDude",,,,"SPECIAL","COLLECTORS","SPECIAL",,,,,,,,"TRUE",,,,,,,,,"NEVER"
"emoji_bp_greek",,,"sc/emoji_1.sc","emoji_bp_greek",,,,,"DEFAULT","COLLECTORS","DEFAULT",,,,,,"1500","39","TRUE",,,,,,,,,"AVAILABLE"
"emoji_bp_greek_angry",,,"sc/emoji_1.sc","emoji_bp_greek_angry",,,,,"ANGRY","COLLECTORS","ANGRY",,,,,,"1500","39","TRUE",,,,,,,,"TRUE","AVAILABLE"
"emoji_bp_greek_clap",,,"sc/emoji_1.sc","emoji_bp_greek_clap",,,,,"SPECIAL","COLLECTORS","CLAP",,,,,,"1500","39","TRUE",,,,,,,,,"AVAILABLE"
"emoji_bp_greek_happy",,,"sc/emoji_1.sc","emoji_bp_greek_happy",,,,,"HAPPY","COLLECTORS","HAPPY",,,,,,"1500","39","TRUE",,,,,,,,,"AVAILABLE"
"emoji_bp_greek_gg",,,"sc/emoji_1.sc","emoji_bp_greek_gg",,,,,"SPECIAL","COLLECTORS","GG",,,,,,"1500","39","TRUE",,,,,,,,,"AVAILABLE"
"emoji_bp_greek_phew",,,"sc/emoji_1.sc","emoji_bp_greek_phew",,,,,"SPECIAL","COLLECTORS","PHEW",,,,,,"1500","39","TRUE",,,,,,,,,"AVAILABLE"
"emoji_bp_greek_sad",,,"sc/emoji_1.sc","emoji_bp_greek_sad",,,,,"SAD","COLLECTORS","SAD",,,,,,"1500","39","TRUE",,,,,,,,"TRUE","AVAILABLE"
"emoji_bp_greek_thanks",,,"sc/emoji_1.sc","emoji_bp_greek_thanks",,,,,"SPECIAL","COLLECTORS","THANKS",,,,,,"1500","39","TRUE",,,,,,,,,"AVAILABLE"
"emoji_bp_greek_special",,,"sc/emoji_1.sc","emoji_bp_greek_special",,,,,"SPECIAL","COLLECTORS","SPECIAL",,,,,,"1500","39","TRUE",,,,,,,,,"AVAILABLE"
"emoji_bp_deep",,,"sc/emoji_1.sc","emoji_bp_deep",,,,,"DEFAULT","COLLECTORS","DEFAULT",,,,,,"1500","39","TRUE",,,,,,,,,"AVAILABLE"
"emoji_bp_deep_angry",,,"sc/emoji_1.sc","emoji_bp_deep_angry",,,,,"ANGRY","COLLECTORS","ANGRY",,,,,,"1500","39","TRUE",,,,,,,,"TRUE","AVAILABLE"
"emoji_bp_deep_clap",,,"sc/emoji_1.sc","emoji_bp_deep_clap",,,,,"SPECIAL","COLLECTORS","CLAP",,,,,,"1500","39","TRUE",,,,,,,,,"AVAILABLE"
"emoji_bp_deep_happy",,,"sc/emoji_1.sc","emoji_bp_deep_happy",,,,,"HAPPY","COLLECTORS","HAPPY",,,,,,"1500","39","TRUE",,,,,,,,,"AVAILABLE"
"emoji_bp_deep_gg",,,"sc/emoji_1.sc","emoji_bp_deep_gg",,,,,"SPECIAL","COLLECTORS","GG",,,,,,"1500","39","TRUE",,,,,,,,,"AVAILABLE"
"emoji_bp_deep_phew",,,"sc/emoji_1.sc","emoji_bp_deep_phew",,,,,"SPECIAL","COLLECTORS","PHEW",,,,,,"1500","39","TRUE",,,,,,,,,"AVAILABLE"
"emoji_bp_deep_sad",,,"sc/emoji_1.sc","emoji_bp_deep_sad",,,,,"SAD","COLLECTORS","SAD",,,,,,"1500","39","TRUE",,,,,,,,"TRUE","AVAILABLE"
"emoji_bp_deep_thanks",,,"sc/emoji_1.sc","emoji_bp_deep_thanks",,,,,"SPECIAL","COLLECTORS","THANKS",,,,,,"1500","39","TRUE",,,,,,,,,"AVAILABLE"
"emoji_bp_deep_special",,,"sc/emoji_1.sc","emoji_bp_deep_special",,,,,"SPECIAL","COLLECTORS","SPECIAL",,,,,,"1500","39","TRUE",,,,,,,,,"AVAILABLE"
"emoji_angelo_overcharge",,,"sc/emoji_1.sc","emoji_angelo_overcharge","InsectMan",,,,"SPECIAL","COLLECTORS","SPECIAL",,,,,,,,"TRUE",,,,,,,,,"NEVER"
"emoji_piper_overcharge",,,"sc/emoji_1.sc","emoji_piper_overcharge","Sniper",,,,"SPECIAL","COLLECTORS","SPECIAL",,,,,,,,"TRUE",,,,,,,,,"NEVER"
"emoji_emz_overcharge",,,"sc/emoji_1.sc","emoji_emz_overcharge","Mummy",,,,"SPECIAL","COLLECTORS","SPECIAL",,,,,,,,"TRUE",,,,,,,,,"NEVER"
"emoji_barley_overcharge",,,"sc/emoji_1.sc","emoji_barley_overcharge","Barkeep",,,,"SPECIAL","COLLECTORS","SPECIAL",,,,,,,,"TRUE",,,,,,,,,"NEVER"
"emoji_frank_overcharge",,,"sc/emoji_1.sc","emoji_frank_overcharge","HammerDude",,,,"SPECIAL","COLLECTORS","SPECIAL",,,,,,,,"TRUE",,,,,,,,,"NEVER"
"emoji_gale_overcharge",,,"sc/emoji_1.sc","emoji_gale_overcharge","Blower",,,,"SPECIAL","COLLECTORS","SPECIAL",,,,,,,,"TRUE",,,,,,,,,"NEVER"
"emoji_rico_overcharge",,,"sc/emoji_1.sc","emoji_rico_overcharge","TrickshotDude",,,,"SPECIAL","COLLECTORS","SPECIAL",,,,,,,,"TRUE",,,,,,,,,"NEVER"
"emoji_classic_icon",,,"sc/emoji_1.sc","emoji_classic_icon",,,,,"SPECIAL","COLLECTORS","SPECIAL",,,,,,,,"TRUE",,,,,,,,,"NEVER"
"emoji_classic_counter",,,"sc/emoji_1.sc","emoji_classic_counter",,,,,"SPECIAL","COLLECTORS","SPECIAL",,,,,,,,"TRUE",,,,,,,,,"NEVER"
"emoji_classic_box_small",,,"sc/emoji_1.sc","emoji_classic_box_small",,,,,"SPECIAL","COLLECTORS","SPECIAL",,,,,,,,"TRUE",,,,,,,,,"NEVER"
"emoji_classic_box_mega",,,"sc/emoji_1.sc","emoji_classic_box_mega",,,,,"SPECIAL","COLLECTORS","SPECIAL",,,,,,,,"TRUE",,,,,,,,,"NEVER"
"emoji_classic_box_last",,,"sc/emoji_1.sc","emoji_classic_box_last",,,,,"SPECIAL","COLLECTORS","SPECIAL",,,,,,,,"TRUE",,,,,,,,,"NEVER"
"emoji_classic_box_big",,,"sc/emoji_1.sc","emoji_classic_box_big",,,,,"SPECIAL","COLLECTORS","SPECIAL",,,,,,,,"TRUE",,,,,,,,,"NEVER"
"emoji_sprout_deep",,,"sc/emoji_1.sc","emoji_sprout_deep","Wally",,,,"DEFAULT","COLLECTORS","SPECIAL",,,,,,,,"TRUE",,,,,,,,,"NEVER"
"emoji_sandy_deep",,,"sc/emoji_1.sc","emoji_sandy_deep","Sandstorm",,,,"DEFAULT","COLLECTORS","SPECIAL",,,,,,,,"TRUE",,,,,,,,,"NEVER"
"emoji_ruffs_pirate",,,"sc/emoji_1.sc","emoji_ruffs_pirate","Ruffs",,,,"DEFAULT","COLLECTORS","SPECIAL",,,,,,,,"TRUE",,,,,,,,,"NEVER"
"emoji_rt_greek",,,"sc/emoji_1.sc","emoji_rt_greek","Splitter",,,,"DEFAULT","COLLECTORS","SPECIAL",,,,,,,,"TRUE",,,,,,,,,"NEVER"
"emoji_piper_greek",,,"sc/emoji_1.sc","emoji_piper_greek","Sniper",,,,"DEFAULT","COLLECTORS","SPECIAL",,,,,,,,"TRUE",,,,,,,,,"NEVER"
"emoji_melody_greek",,,"sc/emoji_1.sc","emoji_melody_greek","AxeJuggler",,,,"DEFAULT","COLLECTORS","SPECIAL",,,,,,,,"TRUE",,,,,,,,,"NEVER"
"emoji_jacky_deep",,,"sc/emoji_1.sc","emoji_jacky_deep","Driller",,,,"DEFAULT","COLLECTORS","SPECIAL",,,,,,,,"TRUE",,,,,,,,,"NEVER"
"emoji_gale_deep",,,"sc/emoji_1.sc","emoji_gale_deep","Blower",,,,"DEFAULT","COLLECTORS","SPECIAL",,,,,,,,"TRUE",,,,,,,,,"NEVER"
"emoji_frank_cave_chroma",,,"sc/emoji_1.sc","emoji_frank_cave_chroma","HammerDude",,,,"DEFAULT","COLLECTORS","SPECIAL",,,,,,,,"TRUE",,,,,,,,,"NEVER"
"emoji_frank_cave",,,"sc/emoji_1.sc","emoji_frank_cave","HammerDude",,,,"DEFAULT","COLLECTORS","SPECIAL",,,,,,,,"TRUE",,,,,,,,,"NEVER"
"emoji_emz_greek",,,"sc/emoji_1.sc","emoji_emz_greek","Mummy",,,,"DEFAULT","COLLECTORS","SPECIAL",,,,,,,,"TRUE",,,,,,,,,"NEVER"
"emoji_doug_pirate",,,"sc/emoji_1.sc","emoji_doug_pirate","Reviver",,,,"DEFAULT","COLLECTORS","SPECIAL",,,,,,,,"TRUE",,,,,,,,,"NEVER"
"emoji_bull_viking_chroma",,,"sc/emoji_1.sc","emoji_bull_viking_chroma","BullDude",,,,"DEFAULT","COLLECTORS","SPECIAL",,,,,,,,"TRUE",,,,,,,,,"NEVER"
"emoji_bull_viking",,,"sc/emoji_1.sc","emoji_bull_viking","BullDude",,,,"DEFAULT","COLLECTORS","SPECIAL",,,,,,,,"TRUE",,,,,,,,,"NEVER"
"emoji_bull_greek",,,"sc/emoji_1.sc","emoji_bull_greek","BullDude",,,,"DEFAULT","COLLECTORS","SPECIAL",,,,,,,,"TRUE",,,,,,,,,"NEVER"
"emoji_bonnie_deep",,,"sc/emoji_1.sc","emoji_bonnie_deep","CannonGirl",,,,"DEFAULT","COLLECTORS","SPECIAL",,,,,,,,"TRUE",,,,,,,,,"NEVER"
"emoji_barley_pirate",,,"sc/emoji_1.sc","emoji_barley_pirate","Barkeep",,,,"DEFAULT","COLLECTORS","SPECIAL",,,,,,,,"TRUE",,,,,,,,,"NEVER"
"emoji_angelo_greek",,,"sc/emoji_1.sc","emoji_angelo_greek","InsectMan",,,,"DEFAULT","COLLECTORS","SPECIAL",,,,,,,,"TRUE",,,,,,,,,"NEVER"
"emoji_rico_loaded",,,"sc/emoji_1.sc","emoji_rico_loaded","TrickshotDude",,,,"SPECIAL","COLLECTORS","DEFAULT","Rico_Loaded_Start_VO","2",,,,,,"TRUE",,,,,,,,,"NEVER"
"emoji_rico_loaded_angry",,,"sc/emoji_1.sc","emoji_rico_loaded_angry","TrickshotDude",,,,"SPECIAL","COLLECTORS","ANGRY","Rico_Loaded_Hurt_VO","4",,,,,,"TRUE",,,,,,,,,"NEVER"
"emoji_rico_loaded_clap",,,"sc/emoji_1.sc","emoji_rico_loaded_clap","TrickshotDude",,,,"SPECIAL","COLLECTORS","CLAP","Colt_Pin_Clap","0",,,,,,"TRUE",,,,,,,,,"NEVER"
"emoji_rico_loaded_gg",,,"sc/emoji_1.sc","emoji_rico_loaded_gg","TrickshotDude",,,,"SPECIAL","COLLECTORS","GG","Rico_Loaded_Kill_VO","5",,,,,,"TRUE",,,,,,,,,"NEVER"
"emoji_rico_loaded_happy",,,"sc/emoji_1.sc","emoji_rico_loaded_happy","TrickshotDude",,,,"SPECIAL","COLLECTORS","HAPPY","Rico_Loaded_Lead_VO","0",,,,,,"TRUE",,,,,,,,,"NEVER"
"emoji_rico_loaded_phew",,,"sc/emoji_1.sc","emoji_rico_loaded_phew","TrickshotDude",,,,"SPECIAL","COLLECTORS","PHEW","Rico_Loaded_Hurt_VO","3",,,,,,"TRUE",,,,,,,,,"NEVER"
"emoji_rico_loaded_thanks",,,"sc/emoji_1.sc","emoji_rico_loaded_thanks","TrickshotDude",,,,"SPECIAL","COLLECTORS","THANKS","Rico_Loaded_Start_VO","4",,,,,,"TRUE",,,,,,,,,"NEVER"
"emoji_rico_loaded_sad",,,"sc/emoji_1.sc","emoji_rico_loaded_sad","TrickshotDude",,,,"SPECIAL","COLLECTORS","SAD","Rico_Loaded_Die_VO","0",,,,,,"TRUE",,,,,,,,"TRUE","NEVER"
"emoji_rico_loaded_special",,,"sc/emoji_1.sc","emoji_rico_loaded_special","TrickshotDude",,,,"SPECIAL","COLLECTORS","SPECIAL","Rico_Loaded_Kill_VO","0",,,,,,"TRUE",,,,,,,,,"NEVER"
"emoji_berry",,,"sc/emoji_1.sc","emoji_berry","Painter",,,,"DEFAULT","DEFAULT","DEFAULT","Berry_Start_VO","6",,,,,,"TRUE",,,,,,,,,"NEVER"
"emoji_berry_angry",,,"sc/emoji_1.sc","emoji_berry_angry","Painter",,,,"ANGRY","COMMON","ANGRY","Berry_Die_VO","6",,,,"375","9","TRUE",,,,,,,,"TRUE","AVAILABLE"
"emoji_berry_happy",,,"sc/emoji_1.sc","emoji_berry_happy","Painter",,,,"HAPPY","COMMON","HAPPY","Berry_Kill_VO","7",,,,,,"TRUE",,,,,,,"TrophyRewardsPainter",,"NEVER"
"emoji_berry_gg",,,"sc/emoji_1.sc","emoji_berry_gg","Painter",,,,"SPECIAL","RARE","GG","Berry_Kill_VO","0",,,,"750","19","TRUE",,,,,,,,,"AVAILABLE"
"emoji_berry_phew",,,"sc/emoji_1.sc","emoji_berry_phew","Painter",,,,"SPECIAL","EPIC","PHEW","Berry_Hurt_VO","2",,,,"1500","39","TRUE",,,,,,,,,"AVAILABLE"
"emoji_berry_sad",,,"sc/emoji_1.sc","emoji_berry_sad","Painter",,,,"SAD","COMMON","SAD","Berry_Hurt_VO","3",,,,"375","9","TRUE",,,,,,,,"TRUE","AVAILABLE"
"emoji_berry_special",,,"sc/emoji_1.sc","emoji_berry_special","Painter",,,,"SPECIAL","EPIC","SPECIAL","Berry_Lead_VO","2",,,,,,"TRUE",,,,,,,"TrophyRewardsPainter",,"NEVER"
"emoji_berry_thanks",,,"sc/emoji_1.sc","emoji_berry_thanks","Painter",,,,"SPECIAL","EPIC","THANKS","Berry_Lead_VO","5",,,,"1500","39","TRUE",,,,,,,,,"AVAILABLE"
"emoji_berry_clap",,,"sc/emoji_1.sc","emoji_berry_clap","Painter",,,,"SPECIAL","RARE","CLAP","Colt_Pin_Clap","0",,,,"750","19","TRUE",,,,,,,,,"AVAILABLE"
"emoji_berry_facepalm",,,"sc/emoji_1.sc","emoji_berry_facepalm","Painter",,,,"SPECIAL","COLLECTORS","FACEPALM",,,,,,,,"TRUE",,,,,,,"TrophyRewardsPainter","TRUE","NEVER"
"emoji_clancy",,,"sc/emoji_1.sc","emoji_clancy","Crab",,,,"DEFAULT","DEFAULT","DEFAULT","Clancy_Start_VO","0",,,,,,"TRUE",,,,,,,,,"NEVER"
"emoji_clancy_angry",,,"sc/emoji_1.sc","emoji_clancy_angry","Crab",,,,"ANGRY","COMMON","ANGRY","Clancy_Hurt_VO","5",,,,"375","9","TRUE",,,,,,,,,"AVAILABLE"
"emoji_clancy_happy",,,"sc/emoji_1.sc","emoji_clancy_happy","Crab",,,,"HAPPY","COMMON","HAPPY","Clancy_Kill_VO","1",,,,,,"TRUE",,,,,,,"TrophyRewardsCrab",,"NEVER"
"emoji_clancy_gg",,,"sc/emoji_1.sc","emoji_clancy_gg","Crab",,,,"SPECIAL","RARE","GG","Clancy_Lead_VO","1",,,,"750","19","TRUE",,,,,,,,,"AVAILABLE"
"emoji_clancy_phew",,,"sc/emoji_1.sc","emoji_clancy_phew","Crab",,,,"SPECIAL","EPIC","PHEW","Clancy_Hurt_VO","6",,,,"1500","39","TRUE",,,,,,,,,"AVAILABLE"
"emoji_clancy_sad",,,"sc/emoji_1.sc","emoji_clancy_sad","Crab",,,,"SAD","COMMON","SAD","Clancy_Die_VO","5",,,,"375","9","TRUE",,,,,,,,"TRUE","AVAILABLE"
"emoji_clancy_special",,,"sc/emoji_1.sc","emoji_clancy_special","Crab",,,,"SPECIAL","EPIC","SPECIAL","Clancy_Lead_VO","5",,,,,,"TRUE",,,,,,,"TrophyRewardsCrab",,"NEVER"
"emoji_clancy_thanks",,,"sc/emoji_1.sc","emoji_clancy_thanks","Crab",,,,"SPECIAL","EPIC","THANKS","Clancy_Lead_VO","8",,,,"1500","39","TRUE",,,,,,,,,"AVAILABLE"
"emoji_clancy_clap",,,"sc/emoji_1.sc","emoji_clancy_clap","Crab",,,,"SPECIAL","RARE","CLAP","Colt_Pin_Clap","0",,,,"750","19","TRUE",,,,,,,,,"AVAILABLE"
"emoji_clancy_facepalm",,,"sc/emoji_1.sc","emoji_clancy_facepalm","Crab",,,,"SPECIAL","COLLECTORS","FACEPALM",,,,,,,,"TRUE",,,,,,,"TrophyRewardsCrab","TRUE","NEVER"
"emoji_dynamike_classic_old",,,"sc/emoji_1.sc","emoji_dynamike_classic_old","TntDude",,,,"DEFAULT","COLLECTORS","SPECIAL",,,,,,,,"TRUE",,,,,,,,,"NEVER"
"emoji_dynamike_classic_remake",,,"sc/emoji_1.sc","emoji_dynamike_classic_remake","TntDude",,,,"DEFAULT","COLLECTORS","SPECIAL",,,,,,,,"TRUE",,,,,,,,,"NEVER"
"emoji_max_line",,,"sc/emoji_1.sc","emoji_max_line","Speedy",,,,"DEFAULT","COLLECTORS","SPECIAL",,,,,,,,"TRUE",,,,,,,,,"NEVER"
"emoji_nani_line",,,"sc/emoji_1.sc","emoji_nani_line","Controller",,,,"DEFAULT","COLLECTORS","SPECIAL",,,,,,,,"TRUE",,,,,,,,,"NEVER"
"emoji_champie_classic",,,"sc/emoji_1.sc","emoji_champie_classic",,,,,"SPECIAL","COLLECTORS","SPECIAL",,,,,,,,"TRUE",,,,,,,,,"NEVER"
"emoji_emz_greek_blue",,,"sc/emoji_1.sc","emoji_emz_greek_blue","Mummy",,,,"DEFAULT","COLLECTORS","SPECIAL",,,,,,,,"TRUE",,,,,,,,,"NEVER"
"emoji_emz_greek_red",,,"sc/emoji_1.sc","emoji_emz_greek_red","Mummy",,,,"DEFAULT","COLLECTORS","SPECIAL",,,,,,,,"TRUE",,,,,,,,,"NEVER"
"emoji_got_this",,,"sc/emoji_1.sc","emoji_got_this",,,,,"SPECIAL","COLLECTORS","SPECIAL",,,,,,"1500","39","TRUE",,,,,,,,,"AVAILABLE"
"emoji_sandy_deep_dark",,,"sc/emoji_1.sc","emoji_sandy_deep_dark","Sandstorm",,,,"DEFAULT","COLLECTORS","SPECIAL",,,,,,,,"TRUE",,,,,,,,,"NEVER"
"emoji_sandy_deep_pink",,,"sc/emoji_1.sc","emoji_sandy_deep_pink","Sandstorm",,,,"DEFAULT","COLLECTORS","SPECIAL",,,,,,,,"TRUE",,,,,,,,,"NEVER"
"emoji_shelly_classic_old",,,"sc/emoji_1.sc","emoji_shelly_classic_old","ShotgunGirl",,,,"DEFAULT","COLLECTORS","SPECIAL",,,,,,,,"TRUE",,,,,,,,,"NEVER"
"emoji_shelly_classic_remake",,,"sc/emoji_1.sc","emoji_shelly_classic_remake","ShotgunGirl",,,,"DEFAULT","COLLECTORS","SPECIAL",,,,,,,,"TRUE",,,,,,,,,"NEVER"
"emoji_shelly_star_remake",,,"sc/emoji_1.sc","emoji_shelly_star_remake","ShotgunGirl",,,,"DEFAULT","COLLECTORS","SPECIAL",,,,,,,,"TRUE",,,,,,,,,"NEVER"
"emoji_rico_classic_old",,,"sc/emoji_1.sc","emoji_rico_classic_old","TrickshotDude",,,,"DEFAULT","COLLECTORS","SPECIAL",,,,,,,,"TRUE",,,,,,,,,"NEVER"
"emoji_rico_classic_remake",,,"sc/emoji_1.sc","emoji_rico_classic_remake","TrickshotDude",,,,"DEFAULT","COLLECTORS","SPECIAL",,,,,,,,"TRUE",,,,,,,,,"NEVER"
"emoji_rico_loaded_bling",,,"sc/emoji_1.sc","emoji_rico_loaded_bling","TrickshotDude",,,,"DEFAULT","COLLECTORS","SPECIAL",,,,,,,,"TRUE",,,,,,,,,"NEVER"
"emoji_rico_loaded_gem",,,"sc/emoji_1.sc","emoji_rico_loaded_gem","TrickshotDude",,,,"DEFAULT","COLLECTORS","SPECIAL",,,,,,,,"TRUE",,,,,,,,,"NEVER"
"emoji_rico_loaded_old",,,"sc/emoji_1.sc","emoji_rico_loaded_old","TrickshotDude",,,,"DEFAULT","COLLECTORS","SPECIAL",,,,,,,,"TRUE",,,,,,,,,"NEVER"
"emoji_france_cock",,,"sc/emoji_1.sc","emoji_france_cock",,,,,"SPECIAL","COLLECTORS","SPECIAL",,,,,,"1500","39","TRUE",,,,,,,,,"AVAILABLE"
"emoji_fame_alien",,,"sc/emoji_1.sc","emoji_fame_alien",,,,,"SPECIAL","COLLECTORS","SPECIAL",,,,,,,,"TRUE",,,,,,"Alien3",,,"NEVER"
"emoji_rico_chicken",,,"sc/emoji_1.sc","emoji_rico_chicken","TrickshotDude",,,,"DEFAULT","COLLECTORS","SPECIAL",,,,,,,,"TRUE",,,,,,,,,"NEVER"
"emoji_mortis_sands",,,"sc/emoji_1.sc","emoji_mortis_sands","Undertaker",,,,"DEFAULT","COLLECTORS","SPECIAL",,,,,,,,"TRUE",,,,,,,,,"NEVER"
"emoji_tara_misfortune",,,"sc/emoji_1.sc","emoji_tara_misfortune","BlackHole",,,,"DEFAULT","COLLECTORS","SPECIAL",,,,,,,,"TRUE",,,,,,,,"TRUE","NEVER"
"emoji_dynamike_coach_red",,,"sc/emoji_1.sc","emoji_dynamike_coach_red","TntDude",,,,"DEFAULT","COLLECTORS","SPECIAL",,,,,,,,"TRUE",,,,,,,,,"NEVER"
"emoji_dynamike_coach_blue",,,"sc/emoji_1.sc","emoji_dynamike_coach_blue","TntDude",,,,"DEFAULT","COLLECTORS","SPECIAL",,,,,,,,"TRUE",,,,,,,,,"NEVER"
"emoji_gale_buster",,,"sc/emoji_1.sc","emoji_gale_buster","Blower",,,,"DEFAULT","COLLECTORS","SPECIAL",,,,,,,,"TRUE",,,,,,,,,"NEVER"
"emoji_buzz_sb",,,"sc/emoji_1.sc","emoji_buzz_sb","RopeDude",,,,"DEFAULT","COLLECTORS","SPECIAL",,,,,,,,"TRUE",,,,,,,,,"NEVER"
"emoji_darryl_sb",,,"sc/emoji_1.sc","emoji_darryl_sb","BarrelBot",,,,"DEFAULT","COLLECTORS","SPECIAL",,,,,,,,"TRUE",,,,,,,,,"NEVER"
"emoji_jessie_sb",,,"sc/emoji_1.sc","emoji_jessie_sb","Mechanic",,,,"DEFAULT","COLLECTORS","SPECIAL",,,,,,,,"TRUE",,,,,,,,,"NEVER"
"emoji_mortis_sb",,,"sc/emoji_1.sc","emoji_mortis_sb","Undertaker",,,,"DEFAULT","COLLECTORS","SPECIAL",,,,,,,,"TRUE",,,,,,,,,"NEVER"
"emoji_mortis_pink_sb",,,"sc/emoji_1.sc","emoji_mortis_pink_sb","Undertaker",,,,"DEFAULT","COLLECTORS","SPECIAL",,,,,,,,"TRUE",,,,,,,,,"NEVER"
"emoji_mortis_blue_sb",,,"sc/emoji_1.sc","emoji_mortis_blue_sb","Undertaker",,,,"DEFAULT","COLLECTORS","SPECIAL",,,,,,,,"TRUE",,,,,,,,,"NEVER"
"emoji_primo_sb",,,"sc/emoji_1.sc","emoji_primo_sb","Luchador",,,,"DEFAULT","COLLECTORS","SPECIAL",,,,,,,,"TRUE",,,,,,,,,"NEVER"
"emoji_tick_sb",,,"sc/emoji_1.sc","emoji_tick_sb","ClusterBombDude",,,,"DEFAULT","COLLECTORS","SPECIAL",,,,,,,,"TRUE",,,,,,,,,"NEVER"
"emoji_draco_darkonceupon",,,"sc/emoji_1.sc","emoji_draco_darkonceupon","DragonRider",,,,"SPECIAL","COLLECTORS","DEFAULT","Ddraco_Start_VO","2",,,,,,"TRUE",,,,,,,,,"NEVER"
"emoji_draco_darkonceupon_angry",,,"sc/emoji_1.sc","emoji_draco_darkonceupon_angry","DragonRider",,,,"SPECIAL","COLLECTORS","ANGRY","Ddraco_Hurt_VO","6",,,,,,"TRUE",,,,,,,,"TRUE","NEVER"
"emoji_draco_darkonceupon_happy",,,"sc/emoji_1.sc","emoji_draco_darkonceupon_happy","DragonRider",,,,"SPECIAL","COLLECTORS","HAPPY","Ddraco_Kill_VO","2",,,,,,"TRUE",,,,,,,,,"NEVER"
"emoji_draco_darkonceupon_gg",,,"sc/emoji_1.sc","emoji_draco_darkonceupon_gg","DragonRider",,,,"SPECIAL","COLLECTORS","GG","Ddraco_Lead_VO","3",,,,,,"TRUE",,,,,,,,,"NEVER"
"emoji_draco_darkonceupon_phew",,,"sc/emoji_1.sc","emoji_draco_darkonceupon_phew","DragonRider",,,,"SPECIAL","COLLECTORS","PHEW","Ddraco_Hurt_VO","4",,,,,,"TRUE",,,,,,,,,"NEVER"
"emoji_draco_darkonceupon_sad",,,"sc/emoji_1.sc","emoji_draco_darkonceupon_sad","DragonRider",,,,"SPECIAL","COLLECTORS","SAD","Ddraco_Die_VO","2",,,,,,"TRUE",,,,,,,,"TRUE","NEVER"
"emoji_draco_darkonceupon_special",,,"sc/emoji_1.sc","emoji_draco_darkonceupon_special","DragonRider",,,,"SPECIAL","COLLECTORS","SPECIAL","Ddraco_Kill_VO","3",,,,,,"TRUE",,,,,,,,,"NEVER"
"emoji_draco_darkonceupon_thanks",,,"sc/emoji_1.sc","emoji_draco_darkonceupon_thanks","DragonRider",,,,"SPECIAL","COLLECTORS","THANKS","Ddraco_Kill_VO","4",,,,,,"TRUE",,,,,,,,,"NEVER"
"emoji_draco_darkonceupon_clap",,,"sc/emoji_1.sc","emoji_draco_darkonceupon_clap","DragonRider",,,,"SPECIAL","COLLECTORS","CLAP","Colt_Pin_Clap","0",,,,,,"TRUE",,,,,,,,,"NEVER"
"emoji_fang_esports",,,"sc/emoji_1.sc","emoji_fang_esports","KickerDude",,,,"SPECIAL","COLLECTORS","SPECIAL",,,,,,,,"TRUE",,,,,,,,,"NEVER"
"emoji_gus_zombie",,,"sc/emoji_1.sc","emoji_gus_zombie","SoulCollector",,,,"DEFAULT","COLLECTORS","SPECIAL",,,,,,,,"TRUE",,,,,,,,,"NEVER"
"emoji_hank_lunar",,,"sc/emoji_1.sc","emoji_hank_lunar","FishTank",,,,"DEFAULT","COLLECTORS","SPECIAL",,,,,,,,"TRUE",,,,,,,,,"NEVER"
"emoji_kit_thief",,,"sc/emoji_1.sc","emoji_kit_thief","Attacher",,,,"DEFAULT","COLLECTORS","SPECIAL",,,,,,,,"TRUE",,,,,,,,,"NEVER"
"emoji_mandy_evilsorceress",,,"sc/emoji_1.sc","emoji_mandy_evilsorceress","Beamer",,,,"DEFAULT","COLLECTORS","SPECIAL",,,,,,,,"TRUE",,,,,,,,,"NEVER"
"emoji_nani_dark_knight",,,"sc/emoji_1.sc","emoji_nani_dark_knight","Controller",,,,"DEFAULT","COLLECTORS","SPECIAL",,,,,,,,"TRUE",,,,,,,,,"NEVER"
"emoji_pearl_medieval",,,"sc/emoji_1.sc","emoji_pearl_medieval","Cooker",,,,"DEFAULT","COLLECTORS","SPECIAL",,,,,,,,"TRUE",,,,,,,,,"NEVER"
"emoji_poco_skullknight",,,"sc/emoji_1.sc","emoji_poco_skullknight","DeadMariachi",,,,"DEFAULT","COLLECTORS","SPECIAL",,,,,,,,"TRUE",,,,,,,,,"NEVER"
"emoji_surge_evilking",,,"sc/emoji_1.sc","emoji_surge_evilking","PowerLeveler",,,,"DEFAULT","COLLECTORS","SPECIAL",,,,,,,,"TRUE",,,,,,,,,"NEVER"
"emoji_surge_evilking_green",,,"sc/emoji_1.sc","emoji_surge_evilking_green","PowerLeveler",,,,"DEFAULT","COLLECTORS","SPECIAL",,,,,,,,"TRUE",,,,,,,,,"NEVER"
"emoji_surge_evilking_red",,,"sc/emoji_1.sc","emoji_surge_evilking_red","PowerLeveler",,,,"DEFAULT","COLLECTORS","SPECIAL",,,,,,,,"TRUE",,,,,,,,,"NEVER"
"emoji_bp_spongebob",,,"sc/emoji_1.sc","emoji_bp_spongebob",,,,,"DEFAULT","COLLECTORS","DEFAULT",,,,,,,,"TRUE",,,,,,,,,"NEVER"
"emoji_bp_spongebob_angry",,,"sc/emoji_1.sc","emoji_bp_spongebob_angry",,,,,"ANGRY","COLLECTORS","ANGRY",,,,,,,,"TRUE",,,,,,,,"TRUE","NEVER"
"emoji_bp_spongebob_clap",,,"sc/emoji_1.sc","emoji_bp_spongebob_clap",,,,,"SPECIAL","COLLECTORS","CLAP",,,,,,,,"TRUE",,,,,,,,,"NEVER"
"emoji_bp_spongebob_happy",,,"sc/emoji_1.sc","emoji_bp_spongebob_happy",,,,,"HAPPY","COLLECTORS","HAPPY",,,,,,,,"TRUE",,,,,,,,,"NEVER"
"emoji_bp_spongebob_gg",,,"sc/emoji_1.sc","emoji_bp_spongebob_gg",,,,,"SPECIAL","COLLECTORS","GG",,,,,,,,"TRUE",,,,,,,,,"NEVER"
"emoji_bp_spongebob_phew",,,"sc/emoji_1.sc","emoji_bp_spongebob_phew",,,,,"SPECIAL","COLLECTORS","PHEW",,,,,,,,"TRUE",,,,,,,,,"NEVER"
"emoji_bp_spongebob_sad",,,"sc/emoji_1.sc","emoji_bp_spongebob_sad",,,,,"SAD","COLLECTORS","SAD",,,,,,,,"TRUE",,,,,,,,"TRUE","NEVER"
"emoji_bp_spongebob_thanks",,,"sc/emoji_1.sc","emoji_bp_spongebob_thanks",,,,,"SPECIAL","COLLECTORS","THANKS",,,,,,,,"TRUE",,,,,,,,,"NEVER"
"emoji_bp_spongebob_special",,,"sc/emoji_1.sc","emoji_bp_spongebob_special",,,,,"SPECIAL","COLLECTORS","SPECIAL",,,,,,,,"TRUE",,,,,,,,,"NEVER"
"emoji_event_mrkrabs_sb",,,"sc/emoji_1.sc","emoji_event_mrkrabs_sb",,,,,"SPECIAL","COLLECTORS","SPECIAL",,,,,,,,"TRUE",,,,"SPONGEBOB",,,,,"NEVER"
"emoji_event_patrick_sb",,,"sc/emoji_1.sc","emoji_event_patrick_sb",,,,,"SPECIAL","COLLECTORS","SPECIAL",,,,,,,,"TRUE",,,,"SPONGEBOB",,,,,"NEVER"
"emoji_event_plankton_sb",,,"sc/emoji_1.sc","emoji_event_plankton_sb",,,,,"SPECIAL","COLLECTORS","SPECIAL",,,,,,,,"TRUE",,,,"SPONGEBOB",,,,,"NEVER"
"emoji_event_sandy_sb",,,"sc/emoji_1.sc","emoji_event_sandy_sb",,,,,"SPECIAL","COLLECTORS","SPECIAL",,,,,,,,"TRUE",,,,"SPONGEBOB",,,,,"NEVER"
"emoji_event_spongebob_sb",,,"sc/emoji_1.sc","emoji_event_spongebob_sb",,,,,"SPECIAL","COLLECTORS","SPECIAL",,,,,,,,"TRUE",,,,"SPONGEBOB",,,,,"NEVER"
"emoji_event_squidward_sb",,,"sc/emoji_1.sc","emoji_event_squidward_sb",,,,,"SPECIAL","COLLECTORS","SPECIAL",,,,,,,,"TRUE",,,,"SPONGEBOB",,,,,"NEVER"
"emoji_bp_darkonceupon",,,"sc/emoji_1.sc","emoji_bp_darkonceupon",,,,,"DEFAULT","COLLECTORS","DEFAULT",,,,,,"1500","39","TRUE",,,,,,,,,"AVAILABLE"
"emoji_bp_darkonceupon_angry",,,"sc/emoji_1.sc","emoji_bp_darkonceupon_angry",,,,,"ANGRY","COLLECTORS","ANGRY",,,,,,"1500","39","TRUE",,,,,,,,"TRUE","AVAILABLE"
"emoji_bp_darkonceupon_happy",,,"sc/emoji_1.sc","emoji_bp_darkonceupon_happy",,,,,"SPECIAL","COLLECTORS","CLAP",,,,,,"1500","39","TRUE",,,,,,,,,"AVAILABLE"
"emoji_bp_darkonceupon_gg",,,"sc/emoji_1.sc","emoji_bp_darkonceupon_gg",,,,,"HAPPY","COLLECTORS","HAPPY",,,,,,"1500","39","TRUE",,,,,,,,,"AVAILABLE"
"emoji_bp_darkonceupon_phew",,,"sc/emoji_1.sc","emoji_bp_darkonceupon_phew",,,,,"SPECIAL","COLLECTORS","GG",,,,,,"1500","39","TRUE",,,,,,,,,"AVAILABLE"
"emoji_bp_darkonceupon_sad",,,"sc/emoji_1.sc","emoji_bp_darkonceupon_sad",,,,,"SPECIAL","COLLECTORS","PHEW",,,,,,"1500","39","TRUE",,,,,,,,"TRUE","AVAILABLE"
"emoji_bp_darkonceupon_special",,,"sc/emoji_1.sc","emoji_bp_darkonceupon_special",,,,,"SAD","COLLECTORS","SAD",,,,,,"1500","39","TRUE",,,,,,,,,"AVAILABLE"
"emoji_bp_darkonceupon_thanks",,,"sc/emoji_1.sc","emoji_bp_darkonceupon_thanks",,,,,"SPECIAL","COLLECTORS","THANKS",,,,,,"1500","39","TRUE",,,,,,,,,"AVAILABLE"
"emoji_bp_darkonceupon_clap",,,"sc/emoji_1.sc","emoji_bp_darkonceupon_clap",,,,,"SPECIAL","COLLECTORS","SPECIAL",,,,,,"1500","39","TRUE",,,,,,,,,"AVAILABLE"
"emoji_samurai",,,"sc/emoji_1.sc","emoji_samurai","Samurai",,,,"DEFAULT","DEFAULT","DEFAULT","Kenji_Start_VO","2",,,,,,"TRUE",,,,,,,,,"NEVER"
"emoji_samurai_angry",,,"sc/emoji_1.sc","emoji_samurai_angry","Samurai",,,,"ANGRY","COMMON","ANGRY","Kenji_Hurt_VO","4",,,,"375","9","TRUE",,,,,,,,"TRUE","AVAILABLE"
"emoji_samurai_happy",,,"sc/emoji_1.sc","emoji_samurai_happy","Samurai",,,,"HAPPY","COMMON","HAPPY","Kenji_Kill_VO","5",,,,,,"TRUE",,,,,,,"TrophyRewardsSamurai",,"NEVER"
"emoji_samurai_gg",,,"sc/emoji_1.sc","emoji_samurai_gg","Samurai",,,,"SPECIAL","RARE","GG","Kenji_Lead_VO","3",,,,"750","19","TRUE",,,,,,,,,"AVAILABLE"
"emoji_samurai_phew",,,"sc/emoji_1.sc","emoji_samurai_phew","Samurai",,,,"SPECIAL","EPIC","PHEW","Kenji_Die_VO","5",,,,"1500","39","TRUE",,,,,,,,,"AVAILABLE"
"emoji_samurai_sad",,,"sc/emoji_1.sc","emoji_samurai_sad","Samurai",,,,"SAD","COMMON","SAD","Kenji_Hurt_VO","9",,,,"375","9","TRUE",,,,,,,,"TRUE","AVAILABLE"
"emoji_samurai_special",,,"sc/emoji_1.sc","emoji_samurai_special","Samurai",,,,"SPECIAL","EPIC","SPECIAL","Kenji_Kill_VO","12",,,,,,"TRUE",,,,,,,"TrophyRewardsSamurai",,"NEVER"
"emoji_samurai_thanks",,,"sc/emoji_1.sc","emoji_samurai_thanks","Samurai",,,,"SPECIAL","EPIC","THANKS","Kenji_Start_VO","3",,,,"1500","39","TRUE",,,,,,,,,"AVAILABLE"
"emoji_samurai_clap",,,"sc/emoji_1.sc","emoji_samurai_clap","Samurai",,,,"SPECIAL","RARE","CLAP","Colt_Pin_Clap","0",,,,"750","19","TRUE",,,,,,,,,"AVAILABLE"
"emoji_samurai_facepalm",,,"sc/emoji_1.sc","emoji_samurai_facepalm","Samurai",,,,"SPECIAL","COLLECTORS","FACEPALM",,,,,,,,"TRUE",,,,,,,"TrophyRewardsSamurai","TRUE","NEVER"
"emoji_rosa_coco",,,"sc/emoji_1.sc","emoji_rosa_coco","Rosa",,,,"DEFAULT","COLLECTORS","SPECIAL",,,,,,,,"TRUE",,,,,,,,,"NEVER"
"emoji_mike_zombie",,,"sc/emoji_1.sc","emoji_mike_zombie","TntDude",,,,"DEFAULT","COLLECTORS","SPECIAL",,,,,,,,"TRUE",,,,,,,,,"NEVER"
"emoji_crow_lunar",,,"sc/emoji_1.sc","emoji_crow_lunar","Crow",,,,"DEFAULT","COLLECTORS","SPECIAL",,,,,,,,"TRUE",,,,,,,,,"NEVER"
"emoji_chester_lunar",,,"sc/emoji_1.sc","emoji_chester_lunar","Jester",,,,"DEFAULT","COLLECTORS","SPECIAL",,,,,,,,"TRUE",,,,,,,,,"NEVER"
"emoji_pam_zombie",,,"sc/emoji_1.sc","emoji_pam_zombie","MinigunDude",,,,"DEFAULT","COLLECTORS","SPECIAL",,,,,,,,"TRUE",,,,,,,,,"NEVER"
"emoji_zombies_coffin",,,"sc/emoji_1.sc","emoji_zombies_coffin",,,,,"SPECIAL","COLLECTORS","SPECIAL",,,,,,"1500","39","TRUE",,,,"BRAWLOWEEN",,,,,"AVAILABLE"
"emoji_zombies_frankie",,,"sc/emoji_1.sc","emoji_zombies_frankie",,,,,"SPECIAL","COLLECTORS","SPECIAL",,,,,,"1500","39","TRUE",,,,"BRAWLOWEEN",,,,,"AVAILABLE"
"emoji_zombies_spider",,,"sc/emoji_1.sc","emoji_zombies_spider",,,,,"SPECIAL","COLLECTORS","SPECIAL",,,,,,"1500","39","TRUE",,,,"BRAWLOWEEN",,,,,"AVAILABLE"
"emoji_tara_overcharge",,,"sc/emoji_1.sc","emoji_tara_overcharge","BlackHole",,,,"SPECIAL","COLLECTORS","SPECIAL",,,,,,,,"TRUE",,,,,,,,,"NEVER"
"emoji_mortis_overcharge",,,"sc/emoji_1.sc","emoji_mortis_overcharge","Undertaker",,,,"SPECIAL","COLLECTORS","SPECIAL",,,,,,,,"TRUE",,,,,,,,,"NEVER"
"emoji_nani_overcharge",,,"sc/emoji_1.sc","emoji_nani_overcharge","Controller",,,,"SPECIAL","COLLECTORS","SPECIAL",,,,,,,,"TRUE",,,,,,,,,"NEVER"
"emoji_poco_overcharge",,,"sc/emoji_1.sc","emoji_poco_overcharge","DeadMariachi",,,,"SPECIAL","COLLECTORS","SPECIAL",,,,,,,,"TRUE",,,,,,,,,"NEVER"
"emoji_squeak_overcharge",,,"sc/emoji_1.sc","emoji_squeak_overcharge","StickyBomb",,,,"SPECIAL","COLLECTORS","SPECIAL",,,,,,,,"TRUE",,,,,,,,,"NEVER"
"emoji_surge_overcharge",,,"sc/emoji_1.sc","emoji_surge_overcharge","PowerLeveler",,,,"SPECIAL","COLLECTORS","SPECIAL",,,,,,,,"TRUE",,,,,,,,,"NEVER"
"emoji_champie_cake",,,"sc/emoji_1.sc","emoji_champie_cake",,,,,"SPECIAL","COLLECTORS","SPECIAL",,,,,,,,"TRUE",,,,"PROPASS",,,,,"NEVER"
"emoji_champie_glitch",,,"sc/emoji_1.sc","emoji_champie_glitch",,,,,"SPECIAL","COLLECTORS","SPECIAL",,,,,,,,"TRUE",,,,"WF_2020",,,,,"NEVER"
"emoji_champie_spike",,,"sc/emoji_1.sc","emoji_champie_spike",,,,,"SPECIAL","COLLECTORS","SPECIAL",,,,,,,,"TRUE",,,,"WF_2020",,,,,"NEVER"
"emoji_champie_meow",,,"sc/emoji_1.sc","emoji_champie_meow",,,,,"SPECIAL","COLLECTORS","SPECIAL",,,,,,,,"TRUE",,,,"PROPASS",,,,,"NEVER"
"emoji_champie_halloween",,,"sc/emoji_1.sc","emoji_champie_halloween",,,,,"SPECIAL","COLLECTORS","SPECIAL",,,,,,,,"TRUE",,,,"WF_2020",,,,,"NEVER"
"emoji_champie_captain",,,"sc/emoji_1.sc","emoji_champie_captain",,,,,"SPECIAL","COLLECTORS","SPECIAL",,,,,,,,"TRUE",,,,"PROPASS",,,,,"NEVER"
"emoji_digger",,,"sc/emoji_1.sc","emoji_digger","Digger",,,,"DEFAULT","DEFAULT","DEFAULT","Moe_Start_VO","1",,,,,,"TRUE",,,,,,,,,"NEVER"
"emoji_digger_angry",,,"sc/emoji_1.sc","emoji_digger_angry","Digger",,,,"ANGRY","COMMON","ANGRY","Moe_Die_VO","4",,,,"375","9","TRUE",,,,,,,,"TRUE","AVAILABLE"
"emoji_digger_gg",,,"sc/emoji_1.sc","emoji_digger_gg","Digger",,,,"SPECIAL","RARE","GG","Moe_Kill_VO","4",,,,"750","19","TRUE",,,,,,,,,"AVAILABLE"
"emoji_digger_special",,,"sc/emoji_1.sc","emoji_digger_special","Digger",,,,"SPECIAL","EPIC","SPECIAL","Moe_Lead_VO","4",,,,,,"TRUE",,,,,,,"TrophyRewardsDigger",,"NEVER"
"emoji_digger_happy",,,"sc/emoji_1.sc","emoji_digger_happy","Digger",,,,"HAPPY","COMMON","HAPPY","Moe_Lead_VO","1",,,,,,"TRUE",,,,,,,"TrophyRewardsDigger",,"NEVER"
"emoji_digger_clap",,,"sc/emoji_1.sc","emoji_digger_clap","Digger",,,,"SPECIAL","RARE","CLAP","Colt_Pin_Clap","0",,,,"750","19","TRUE",,,,,,,,,"AVAILABLE"
"emoji_digger_phew",,,"sc/emoji_1.sc","emoji_digger_phew","Digger",,,,"SPECIAL","EPIC","PHEW","Moe_Die_VO","6",,,,"1500","39","TRUE",,,,,,,,,"AVAILABLE"
"emoji_digger_facepalm",,,"sc/emoji_1.sc","emoji_digger_facepalm","Digger",,,,"SPECIAL","COLLECTORS","FACEPALM",,,,,,,,"TRUE",,,,,,,"TrophyRewardsDigger","TRUE","NEVER"
"emoji_digger_sad",,,"sc/emoji_1.sc","emoji_digger_sad","Digger",,,,"SAD","COMMON","SAD","Moe_Hurt_VO","3",,,,"375","9","TRUE",,,,,,,,"TRUE","AVAILABLE"
"emoji_digger_thanks",,,"sc/emoji_1.sc","emoji_digger_thanks","Digger",,,,"SPECIAL","EPIC","THANKS","Moe_Kill_VO","7",,,,"1500","39","TRUE",,,,,,,,,"AVAILABLE"
"emoji_mrp_scmake",,,"sc/emoji_1.sc","emoji_mrp_scmake","SpawnerDude",,,,"DEFAULT","COLLECTORS","SPECIAL",,,,,,,,"TRUE",,,,,,,,,"NEVER"
"emoji_amber_scmake",,,"sc/emoji_1.sc","emoji_amber_scmake","FireDude",,,,"DEFAULT","COLLECTORS","SPECIAL",,,,,,,,"TRUE",,,,,,,,,"NEVER"
"emoji_leon_dino",,,"sc/emoji_1.sc","emoji_leon_dino","Ninja",,,,"DEFAULT","COLLECTORS","SPECIAL",,,,,,,,"TRUE",,,,,,,,,"NEVER"
"emoji_mike_bellhop",,,"sc/emoji_1.sc","emoji_mike_bellhop","TntDude",,,,"DEFAULT","COLLECTORS","SPECIAL",,,,,,,,"TRUE",,,,,,,,,"NEVER"
"emoji_darryl_dumpling",,,"sc/emoji_1.sc","emoji_darryl_dumpling","BarrelBot",,,,"DEFAULT","COLLECTORS","SPECIAL",,,,,,,,"TRUE",,,,,,,,,"NEVER"
"emoji_jessie_reddragon",,,"sc/emoji_1.sc","emoji_jessie_reddragon","Mechanic",,,,"DEFAULT","COLLECTORS","SPECIAL",,,,,,,,"TRUE",,,,,,,,,"NEVER"
"emoji_sandy_lantern",,,"sc/emoji_1.sc","emoji_sandy_lantern","Sandstorm",,,,"DEFAULT","COLLECTORS","SPECIAL",,,,,,,,"TRUE",,,,,,,,,"NEVER"
"emoji_champie_ninja",,,"sc/emoji_1.sc","emoji_champie_ninja",,,,,"SPECIAL","COLLECTORS","SPECIAL",,,,,,,,"TRUE",,,,"WF_2020",,,,,"NEVER"
"emoji_champie_melting",,,"sc/emoji_1.sc","emoji_champie_melting",,,,,"SPECIAL","COLLECTORS","SPECIAL",,,,,,,,"TRUE",,,,"WF_2020",,,,,"NEVER"
"emoji_belle_scmake",,,"sc/emoji_1.sc","emoji_belle_scmake","ElectroSniper",,,,"DEFAULT","COLLECTORS","SPECIAL",,,,,,,,"TRUE",,,,,,,,,"NEVER"
"emoji_mooncake_sad",,,"sc/emoji_1.sc","emoji_mooncake_sad",,,,,"SPECIAL","COLLECTORS","SPECIAL",,,,,,"1500","39","TRUE",,,,"LUNAREVENT",,,,"TRUE","AVAILABLE"
"emoji_mooncake_happy",,,"sc/emoji_1.sc","emoji_mooncake_happy",,,,,"SPECIAL","COLLECTORS","SPECIAL",,,,,,"1500","39","TRUE",,,,"LUNAREVENT",,,,,"AVAILABLE"
"emoji_colette_demon",,,"sc/emoji_2.sc","emoji_colette_demon","Percenter",,,,"DEFAULT","COLLECTORS","SPECIAL",,,,,,,,"TRUE",,,,,,,,,"NEVER"
"emoji_cordelius_toon",,,"sc/emoji_2.sc","emoji_cordelius_toon","Duelist",,,,"DEFAULT","COLLECTORS","DEFAULT","Toon_Cordelius_Start_VO","0",,,,,,"TRUE",,,,,,,,,"NEVER"
"emoji_cordelius_toon_angry",,,"sc/emoji_2.sc","emoji_cordelius_toon_angry","Duelist",,,,"ANGRY","COLLECTORS","ANGRY","Toon_Cordelius_Hurt_VO","8",,,,,,"TRUE",,,,,,,,"TRUE","NEVER"
"emoji_cordelius_toon_clap",,,"sc/emoji_2.sc","emoji_cordelius_toon_clap","Duelist",,,,"SPECIAL","COLLECTORS","CLAP","Colt_Pin_Clap","0",,,,,,"TRUE",,,,,,,,,"NEVER"
"emoji_cordelius_toon_happy",,,"sc/emoji_2.sc","emoji_cordelius_toon_happy","Duelist",,,,"HAPPY","COLLECTORS","HAPPY","Toon_Cordelius_Kill_VO","1",,,,,,"TRUE",,,,,,,,,"NEVER"
"emoji_cordelius_toon_phew",,,"sc/emoji_2.sc","emoji_cordelius_toon_phew","Duelist",,,,"SPECIAL","COLLECTORS","PHEW","Toon_Cordelius_Hurt_VO","1",,,,,,"TRUE",,,,,,,,,"NEVER"
"emoji_cordelius_toon_sad",,,"sc/emoji_2.sc","emoji_cordelius_toon_sad","Duelist",,,,"SAD","COLLECTORS","SAD","Toon_Cordelius_Die_VO","6",,,,,,"TRUE",,,,,,,,"TRUE","NEVER"
"emoji_cordelius_toon_special",,,"sc/emoji_2.sc","emoji_cordelius_toon_special","Duelist",,,,"SPECIAL","COLLECTORS","SPECIAL","Toon_Cordelius_Start_VO","1",,,,,,"TRUE",,,,,,,,,"NEVER"
"emoji_cordelius_toon_thanks",,,"sc/emoji_2.sc","emoji_cordelius_toon_thanks","Duelist",,,,"SPECIAL","COLLECTORS","THANKS","Toon_Cordelius_Kill_VO","5",,,,,,"TRUE",,,,,,,,,"NEVER"
"emoji_cordelius_toon_gg",,,"sc/emoji_2.sc","emoji_cordelius_toon_gg","Duelist",,,,"SPECIAL","COLLECTORS","GG","Toon_Cordelius_Lead_VO","1",,,,,,"TRUE",,,,,,,,,"NEVER"
"emoji_edgar_angel",,,"sc/emoji_2.sc","emoji_edgar_angel","Enrager",,,,"DEFAULT","COLLECTORS","DEFAULT","Angelic_Edgar_Start_VO","1",,,,,,"TRUE",,,,,,,,,"NEVER"
"emoji_edgar_angel_angry",,,"sc/emoji_2.sc","emoji_edgar_angel_angry","Enrager",,,,"ANGRY","COLLECTORS","ANGRY","Angelic_Edgar_Hurt_VO","4",,,,,,"TRUE",,,,,,,,"TRUE","NEVER"
"emoji_edgar_angel_clap",,,"sc/emoji_2.sc","emoji_edgar_angel_clap","Enrager",,,,"SPECIAL","COLLECTORS","CLAP","Colt_Pin_Clap","0",,,,,,"TRUE",,,,,,,,,"NEVER"
"emoji_edgar_angel_happy",,,"sc/emoji_2.sc","emoji_edgar_angel_happy","Enrager",,,,"HAPPY","COLLECTORS","HAPPY","Angelic_Edgar_Kill_VO","2",,,,,,"TRUE",,,,,,,,,"NEVER"
"emoji_edgar_angel_phew",,,"sc/emoji_2.sc","emoji_edgar_angel_phew","Enrager",,,,"SPECIAL","COLLECTORS","PHEW","Angelic_Edgar_Hurt_VO","5",,,,,,"TRUE",,,,,,,,,"NEVER"
"emoji_edgar_angel_sad",,,"sc/emoji_2.sc","emoji_edgar_angel_sad","Enrager",,,,"SAD","COLLECTORS","SAD","Angelic_Edgar_Die_VO","1",,,,,,"TRUE",,,,,,,,"TRUE","NEVER"
"emoji_edgar_angel_special",,,"sc/emoji_2.sc","emoji_edgar_angel_special","Enrager",,,,"SPECIAL","COLLECTORS","SPECIAL","Angelic_Edgar_Kill_VO","6",,,,,,"TRUE",,,,,,,,,"NEVER"
"emoji_edgar_angel_thanks",,,"sc/emoji_2.sc","emoji_edgar_angel_thanks","Enrager",,,,"SPECIAL","COLLECTORS","THANKS","Angelic_Edgar_Lead_VO","5",,,,,,"TRUE",,,,,,,,,"NEVER"
"emoji_edgar_angel_gg",,,"sc/emoji_2.sc","emoji_edgar_angel_gg","Enrager",,,,"SPECIAL","COLLECTORS","GG","Angelic_Edgar_Kill_VO","4",,,,,,"TRUE",,,,,,,,,"NEVER"
"emoji_mortis_demon",,,"sc/emoji_2.sc","emoji_mortis_demon","Undertaker",,,,"DEFAULT","COLLECTORS","DEFAULT","Demonic_Mortis_Start_VO","2",,,,,,"TRUE",,,,,,,,,"NEVER"
"emoji_mortis_demon_angry",,,"sc/emoji_2.sc","emoji_mortis_demon_angry","Undertaker",,,,"ANGRY","COLLECTORS","ANGRY","Demonic_Mortis_Hurt_VO","2",,,,,,"TRUE",,,,,,,,"TRUE","NEVER"
"emoji_mortis_demon_clap",,,"sc/emoji_2.sc","emoji_mortis_demon_clap","Undertaker",,,,"SPECIAL","COLLECTORS","CLAP","Colt_Pin_Clap","0",,,,,,"TRUE",,,,,,,,,"NEVER"
"emoji_mortis_demon_gg",,,"sc/emoji_2.sc","emoji_mortis_demon_gg","Undertaker",,,,"SPECIAL","COLLECTORS","GG","Demonic_Mortis_Kill_VO","0",,,,,,"TRUE",,,,,,,,,"NEVER"
"emoji_mortis_demon_happy",,,"sc/emoji_2.sc","emoji_mortis_demon_happy","Undertaker",,,,"HAPPY","COLLECTORS","HAPPY","Demonic_Mortis_Kill_VO","7",,,,,,"TRUE",,,,,,,,,"NEVER"
"emoji_mortis_demon_phew",,,"sc/emoji_2.sc","emoji_mortis_demon_phew","Undertaker",,,,"SPECIAL","COLLECTORS","PHEW","Demonic_Mortis_Hurt_VO","4",,,,,,"TRUE",,,,,,,,,"NEVER"
"emoji_mortis_demon_sad",,,"sc/emoji_2.sc","emoji_mortis_demon_sad","Undertaker",,,,"SAD","COLLECTORS","SAD","Demonic_Mortis_Die_VO","8",,,,,,"TRUE",,,,,,,,"TRUE","NEVER"
"emoji_mortis_demon_special",,,"sc/emoji_2.sc","emoji_mortis_demon_special","Undertaker",,,,"SPECIAL","COLLECTORS","SPECIAL","Demonic_Mortis_Kill_VO","1",,,,,,"TRUE",,,,,,,,,"NEVER"
"emoji_mortis_demon_thanks",,,"sc/emoji_2.sc","emoji_mortis_demon_thanks","Undertaker",,,,"SPECIAL","COLLECTORS","THANKS","Demonic_Mortis_Kill_VO","2",,,,,,"TRUE",,,,,,,,,"NEVER"
"emoji_lily_angel",,,"sc/emoji_2.sc","emoji_lily_angel","Ambusher",,,,"DEFAULT","COLLECTORS","SPECIAL",,,,,,,,"TRUE",,,,,,,,,"NEVER"
"emoji_max_angel",,,"sc/emoji_2.sc","emoji_max_angel","Speedy",,,,"DEFAULT","COLLECTORS","SPECIAL",,,,,,,,"TRUE",,,,,,,,,"NEVER"
"emoji_otis_demon",,,"sc/emoji_2.sc","emoji_otis_demon","Silencer",,,,"DEFAULT","COLLECTORS","SPECIAL",,,,,,,,"TRUE",,,,,,,,,"NEVER"
"emoji_emz_demon",,,"sc/emoji_2.sc","emoji_emz_demon","Mummy",,,,"DEFAULT","COLLECTORS","SPECIAL",,,,,,,,"TRUE",,,,,,,,,"NEVER"
"emoji_twins_angel",,,"sc/emoji_2.sc","emoji_twins_angel","Twins",,,,"DEFAULT","COLLECTORS","SPECIAL",,,,,,,,"TRUE",,,,,,,,,"NEVER"
"emoji_bp_cursed",,,"sc/emoji_2.sc","emoji_bp_cursed",,,,,"DEFAULT","COLLECTORS","DEFAULT",,,,,,"1500","39","TRUE",,,,,,,,,"AVAILABLE"
"emoji_bp_cursed_angry",,,"sc/emoji_2.sc","emoji_bp_cursed_angry",,,,,"ANGRY","COLLECTORS","ANGRY",,,,,,"1500","39","TRUE",,,,,,,,"TRUE","AVAILABLE"
"emoji_bp_cursed_clap",,,"sc/emoji_2.sc","emoji_bp_cursed_clap",,,,,"SPECIAL","COLLECTORS","CLAP",,,,,,"1500","39","TRUE",,,,,,,,,"AVAILABLE"
"emoji_bp_cursed_happy",,,"sc/emoji_2.sc","emoji_bp_cursed_happy",,,,,"HAPPY","COLLECTORS","HAPPY",,,,,,"1500","39","TRUE",,,,,,,,,"AVAILABLE"
"emoji_bp_cursed_gg",,,"sc/emoji_2.sc","emoji_bp_cursed_gg",,,,,"SPECIAL","COLLECTORS","GG",,,,,,"1500","39","TRUE",,,,,,,,,"AVAILABLE"
"emoji_bp_cursed_phew",,,"sc/emoji_2.sc","emoji_bp_cursed_phew",,,,,"SPECIAL","COLLECTORS","PHEW",,,,,,"1500","39","TRUE",,,,,,,,,"AVAILABLE"
"emoji_bp_cursed_sad",,,"sc/emoji_2.sc","emoji_bp_cursed_sad",,,,,"SAD","COLLECTORS","SAD",,,,,,"1500","39","TRUE",,,,,,,,"TRUE","AVAILABLE"
"emoji_bp_cursed_thanks",,,"sc/emoji_2.sc","emoji_bp_cursed_thanks",,,,,"SPECIAL","COLLECTORS","THANKS",,,,,,"1500","39","TRUE",,,,,,,,,"AVAILABLE"
"emoji_bp_cursed_special",,,"sc/emoji_2.sc","emoji_bp_cursed_special",,,,,"SPECIAL","COLLECTORS","SPECIAL",,,,,,"1500","39","TRUE",,,,,,,,,"AVAILABLE"
"emoji_bp_cursed_good",,,"sc/emoji_2.sc","emoji_bp_cursed_good",,,,,"SPECIAL","COLLECTORS","SPECIAL",,,,,,,,"TRUE",,,,"ANGELDEMONS",,,,,"NEVER"
"emoji_bp_cursed_bad",,,"sc/emoji_2.sc","emoji_bp_cursed_bad",,,,,"SPECIAL","COLLECTORS","SPECIAL",,,,,,,,"TRUE",,,,"ANGELDEMONS",,,,"TRUE","NEVER"
"emoji_stu_overcharge",,,"sc/emoji_2.sc","emoji_stu_overcharge","Roller",,,,"SPECIAL","COLLECTORS","SPECIAL",,,,,,,,"TRUE",,,,,,,,,"NEVER"
"emoji_darryl_overcharge",,,"sc/emoji_2.sc","emoji_darryl_overcharge","BarrelBot",,,,"SPECIAL","COLLECTORS","SPECIAL",,,,,,,,"TRUE",,,,,,,,,"NEVER"
"emoji_ruffs_overcharge",,,"sc/emoji_2.sc","emoji_ruffs_overcharge","Ruffs",,,,"SPECIAL","COLLECTORS","SPECIAL",,,,,,,,"TRUE",,,,,,,,,"NEVER"
"emoji_penny_overcharge",,,"sc/emoji_2.sc","emoji_penny_overcharge","ArtilleryDude",,,,"SPECIAL","COLLECTORS","SPECIAL",,,,,,,,"TRUE",,,,,,,,,"NEVER"
"emoji_otis_overcharge",,,"sc/emoji_2.sc","emoji_otis_overcharge","Silencer",,,,"SPECIAL","COLLECTORS","SPECIAL",,,,,,,,"TRUE",,,,,,,,,"NEVER"
"emoji_8bit_overcharge",,,"sc/emoji_2.sc","emoji_8bit_overcharge","Arcade",,,,"SPECIAL","COLLECTORS","SPECIAL",,,,,,,,"TRUE",,,,,,,,,"NEVER"
"emoji_willow_demon",,,"sc/emoji_2.sc","emoji_willow_demon","Puppeteer",,,,"SPECIAL","COLLECTORS","SPECIAL",,,,,,,,"TRUE",,,,,,,,,"NEVER"
"emoji_rosa_toons",,,"sc/emoji_2.sc","emoji_rosa_toons","Rosa",,,,"SPECIAL","COLLECTORS","SPECIAL",,,,,,,,"TRUE",,,,,,,,,"NEVER"
"emoji_ash_toons",,,"sc/emoji_2.sc","emoji_ash_toons","Knight",,,,"SPECIAL","COLLECTORS","SPECIAL",,,,,,,,"TRUE",,,,,,,,,"NEVER"
"emoji_rico_guard",,,"sc/emoji_2.sc","emoji_rico_guard","TrickshotDude",,,,"SPECIAL","COLLECTORS","SPECIAL",,,,,,,,"TRUE",,,,,,,,,"NEVER"
"emoji_rico_popcorn",,,"sc/emoji_2.sc","emoji_rico_popcorn","TrickshotDude",,,,"SPECIAL","COLLECTORS","SPECIAL",,,,,,,,"TRUE",,,,,,,,,"NEVER"
"emoji_bp_toon",,,"sc/emoji_2.sc","emoji_bp_toon",,,,,"DEFAULT","COLLECTORS","DEFAULT",,,,,,"1500","39","TRUE",,,,,,,,,"AVAILABLE"
"emoji_bp_toon_angry",,,"sc/emoji_2.sc","emoji_bp_toon_angry",,,,,"ANGRY","COLLECTORS","ANGRY",,,,,,"1500","39","TRUE",,,,,,,,"TRUE","AVAILABLE"
"emoji_bp_toon_clap",,,"sc/emoji_2.sc","emoji_bp_toon_clap",,,,,"SPECIAL","COLLECTORS","CLAP",,,,,,"1500","39","TRUE",,,,,,,,,"AVAILABLE"
"emoji_bp_toon_gg",,,"sc/emoji_2.sc","emoji_bp_toon_gg",,,,,"SPECIAL","COLLECTORS","GG",,,,,,"1500","39","TRUE",,,,,,,,,"AVAILABLE"
"emoji_bp_toon_happy",,,"sc/emoji_2.sc","emoji_bp_toon_happy",,,,,"HAPPY","COLLECTORS","HAPPY",,,,,,"1500","39","TRUE",,,,,,,,,"AVAILABLE"
"emoji_bp_toon_phew",,,"sc/emoji_2.sc","emoji_bp_toon_phew",,,,,"SPECIAL","COLLECTORS","PHEW",,,,,,"1500","39","TRUE",,,,,,,,,"AVAILABLE"
"emoji_bp_toon_sad",,,"sc/emoji_2.sc","emoji_bp_toon_sad",,,,,"SAD","COLLECTORS","SAD",,,,,,"1500","39","TRUE",,,,,,,,"TRUE","AVAILABLE"
"emoji_bp_toon_special",,,"sc/emoji_2.sc","emoji_bp_toon_special",,,,,"SPECIAL","COLLECTORS","SPECIAL",,,,,,"1500","39","TRUE",,,,,,,,,"AVAILABLE"
"emoji_bp_toon_thanks",,,"sc/emoji_2.sc","emoji_bp_toon_thanks",,,,,"SPECIAL","COLLECTORS","THANKS",,,,,,"1500","39","TRUE",,,,,,,,,"AVAILABLE"
"emoji_champie_demon",,,"sc/emoji_2.sc","emoji_champie_demon",,,,,"SPECIAL","COLLECTORS","SPECIAL",,,,,,,,"TRUE",,,,,,,,,"NEVER"
"emoji_edgar_angel_special_black",,,"sc/emoji_2.sc","emoji_edgar_angel_special_black","Enrager",,,,"DEFAULT","COLLECTORS","SPECIAL",,,,,,,,"TRUE",,,,,,,,,"NEVER"
"emoji_edgar_angel_special_white",,,"sc/emoji_2.sc","emoji_edgar_angel_special_white","Enrager",,,,"DEFAULT","COLLECTORS","SPECIAL",,,,,,,,"TRUE",,,,,,,,,"NEVER"
"emoji_larry_angel_black",,,"sc/emoji_2.sc","emoji_larry_angel_black","Twins",,,,"DEFAULT","COLLECTORS","SPECIAL",,,,,,,,"TRUE",,,,,,,,,"NEVER"
"emoji_larry_angel_pink",,,"sc/emoji_2.sc","emoji_larry_angel_pink","Twins",,,,"DEFAULT","COLLECTORS","SPECIAL",,,,,,,,"TRUE",,,,,,,,,"NEVER"
"emoji_lou_toon",,,"sc/emoji_2.sc","emoji_lou_toon","IceDude",,,,"DEFAULT","COLLECTORS","SPECIAL",,,,,,,,"TRUE",,,,,,,,,"NEVER"
"emoji_maisie_toon",,,"sc/emoji_2.sc","emoji_maisie_toon","Maisie",,,,"DEFAULT","COLLECTORS","SPECIAL",,,,,,,,"TRUE",,,,,,,,,"NEVER"
"emoji_mortis_demon_special_green",,,"sc/emoji_2.sc","emoji_mortis_demon_special_green","Undertaker",,,,"DEFAULT","COLLECTORS","SPECIAL",,,,,,,,"TRUE",,,,,,,,,"NEVER"
"emoji_mortis_demon_special_pink",,,"sc/emoji_2.sc","emoji_mortis_demon_special_pink","Undertaker",,,,"DEFAULT","COLLECTORS","SPECIAL",,,,,,,,"TRUE",,,,,,,,,"NEVER"
"emoji_maisie_toon_green",,,"sc/emoji_2.sc","emoji_maisie_toon_green","Maisie",,,,"DEFAULT","COLLECTORS","SPECIAL",,,,,,,,"TRUE",,,,,,,,,"NEVER"
"emoji_maisie_toon_pink",,,"sc/emoji_2.sc","emoji_maisie_toon_pink","Maisie",,,,"DEFAULT","COLLECTORS","SPECIAL",,,,,,,,"TRUE",,,,,,,,,"NEVER"
"emoji_bling_star",,,"sc/emoji_2.sc","emoji_bling_star",,,,,"SPECIAL","COLLECTORS","SPECIAL",,,,,,,,"TRUE",,,,"PROPASS",,,,,"NEVER"
"emoji_gene_angel",,,"sc/emoji_2.sc","emoji_gene_angel","HookDude",,,,"DEFAULT","COLLECTORS","SPECIAL",,,,,,,,"TRUE",,,,,,,,,"NEVER"
"emoji_colt_angel",,,"sc/emoji_2.sc","emoji_colt_angel","Gunslinger",,,,"DEFAULT","COLLECTORS","SPECIAL",,,,,,,,"TRUE",,,,,,,,,"NEVER"
"emoji_selena",,,"sc/emoji_2.sc","emoji_selena","Voodoo",,,,"DEFAULT","DEFAULT","DEFAULT","Juju_Start_VO","1",,,,,,"TRUE",,,,,,,,,"NEVER"
"emoji_selena_gg",,,"sc/emoji_2.sc","emoji_selena_gg","Voodoo",,,,"SPECIAL","RARE","GG","Juju_Start_VO","9",,,,"750","19","TRUE",,,,,,,,,"AVAILABLE"
"emoji_selena_angry",,,"sc/emoji_2.sc","emoji_selena_angry","Voodoo",,,,"ANGRY","COMMON","ANGRY","Juju_Hurt_VO","9",,,,"375","9","TRUE",,,,,,,,"TRUE","AVAILABLE"
"emoji_selena_thanks",,,"sc/emoji_2.sc","emoji_selena_thanks","Voodoo",,,,"SPECIAL","EPIC","THANKS","Juju_Lead_VO","5",,,,"1500","39","TRUE",,,,,,,,,"AVAILABLE"
"emoji_selena_phew",,,"sc/emoji_2.sc","emoji_selena_phew","Voodoo",,,,"SPECIAL","EPIC","PHEW","Juju_Hurt_VO","2",,,,"1500","39","TRUE",,,,,,,,,"AVAILABLE"
"emoji_selena_happy",,,"sc/emoji_2.sc","emoji_selena_happy","Voodoo",,,,"HAPPY","COMMON","HAPPY","Juju_Lead_VO","7",,,,,,"TRUE",,,,,,,"TrophyRewardsVoodoo",,"NEVER"
"emoji_selena_faceplam",,,"sc/emoji_2.sc","emoji_selena_faceplam","Voodoo",,,,"SPECIAL","COLLECTORS","FACEPALM",,,,,,,,"TRUE",,,,,,,"TrophyRewardsVoodoo","TRUE","NEVER"
"emoji_selena_special",,,"sc/emoji_2.sc","emoji_selena_special","Voodoo",,,,"SPECIAL","EPIC","SPECIAL","Juju_Start_VO","8",,,,,,"TRUE",,,,,,,"TrophyRewardsVoodoo",,"NEVER"
"emoji_selena_clap",,,"sc/emoji_2.sc","emoji_selena_clap","Voodoo",,,,"SPECIAL","RARE","CLAP","Colt_Pin_Clap","0",,,,"750","19","TRUE",,,,,,,,,"AVAILABLE"
"emoji_selena_sad",,,"sc/emoji_2.sc","emoji_selena_sad","Voodoo",,,,"SAD","COMMON","SAD","Juju_Die_VO","2",,,,"375","9","TRUE",,,,,,,,"TRUE","AVAILABLE"
"emoji_demon1",,,"sc/emoji_2.sc","emoji_demon1",,,,,"SPECIAL","COLLECTORS","SPECIAL",,,,,,"1500","39","TRUE",,,,"ANGELDEMONS",,,,,"AVAILABLE"
"emoji_demon2",,,"sc/emoji_2.sc","emoji_demon2",,,,,"SPECIAL","COLLECTORS","SPECIAL",,,,,,"1500","39","TRUE",,,,"ANGELDEMONS",,,,,"AVAILABLE"
"emoji_angel1",,,"sc/emoji_2.sc","emoji_angel1",,,,,"SPECIAL","COLLECTORS","SPECIAL",,,,,,"1500","39","TRUE",,,,"ANGELDEMONS",,,,,"AVAILABLE"
"emoji_angel2",,,"sc/emoji_2.sc","emoji_angel2",,,,,"SPECIAL","COLLECTORS","SPECIAL",,,,,,"1500","39","TRUE",,,,"ANGELDEMONS",,,,,"AVAILABLE"
"emoji_shade",,,"sc/emoji_2.sc","emoji_shade","Ghost",,,,"DEFAULT","DEFAULT","DEFAULT","Shade_Lead_VO","0",,,,,,"TRUE",,,,,,,,,"NEVER"
"emoji_shade_sad",,,"sc/emoji_2.sc","emoji_shade_sad","Ghost",,,,"SAD","COMMON","SAD","Shade_Die_VO","3",,,,"375","9","TRUE",,,,,,,,"TRUE","AVAILABLE"
"emoji_shade_angry",,,"sc/emoji_2.sc","emoji_shade_angry","Ghost",,,,"ANGRY","COMMON","ANGRY","Shade_Hurt_VO","0",,,,"375","9","TRUE",,,,,,,,,"AVAILABLE"
"emoji_shade_happy",,,"sc/emoji_2.sc","emoji_shade_happy","Ghost",,,,"HAPPY","COMMON","HAPPY","Shade_Lead_VO","2",,,,,,"TRUE",,,,,,,"TrophyRewardsGhost",,"NEVER"
"emoji_shade_gg",,,"sc/emoji_2.sc","emoji_shade_gg","Ghost",,,,"SPECIAL","RARE","GG","Shade_Start_VO","4",,,,"750","19","TRUE",,,,,,,,,"AVAILABLE"
"emoji_shade_thanks",,,"sc/emoji_2.sc","emoji_shade_thanks","Ghost",,,,"SPECIAL","EPIC","THANKS","Shade_Start_VO","3",,,,"1500","39","TRUE",,,,,,,,,"AVAILABLE"
"emoji_shade_clap",,,"sc/emoji_2.sc","emoji_shade_clap","Ghost",,,,"SPECIAL","RARE","CLAP","Colt_Pin_Clap","0",,,,"750","19","TRUE",,,,,,,,,"AVAILABLE"
"emoji_shade_phew",,,"sc/emoji_2.sc","emoji_shade_phew","Ghost",,,,"SPECIAL","EPIC","PHEW","Shade_Hurt_VO","2",,,,"1500","39","TRUE",,,,,,,,,"AVAILABLE"
"emoji_shade_facepalm",,,"sc/emoji_2.sc","emoji_shade_facepalm","Ghost",,,,"SPECIAL","COLLECTORS","FACEPALM",,,,,,,,"TRUE",,,,,,,"TrophyRewardsGhost","TRUE","NEVER"
"emoji_shade_special",,,"sc/emoji_2.sc","emoji_shade_special","Ghost",,,,"SPECIAL","EPIC","SPECIAL","Shade_Start_VO","3",,,,,,"TRUE",,,,,,,"TrophyRewardsGhost",,"NEVER"
"emoji_og_35",,,"sc/emoji_2.sc","emoji_og_35",,,,,"SPECIAL","COLLECTORS","SPECIAL",,,,,,,,"TRUE",,,,,,,,,"NEVER"
"emoji_spike_friend",,,"sc/emoji_2.sc","emoji_spike_friend",,,,,"SPECIAL","COLLECTORS","SPECIAL",,,,,,,,"TRUE",,,,,,,,,"NEVER"
"emoji_blingbox_1",,,"sc/emoji_2.sc","emoji_blingbox_1",,,,,"SPECIAL","COLLECTORS","SPECIAL",,,,,,,,"TRUE",,,,,,,,,"NEVER"
"emoji_blingbox_2",,,"sc/emoji_2.sc","emoji_blingbox_2",,,,,"SPECIAL","COLLECTORS","SPECIAL",,,,,,,,"TRUE",,,,,,,,,"NEVER"
"emoji_blingbox_3",,,"sc/emoji_2.sc","emoji_blingbox_3",,,,,"SPECIAL","COLLECTORS","SPECIAL",,,,,,,,"TRUE",,,,,,,,,"NEVER"
"emoji_blingbox_4",,,"sc/emoji_2.sc","emoji_blingbox_4",,,,,"SPECIAL","COLLECTORS","SPECIAL",,,,,,,,"TRUE",,,,,,,,,"NEVER"
"emoji_blingbox_5",,,"sc/emoji_2.sc","emoji_blingbox_5",,,,,"SPECIAL","COLLECTORS","SPECIAL",,,,,,,,"TRUE",,,,,,,,,"NEVER"
"emoji_zombie_box",,,"sc/emoji_2.sc","emoji_zombie_box",,,,,"SPECIAL","COLLECTORS","SPECIAL",,,,,,"1500","39","TRUE",,,,,,,,,"AVAILABLE"
"emoji_jessie_knightdark",,,"sc/emoji_2.sc","emoji_jessie_knightdark","Mechanic",,,,"DEFAULT","COLLECTORS","SPECIAL",,,,,,,,"TRUE",,,,,,,,,"NEVER"
"emoji_berry_overcharge",,,"sc/emoji_2.sc","emoji_berry_overcharge","Painter",,,,"SPECIAL","COLLECTORS","SPECIAL",,,,,,,,"TRUE",,,,,,,,,"NEVER"
"emoji_ash_overcharge",,,"sc/emoji_2.sc","emoji_ash_overcharge","Knight",,,,"SPECIAL","COLLECTORS","SPECIAL",,,,,,,,"TRUE",,,,,,,,,"NEVER"
"emoji_eve_overcharge",,,"sc/emoji_2.sc","emoji_eve_overcharge","Flea",,,,"SPECIAL","COLLECTORS","SPECIAL",,,,,,,,"TRUE",,,,,,,,,"NEVER"
"emoji_janet_overcharge",,,"sc/emoji_2.sc","emoji_janet_overcharge","JetpackGirl",,,,"SPECIAL","COLLECTORS","SPECIAL",,,,,,,,"TRUE",,,,,,,,,"NEVER"
"emoji_melodie_overcharge",,,"sc/emoji_2.sc","emoji_melodie_overcharge","AxeJuggler",,,,"SPECIAL","COLLECTORS","SPECIAL",,,,,,,,"TRUE",,,,,,,,,"NEVER"
"emoji_gray_overcharge",,,"sc/emoji_2.sc","emoji_gray_overcharge","DoorMan",,,,"SPECIAL","COLLECTORS","SPECIAL",,,,,,,,"TRUE",,,,,,,,,"NEVER"
"emoji_moe_starrforce",,,"sc/emoji_2.sc","emoji_moe_starrforce","Digger",,,,"SPECIAL","COLLECTORS","SPECIAL",,,,,,,,"TRUE",,,,,,,,,"NEVER"
"emoji_melody_goodrandoms_1",,,"sc/emoji_2.sc","emoji_melody_goodrandoms_1","AxeJuggler",,,,"SPECIAL","COLLECTORS","SPECIAL",,,,,,,,"TRUE",,,,"GOODRANDOMS",,,,,"NEVER"
"emoji_melody_goodrandoms_2",,,"sc/emoji_2.sc","emoji_melody_goodrandoms_2","AxeJuggler",,,,"SPECIAL","COLLECTORS","SPECIAL",,,,,,,,"TRUE",,,,"GOODRANDOMS",,,,,"NEVER"
"emoji_eve_starrforce",,,"sc/emoji_2.sc","emoji_eve_starrforce","Flea",,,,"SPECIAL","COLLECTORS","SPECIAL",,,,,,,,"TRUE",,,,,,,,,"NEVER"
"emoji_berry_starrforce",,,"sc/emoji_2.sc","emoji_berry_starrforce","Painter",,,,"SPECIAL","COLLECTORS","SPECIAL",,,,,,,,"TRUE",,,,,,,,,"NEVER"
"emoji_gray_starrforce",,,"sc/emoji_2.sc","emoji_gray_starrforce","DoorMan",,,,"SPECIAL","COLLECTORS","SPECIAL",,,,,,,,"TRUE",,,,,,,,,"NEVER"
"emoji_leon_esports",,,"sc/emoji_2.sc","emoji_leon_esports","Ninja",,,,"SPECIAL","COLLECTORS","SPECIAL",,,,,,,,"TRUE",,,,,,,,,"NEVER"
"emoji_bonnie_xmas",,,"sc/emoji_2.sc","emoji_bonnie_xmas","CannonGirl",,,,"SPECIAL","COLLECTORS","SPECIAL",,,,,,,,"TRUE",,,,,,,,,"NEVER"
"emoji_buzz_goodrandoms",,,"sc/emoji_2.sc","emoji_buzz_goodrandoms","RopeDude",,,,"SPECIAL","COLLECTORS","SPECIAL",,,,,,,,"TRUE",,,,,,,,,"NEVER"
"emoji_janet_xmas",,,"sc/emoji_2.sc","emoji_janet_xmas","JetpackGirl",,,,"SPECIAL","COLLECTORS","SPECIAL",,,,,,,,"TRUE",,,,,,,,,"NEVER"
"emoji_kit_toy",,,"sc/emoji_2.sc","emoji_kit_toy","Attacher",,,,"SPECIAL","COLLECTORS","SPECIAL",,,,,,,,"TRUE",,,,,,,,,"NEVER"
"emoji_melody_goodrandoms_3",,,"sc/emoji_2.sc","emoji_melody_goodrandoms_3","AxeJuggler",,,,"SPECIAL","COLLECTORS","SPECIAL",,,,,,,,"TRUE",,,,"GOODRANDOMS",,,,,"NEVER"
"emoji_mike_brawlentine",,,"sc/emoji_2.sc","emoji_mike_brawlentine","TntDude",,,,"SPECIAL","COLLECTORS","SPECIAL",,,,,,,,"TRUE",,,,,,,,,"NEVER"
"emoji_penny_toy",,,"sc/emoji_2.sc","emoji_penny_toy","ArtilleryDude",,,,"SPECIAL","COLLECTORS","SPECIAL",,,,,,,,"TRUE",,,,,,,,,"NEVER"
"emoji_poco_goodrandoms",,,"sc/emoji_2.sc","emoji_poco_goodrandoms","DeadMariachi",,,,"SPECIAL","COLLECTORS","SPECIAL",,,,,,,,"TRUE",,,,,,,,,"NEVER"
"emoji_stu_goodrandoms",,,"sc/emoji_2.sc","emoji_stu_goodrandoms","Roller",,,,"SPECIAL","COLLECTORS","SPECIAL",,,,,,,,"TRUE",,,,,,,,,"NEVER"
"emoji_champie_WC2024",,,"sc/emoji_2.sc","emoji_champie_WC2024",,,,,"SPECIAL","COLLECTORS","SPECIAL",,,,,,,,"TRUE",,,,"WF_2020",,,,,"NEVER"
"emoji_bp_goodrandoms_phew",,,"sc/emoji_2.sc","emoji_bp_goodrandoms_phew",,,,,"SPECIAL","COLLECTORS","PHEW",,,,,,"1500","39","TRUE",,,,"GOODRANDOMS",,,,,"AVAILABLE"
"emoji_bp_goodrandoms_sad",,,"sc/emoji_2.sc","emoji_bp_goodrandoms_sad",,,,,"SAD","COLLECTORS","SAD",,,,,,"1500","39","TRUE",,,,"GOODRANDOMS",,,,"TRUE","AVAILABLE"
"emoji_bp_goodrandoms_gg",,,"sc/emoji_2.sc","emoji_bp_goodrandoms_gg",,,,,"SPECIAL","COLLECTORS","GG",,,,,,"1500","39","TRUE",,,,"GOODRANDOMS",,,,,"AVAILABLE"
"emoji_bp_goodrandoms_special",,,"sc/emoji_2.sc","emoji_bp_goodrandoms_special",,,,,"SPECIAL","COLLECTORS","SPECIAL",,,,,,"1500","39","TRUE",,,,"GOODRANDOMS",,,,,"AVAILABLE"
"emoji_bp_goodrandoms_angry",,,"sc/emoji_2.sc","emoji_bp_goodrandoms_angry",,,,,"ANGRY","COLLECTORS","ANGRY",,,,,,"1500","39","TRUE",,,,"GOODRANDOMS",,,,"TRUE","AVAILABLE"
"emoji_bp_goodrandoms",,,"sc/emoji_2.sc","emoji_bp_goodrandoms",,,,,"DEFAULT","COLLECTORS","DEFAULT",,,,,,"1500","39","TRUE",,,,"GOODRANDOMS",,,,,"AVAILABLE"
"emoji_bp_goodrandoms_happy",,,"sc/emoji_2.sc","emoji_bp_goodrandoms_happy",,,,,"HAPPY","COLLECTORS","HAPPY",,,,,,"1500","39","TRUE",,,,"GOODRANDOMS",,,,,"AVAILABLE"
"emoji_bp_goodrandoms_thanks",,,"sc/emoji_2.sc","emoji_bp_goodrandoms_thanks",,,,,"SPECIAL","COLLECTORS","THANKS",,,,,,"1500","39","TRUE",,,,"GOODRANDOMS",,,,,"AVAILABLE"
"emoji_bp_goodrandoms_clap",,,"sc/emoji_2.sc","emoji_bp_goodrandoms_clap",,,,,"SPECIAL","COLLECTORS","CLAP",,,,,,"1500","39","TRUE",,,,"GOODRANDOMS",,,,,"AVAILABLE"
"emoji_bo_brawlentine",,,"sc/emoji_2.sc","emoji_bo_brawlentine","BowDude",,,,"SPECIAL","COLLECTORS","SPECIAL",,,,,,,,"TRUE",,,,,,,,,"NEVER"
"emoji_kenji_starrforce",,,"sc/emoji_2.sc","emoji_kenji_starrforce","Samurai",,,,"SPECIAL","COLLECTORS","SPECIAL",,,,,,,,"TRUE",,,,"STARRFORCE",,,,,"NEVER"
"emoji_kenji_starrforce_purple",,,"sc/emoji_2.sc","emoji_kenji_starrforce_purple","Samurai",,,,"SPECIAL","COLLECTORS","SPECIAL",,,,,,,,"TRUE",,,,"STARRFORCE",,,,,"NEVER"
"emoji_kenji_starrforce_red",,,"sc/emoji_2.sc","emoji_kenji_starrforce_red","Samurai",,,,"SPECIAL","COLLECTORS","SPECIAL",,,,,,,,"TRUE",,,,"STARRFORCE",,,,,"NEVER"
"emoji_nita_starrforce",,,"sc/emoji_2.sc","emoji_nita_starrforce","Shaman",,,,"SPECIAL","COLLECTORS","SPECIAL",,,,,,,,"TRUE",,,,,,,,,"NEVER"
"emoji_lola_toy",,,"sc/emoji_2.sc","emoji_lola_toy","Duplicator",,,,"SPECIAL","COLLECTORS","SPECIAL",,,,,,,,"TRUE",,,,,,,,,"NEVER"
"emoji_bp_starrforce",,,"sc/emoji_2.sc","emoji_bp_starrforce",,,,,"DEFAULT","COLLECTORS","DEFAULT",,,,,,"1500","39","TRUE",,,,"STARRFORCE",,,,,"AVAILABLE"
"emoji_bp_starrforce_sad",,,"sc/emoji_2.sc","emoji_bp_starrforce_sad",,,,,"SAD","COLLECTORS","SAD",,,,,,"1500","39","TRUE",,,,"STARRFORCE",,,,,"AVAILABLE"
"emoji_bp_starrforce_happy",,,"sc/emoji_2.sc","emoji_bp_starrforce_happy",,,,,"HAPPY","COLLECTORS","HAPPY",,,,,,"1500","39","TRUE",,,,"STARRFORCE",,,,,"AVAILABLE"
"emoji_bp_starrforce_angry",,,"sc/emoji_2.sc","emoji_bp_starrforce_angry",,,,,"ANGRY","COLLECTORS","ANGRY",,,,,,"1500","39","TRUE",,,,"STARRFORCE",,,,,"AVAILABLE"
"emoji_bp_starrforce_thanks",,,"sc/emoji_2.sc","emoji_bp_starrforce_thanks",,,,,"SPECIAL","COLLECTORS","THANKS",,,,,,"1500","39","TRUE",,,,"STARRFORCE",,,,,"AVAILABLE"
"emoji_bp_starrforce_phew",,,"sc/emoji_2.sc","emoji_bp_starrforce_phew",,,,,"SPECIAL","COLLECTORS","PHEW",,,,,,"1500","39","TRUE",,,,"STARRFORCE",,,,,"AVAILABLE"
"emoji_bp_starrforce_gg",,,"sc/emoji_2.sc","emoji_bp_starrforce_gg",,,,,"SPECIAL","COLLECTORS","GG",,,,,,"1500","39","TRUE",,,,"STARRFORCE",,,,,"AVAILABLE"
"emoji_bp_starrforce_clap",,,"sc/emoji_2.sc","emoji_bp_starrforce_clap",,,,,"SPECIAL","COLLECTORS","CLAP",,,,,,"1500","39","TRUE",,,,"STARRFORCE",,,,,"AVAILABLE"
"emoji_bp_starrforce_special",,,"sc/emoji_2.sc","emoji_bp_starrforce_special",,,,,"SPECIAL","COLLECTORS","SPECIAL",,,,,,"1500","39","TRUE",,,,"STARRFORCE",,,,,"AVAILABLE"
"emoji_surge_ts",,,"sc/emoji_2.sc","emoji_surge_ts","PowerLeveler",,,,"DEFAULT","COLLECTORS","DEFAULT","Surge_Lightyear_Start_VO","3",,,,,,"TRUE",,,,,,,,,"NEVER"
"emoji_surge_ts_angry",,,"sc/emoji_2.sc","emoji_surge_ts_angry","PowerLeveler",,,,"ANGRY","COLLECTORS","ANGRY","Surge_Lightyear_Die_VO","6",,,,,,"TRUE",,,,,,,,"TRUE","NEVER"
"emoji_surge_ts_clap",,,"sc/emoji_2.sc","emoji_surge_ts_clap","PowerLeveler",,,,"SPECIAL","COLLECTORS","CLAP","Colt_Pin_Clap","0",,,,,,"TRUE",,,,,,,,,"NEVER"
"emoji_surge_ts_happy",,,"sc/emoji_2.sc","emoji_surge_ts_happy","PowerLeveler",,,,"HAPPY","COLLECTORS","HAPPY","Surge_Lightyear_Kill_VO","2",,,,,,"TRUE",,,,,,,,,"NEVER"
"emoji_surge_ts_phew",,,"sc/emoji_2.sc","emoji_surge_ts_phew","PowerLeveler",,,,"SPECIAL","COLLECTORS","PHEW","Surge_Lightyear_Hurt_VO","4",,,,,,"TRUE",,,,,,,,,"NEVER"
"emoji_surge_ts_sad",,,"sc/emoji_2.sc","emoji_surge_ts_sad","PowerLeveler",,,,"SAD","COLLECTORS","SAD","Surge_Lightyear_Die_VO","8",,,,,,"TRUE",,,,,,,,"TRUE","NEVER"
"emoji_surge_ts_special",,,"sc/emoji_2.sc","emoji_surge_ts_special","PowerLeveler",,,,"SPECIAL","COLLECTORS","SPECIAL","Surge_Lightyear_Start_VO","7",,,,,,"TRUE",,,,,,,,,"NEVER"
"emoji_surge_ts_thanks",,,"sc/emoji_2.sc","emoji_surge_ts_thanks","PowerLeveler",,,,"SPECIAL","COLLECTORS","THANKS","Surge_Lightyear_Kill_VO","5",,,,,,"TRUE",,,,,,,,,"NEVER"
"emoji_surge_ts_gg",,,"sc/emoji_2.sc","emoji_surge_ts_gg","PowerLeveler",,,,"SPECIAL","COLLECTORS","GG","Surge_Lightyear_Lead_VO","1",,,,,,"TRUE",,,,,,,,,"NEVER"
"emoji_buzzlightyear",,,"sc/emoji_2.sc","emoji_buzzlightyear","Lightyear",,,,"DEFAULT","DEFAULT","DEFAULT",,,,,,,,"TRUE",,,,"TOYSTORY",,,,,"NEVER"
"emoji_buzzlightyear_sad",,,"sc/emoji_2.sc","emoji_buzzlightyear_sad",,,,,"SAD","COLLECTORS","SAD",,,,,,,,"TRUE",,,,"TOYSTORY",,,,"TRUE","NEVER"
"emoji_buzzlightyear_angry",,,"sc/emoji_2.sc","emoji_buzzlightyear_angry",,,,,"ANGRY","COLLECTORS","ANGRY",,,,,,,,"TRUE",,,,"TOYSTORY",,,,,"NEVER"
"emoji_colt_ts",,,"sc/emoji_2.sc","emoji_colt_ts","Gunslinger",,,,"SPECIAL","COLLECTORS","SPECIAL",,,,,,,,"TRUE",,,,,,,,,"NEVER"
"emoji_bibi_ts",,,"sc/emoji_2.sc","emoji_bibi_ts","Baseball",,,,"SPECIAL","COLLECTORS","SPECIAL",,,,,,,,"TRUE",,,,,,,,,"NEVER"
"emoji_jessie_ts",,,"sc/emoji_2.sc","emoji_jessie_ts","Mechanic",,,,"SPECIAL","COLLECTORS","SPECIAL",,,,,,,,"TRUE",,,,,,,,,"NEVER"
"emoji_ts_zurg",,,"sc/emoji_2.sc","emoji_ts_zurg",,,,,"SPECIAL","COLLECTORS","SPECIAL",,,,,,,,"TRUE",,,,"TOYSTORY",,,,,"NEVER"
"emoji_ts_alien",,,"sc/emoji_2.sc","emoji_ts_alien",,,,,"SPECIAL","COLLECTORS","SPECIAL",,,,,,,,"TRUE",,,,"TOYSTORY",,,,,"NEVER"
"emoji_ts_pig",,,"sc/emoji_2.sc","emoji_ts_pig",,,,,"SPECIAL","COLLECTORS","SPECIAL",,,,,,,,"TRUE",,,,"TOYSTORY",,,,,"NEVER"
"emoji_ts_forky",,,"sc/emoji_2.sc","emoji_ts_forky",,,,,"SPECIAL","COLLECTORS","SPECIAL",,,,,,,,"TRUE",,,,"TOYSTORY",,,,,"NEVER"
"emoji_ts_cone",,,"sc/emoji_2.sc","emoji_ts_cone",,,,,"SPECIAL","COLLECTORS","SPECIAL",,,,,,,,"TRUE",,,,"TOYSTORY",,,,,"NEVER"
"emoji_ts_rex",,,"sc/emoji_2.sc","emoji_ts_rex",,,,,"SPECIAL","COLLECTORS","SPECIAL",,,,,,,,"TRUE",,,,"TOYSTORY",,,,,"NEVER"
"emoji_meeple",,,"sc/emoji_2.sc","emoji_meeple","Meeple",,,,"DEFAULT","DEFAULT","DEFAULT","Meeple_Start_VO","0",,,,,,"TRUE",,,,,,,,,"NEVER"
"emoji_meeple_sad",,,"sc/emoji_2.sc","emoji_meeple_sad","Meeple",,,,"SAD","COMMON","SAD","Meeple_Dies_VO","0",,,,"375","9","TRUE",,,,,,,,"TRUE","AVAILABLE"
"emoji_meeple_angry",,,"sc/emoji_2.sc","emoji_meeple_angry","Meeple",,,,"ANGRY","COMMON","ANGRY","Meeple_Hurt_VO","1",,,,"375","9","TRUE",,,,,,,,"TRUE","AVAILABLE"
"emoji_meeple_happy",,,"sc/emoji_2.sc","emoji_meeple_happy","Meeple",,,,"HAPPY","COMMON","HAPPY","Meeple_Lead_VO","10",,,,,,"TRUE",,,,,,,"TrophyRewardsMeeple",,"NEVER"
"emoji_meeple_clap",,,"sc/emoji_2.sc","emoji_meeple_clap","Meeple",,,,"SPECIAL","RARE","CLAP","Colt_Pin_Clap","0",,,,"750","19","TRUE",,,,,,,,,"AVAILABLE"
"emoji_meeple_thanks",,,"sc/emoji_2.sc","emoji_meeple_thanks","Meeple",,,,"SPECIAL","EPIC","THANKS","Meeple_Lead_VO","9",,,,"1500","39","TRUE",,,,,,,,,"AVAILABLE"
"emoji_meeple_gg",,,"sc/emoji_2.sc","emoji_meeple_gg","Meeple",,,,"SPECIAL","RARE","GG","Meeple_Lead_VO","8",,,,"750","19","TRUE",,,,,,,,,"AVAILABLE"
"emoji_meeple_facepalm",,,"sc/emoji_2.sc","emoji_meeple_facepalm","Meeple",,,,"SPECIAL","COLLECTORS","FACEPALM",,,,,,,,"TRUE",,,,,,,"TrophyRewardsMeeple","TRUE","NEVER"
"emoji_meeple_phew",,,"sc/emoji_2.sc","emoji_meeple_phew","Meeple",,,,"SPECIAL","EPIC","PHEW","Meeple_Hurt_VO","5",,,,"1500","39","TRUE",,,,,,,,,"AVAILABLE"
"emoji_meeple_special",,,"sc/emoji_2.sc","emoji_meeple_special","Meeple",,,,"SPECIAL","EPIC","SPECIAL","Meeple_Start_VO","4",,,,,,"TRUE",,,,,,,"TrophyRewardsMeeple",,"NEVER"
"emoji_ollie",,,"sc/emoji_2.sc","emoji_ollie","Skater",,,,"DEFAULT","DEFAULT","DEFAULT","Ollie_Start_VO","2",,,,,,"TRUE",,,,,,,,,"NEVER"
"emoji_ollie_happy",,,"sc/emoji_2.sc","emoji_ollie_happy","Skater",,,,"HAPPY","COMMON","HAPPY","Ollie_Kill_VO","6",,,,,,"TRUE",,,,,,,"TrophyRewardsSkater",,"NEVER"
"emoji_ollie_sad",,,"sc/emoji_2.sc","emoji_ollie_sad","Skater",,,,"SAD","COMMON","SAD","Ollie_Die_VO","8",,,,"375","9","TRUE",,,,,,,,"TRUE","AVAILABLE"
"emoji_ollie_angry",,,"sc/emoji_2.sc","emoji_ollie_angry","Skater",,,,"ANGRY","COMMON","ANGRY","Ollie_Hurt_VO","3",,,,"375","9","TRUE",,,,,,,,"TRUE","AVAILABLE"
"emoji_ollie_gg",,,"sc/emoji_2.sc","emoji_ollie_gg","Skater",,,,"SPECIAL","RARE","GG","Ollie_Start_VO","1",,,,"750","19","TRUE",,,,,,,,,"AVAILABLE"
"emoji_ollie_thanks",,,"sc/emoji_2.sc","emoji_ollie_thanks","Skater",,,,"SPECIAL","EPIC","THANKS","Ollie_Lead_VO","5",,,,"1500","39","TRUE",,,,,,,,,"AVAILABLE"
"emoji_ollie_phew",,,"sc/emoji_2.sc","emoji_ollie_phew","Skater",,,,"SPECIAL","EPIC","PHEW","Ollie_Hurt_VO","7",,,,"1500","39","TRUE",,,,,,,,,"AVAILABLE"
"emoji_ollie_facepalm",,,"sc/emoji_2.sc","emoji_ollie_facepalm","Skater",,,,"SPECIAL","COLLECTORS","FACEPALM","Ollie_Kill_VO","5",,,,,,"TRUE",,,,,,,"TrophyRewardsSkater","TRUE","NEVER"
"emoji_ollie_special",,,"sc/emoji_2.sc","emoji_ollie_special","Skater",,,,"SPECIAL","EPIC","SPECIAL","Ollie_Start_VO","13",,,,,,"TRUE",,,,,,,"TrophyRewardsSkater",,"NEVER"
"emoji_ollie_clap",,,"sc/emoji_2.sc","emoji_ollie_clap","Skater",,,,"SPECIAL","RARE","CLAP","Colt_Pin_Clap","0",,,,"750","19","TRUE",,,,,,,,,"AVAILABLE"
"emoji_dynamike_xmas_blue",,,"sc/emoji_2.sc","emoji_dynamike_xmas_blue","TntDude",,,,"DEFAULT","COLLECTORS","SPECIAL",,,,,,,,"TRUE",,,,"BRAWLIDAYS",,,,,"NEVER"
"emoji_nita_xmas_red",,,"sc/emoji_2.sc","emoji_nita_xmas_red","Shaman",,,,"DEFAULT","COLLECTORS","SPECIAL",,,,,,,,"TRUE",,,,"BRAWLIDAYS",,,,,"NEVER"
"emoji_starrforce_1",,,"sc/emoji_2.sc","emoji_starrforce_1",,,,,"SPECIAL","COLLECTORS","SPECIAL",,,,,,"1500","39","TRUE",,,,"STARRFORCE",,,,,"AVAILABLE"
"emoji_starrforce_2",,,"sc/emoji_2.sc","emoji_starrforce_2",,,,,"SPECIAL","COLLECTORS","SPECIAL",,,,,,"1500","39","TRUE",,,,"STARRFORCE",,,,,"AVAILABLE"
"emoji_champie_gingerbread",,,"sc/emoji_2.sc","emoji_champie_gingerbread",,,,,"SPECIAL","COLLECTORS","SPECIAL",,,,,,,,"TRUE",,,,"BRAWLIDAYS",,,,,"NEVER"
"emoji_arcade_pizza",,,"sc/emoji_2.sc","emoji_arcade_pizza",,,,,"SPECIAL","COLLECTORS","SPECIAL",,,,,,,,"TRUE",,,,"MEAL",,,,,"NEVER"
"emoji_lny_orange",,,"sc/emoji_2.sc","emoji_lny_orange",,,,,"SPECIAL","COLLECTORS","SPECIAL",,,,,,"1500","39","TRUE",,,,"LNY",,,,,"AVAILABLE"
"emoji_lny_gold",,,"sc/emoji_2.sc","emoji_lny_gold",,,,,"SPECIAL","COLLECTORS","SPECIAL",,,,,,"1500","39","TRUE",,,,"LNY",,,,,"AVAILABLE"
"emoji_lny_snake",,,"sc/emoji_2.sc","emoji_lny_snake",,,,,"SPECIAL","COLLECTORS","SPECIAL",,,,,,"1500","39","TRUE",,,,"LNY",,,,,"AVAILABLE"
"emoji_bp_sandsoftime2_angry",,,"sc/emoji_2.sc","emoji_bp_sandsoftime2_angry",,,,,"ANGRY","COLLECTORS","ANGRY",,,,,,"1500","39","TRUE",,,,"DARKSANDS",,,,"TRUE","AVAILABLE"
"emoji_bp_sandsoftime2_phew",,,"sc/emoji_2.sc","emoji_bp_sandsoftime2_phew",,,,,"SPECIAL","COLLECTORS","PHEW",,,,,,"1500","39","TRUE",,,,"DARKSANDS",,,,,"AVAILABLE"
"emoji_bp_sandsoftime2_happy",,,"sc/emoji_2.sc","emoji_bp_sandsoftime2_happy",,,,,"HAPPY","COLLECTORS","HAPPY",,,,,,"1500","39","TRUE",,,,"DARKSANDS",,,,,"AVAILABLE"
"emoji_bp_sandsoftime2_clap",,,"sc/emoji_2.sc","emoji_bp_sandsoftime2_clap",,,,,"SPECIAL","COLLECTORS","CLAP",,,,,,"1500","39","TRUE",,,,"DARKSANDS",,,,,"AVAILABLE"
"emoji_bp_sandsoftime2_special",,,"sc/emoji_2.sc","emoji_bp_sandsoftime2_special",,,,,"SPECIAL","COLLECTORS","SPECIAL",,,,,,"1500","39","TRUE",,,,"DARKSANDS",,,,,"AVAILABLE"
"emoji_bp_sandsoftime2_thanks",,,"sc/emoji_2.sc","emoji_bp_sandsoftime2_thanks",,,,,"SPECIAL","COLLECTORS","THANKS",,,,,,"1500","39","TRUE",,,,"DARKSANDS",,,,,"AVAILABLE"
"emoji_bp_sandsoftime2_gg",,,"sc/emoji_2.sc","emoji_bp_sandsoftime2_gg",,,,,"SPECIAL","COLLECTORS","GG",,,,,,"1500","39","TRUE",,,,"DARKSANDS",,,,,"AVAILABLE"
"emoji_bp_sandsoftime2_sad",,,"sc/emoji_2.sc","emoji_bp_sandsoftime2_sad",,,,,"SAD","COLLECTORS","SAD",,,,,,"1500","39","TRUE",,,,"DARKSANDS",,,,"TRUE","AVAILABLE"
"emoji_bp_sandsoftime2",,,"sc/emoji_2.sc","emoji_bp_sandsoftime2",,,,,"DEFAULT","COLLECTORS","DEFAULT",,,,,,"1500","39","TRUE",,,,"DARKSANDS",,,,,"AVAILABLE"
"emoji_grom_overcharge",,,"sc/emoji_2.sc","emoji_grom_overcharge","CrossBomber",,,,"SPECIAL","COLLECTORS","SPECIAL",,,,,,,,"TRUE",,,,,,,,,"NEVER"
"emoji_cameron_overcharge",,,"sc/emoji_2.sc","emoji_cameron_overcharge","ShieldTank",,,,"SPECIAL","COLLECTORS","SPECIAL",,,,,,,,"TRUE",,,,,,,,,"NEVER"
"emoji_carl_overcharge",,,"sc/emoji_2.sc","emoji_carl_overcharge","Whirlwind",,,,"SPECIAL","COLLECTORS","SPECIAL",,,,,,,,"TRUE",,,,,,,,,"NEVER"
"emoji_bronson_overcharge",,,"sc/emoji_2.sc","emoji_bronson_overcharge","WeaponThrower",,,,"SPECIAL","COLLECTORS","SPECIAL",,,,,,,,"TRUE",,,,,,,,,"NEVER"
"emoji_chester_overcharge",,,"sc/emoji_2.sc","emoji_chester_overcharge","Jester",,,,"SPECIAL","COLLECTORS","SPECIAL",,,,,,,,"TRUE",,,,,,,,,"NEVER"
"emoji_mandy_overcharge",,,"sc/emoji_2.sc","emoji_mandy_overcharge","Beamer",,,,"SPECIAL","COLLECTORS","SPECIAL",,,,,,,,"TRUE",,,,,,,,,"NEVER"
"emoji_mrp_overcharge",,,"sc/emoji_2.sc","emoji_mrp_overcharge","SpawnerDude",,,,"SPECIAL","COLLECTORS","SPECIAL",,,,,,,,"TRUE",,,,,,,,,"NEVER"
"emoji_lilit_overcharge",,,"sc/emoji_2.sc","emoji_lilit_overcharge","FishTank",,,,"SPECIAL","COLLECTORS","SPECIAL",,,,,,,,"TRUE",,,,,,,,,"NEVER"
"emoji_meg_overcharge",,,"sc/emoji_2.sc","emoji_meg_overcharge","MechaDude",,,,"SPECIAL","COLLECTORS","SPECIAL",,,,,,,,"TRUE",,,,,,,,,"NEVER"
"emoji_bea_overcharge",,,"sc/emoji_2.sc","emoji_bea_overcharge","BeeSniper",,,,"SPECIAL","COLLECTORS","SPECIAL",,,,,,,,"TRUE",,,,,,,,,"NEVER"
"emoji_lolla_overcharge",,,"sc/emoji_2.sc","emoji_lolla_overcharge","Duplicator",,,,"SPECIAL","COLLECTORS","SPECIAL",,,,,,,,"TRUE",,,,,,,,,"NEVER"
"emoji_bo_overcharge",,,"sc/emoji_2.sc","emoji_bo_overcharge","BowDude",,,,"SPECIAL","COLLECTORS","SPECIAL",,,,,,,,"TRUE",,,,,,,,,"NEVER"
"emoji_ruffs_sandsoftime2",,,"sc/emoji_2.sc","emoji_ruffs_sandsoftime2","Ruffs",,,,"DEFAULT","COLLECTORS","SPECIAL",,,,,,,,"TRUE",,,,,,,,,"NEVER"
"emoji_shelly_princes",,,"sc/emoji_2.sc","emoji_shelly_princes","ShotgunGirl",,,,"DEFAULT","COLLECTORS","SPECIAL",,,,,,,,"TRUE",,,,,,,,,"NEVER"
"emoji_mandy_carnival",,,"sc/emoji_2.sc","emoji_mandy_carnival","Beamer",,,,"DEFAULT","COLLECTORS","SPECIAL",,,,,,,,"TRUE",,,,,,,,,"NEVER"
"emoji_bull_spaceox",,,"sc/emoji_2.sc","emoji_bull_spaceox","BullDude",,,,"DEFAULT","COLLECTORS","SPECIAL",,,,,,,,"TRUE",,,,,,,,,"NEVER"
"emoji_brock_lunar",,,"sc/emoji_2.sc","emoji_brock_lunar","RocketGirl",,,,"DEFAULT","COLLECTORS","SPECIAL",,,,,,,,"TRUE",,,,,,,,,"NEVER"
"emoji_sandsoftime2_catgod",,,"sc/emoji_2.sc","emoji_sandsoftime2_catgod",,,,,"SPECIAL","COLLECTORS","SPECIAL",,,,,,"1500","39","TRUE",,,,"DARKSANDS",,,,,"AVAILABLE"
"emoji_sandsoftime2_mummy",,,"sc/emoji_2.sc","emoji_sandsoftime2_mummy",,,,,"SPECIAL","COLLECTORS","SPECIAL",,,,,,"1500","39","TRUE",,,,"DARKSANDS",,,,,"AVAILABLE"
"emoji_sandsoftime2_pyramid",,,"sc/emoji_2.sc","emoji_sandsoftime2_pyramid",,,,,"SPECIAL","COLLECTORS","SPECIAL",,,,,,"1500","39","TRUE",,,,"DARKSANDS",,,,,"AVAILABLE"
"emoji_squeak_sandsoftime2",,,"sc/emoji_2.sc","emoji_squeak_sandsoftime2","StickyBomb",,,,"DEFAULT","COLLECTORS","SPECIAL",,,,,,,,"TRUE",,,,,,,,,"NEVER"
"emoji_juju_sandsoftime2",,,"sc/emoji_2.sc","emoji_juju_sandsoftime2","Voodoo",,,,"DEFAULT","COLLECTORS","SPECIAL",,,,,,,,"TRUE",,,,,,,,,"NEVER"
"emoji_meeple_sandsoftime2",,,"sc/emoji_2.sc","emoji_meeple_sandsoftime2","Meeple",,,,"DEFAULT","COLLECTORS","SPECIAL",,,,,,,,"TRUE",,,,,,,,,"NEVER"
"emoji_bp_superheroes",,,"sc/emoji_2.sc","emoji_bp_superheroes",,,,,"DEFAULT","COLLECTORS","DEFAULT",,,,,,"1500","39","TRUE",,,,"SUPERHEROES",,,,,"AVAILABLE"
"emoji_bp_superheroes_sad",,,"sc/emoji_2.sc","emoji_bp_superheroes_sad",,,,,"SAD","COLLECTORS","SAD",,,,,,"1500","39","TRUE",,,,"SUPERHEROES",,,,"TRUE","AVAILABLE"
"emoji_bp_superheroes_happy",,,"sc/emoji_2.sc","emoji_bp_superheroes_happy",,,,,"HAPPY","COLLECTORS","HAPPY",,,,,,"1500","39","TRUE",,,,"SUPERHEROES",,,,,"AVAILABLE"
"emoji_bp_superheroes_angry",,,"sc/emoji_2.sc","emoji_bp_superheroes_angry",,,,,"ANGRY","COLLECTORS","ANGRY",,,,,,"1500","39","TRUE",,,,"SUPERHEROES",,,,"TRUE","AVAILABLE"
"emoji_bp_superheroes_thanks",,,"sc/emoji_2.sc","emoji_bp_superheroes_thanks",,,,,"SPECIAL","COLLECTORS","THANKS",,,,,,"1500","39","TRUE",,,,"SUPERHEROES",,,,,"AVAILABLE"
"emoji_bp_superheroes_phew",,,"sc/emoji_2.sc","emoji_bp_superheroes_phew",,,,,"SPECIAL","COLLECTORS","PHEW",,,,,,"1500","39","TRUE",,,,"SUPERHEROES",,,,,"AVAILABLE"
"emoji_bp_superheroes_gg",,,"sc/emoji_2.sc","emoji_bp_superheroes_gg",,,,,"SPECIAL","COLLECTORS","GG",,,,,,"1500","39","TRUE",,,,"SUPERHEROES",,,,,"AVAILABLE"
"emoji_bp_superheroes_clap",,,"sc/emoji_2.sc","emoji_bp_superheroes_clap",,,,,"SPECIAL","COLLECTORS","CLAP",,,,,,"1500","39","TRUE",,,,"SUPERHEROES",,,,,"AVAILABLE"
"emoji_bp_superheroes_special",,,"sc/emoji_2.sc","emoji_bp_superheroes_special",,,,,"SPECIAL","COLLECTORS","SPECIAL",,,,,,"1500","39","TRUE",,,,"SUPERHEROES",,,,,"AVAILABLE"
"emoji_surge_kong",,,"sc/emoji_2.sc","emoji_surge_kong","PowerLeveler",,,,"DEFAULT","COLLECTORS","SPECIAL",,,,,,,,"TRUE",,,,,,,,,"NEVER"
"emoji_lumi",,,"sc/emoji_2.sc","emoji_lumi","Morningstar",,,,"DEFAULT","DEFAULT","DEFAULT","Lumi_Lead_VO","0",,,,,,"TRUE",,,,,,,,,"NEVER"
"emoji_lumi_happy",,,"sc/emoji_2.sc","emoji_lumi_happy","Morningstar",,,,"HAPPY","COMMON","HAPPY","Lumi_Lead_VO","1",,,,,,"TRUE",,,,,,,"TrophyRewardsMorningstar",,"NEVER"
"emoji_lumi_sad",,,"sc/emoji_2.sc","emoji_lumi_sad","Morningstar",,,,"SAD","COMMON","SAD","Lumi_Die_VO","1",,,,"375","9","TRUE",,,,,,,,"TRUE","AVAILABLE"
"emoji_lumi_angry",,,"sc/emoji_2.sc","emoji_lumi_angry","Morningstar",,,,"ANGRY","COMMON","ANGRY","Lumi_Start_VO","5",,,,"375","9","TRUE",,,,,,,,"TRUE","AVAILABLE"
"emoji_lumi_gg",,,"sc/emoji_2.sc","emoji_lumi_gg","Morningstar",,,,"SPECIAL","RARE","GG","Lumi_Lead_VO","5",,,,"750","19","TRUE",,,,,,,,,"AVAILABLE"
"emoji_lumi_thanks",,,"sc/emoji_2.sc","emoji_lumi_thanks","Morningstar",,,,"SPECIAL","EPIC","THANKS","Lumi_Kill_VO","6",,,,"1500","39","TRUE",,,,,,,,,"AVAILABLE"
"emoji_lumi_phew",,,"sc/emoji_2.sc","emoji_lumi_phew","Morningstar",,,,"SPECIAL","EPIC","PHEW","Lumi_Hurt_VO","4",,,,"1500","39","TRUE",,,,,,,,,"AVAILABLE"
"emoji_lumi_facepalm",,,"sc/emoji_2.sc","emoji_lumi_facepalm","Morningstar",,,,"SPECIAL","COLLECTORS","FACEPALM","Lumi_Die_VO","2",,,,,,"TRUE",,,,,,,"TrophyRewardsMorningstar","TRUE","NEVER"
"emoji_lumi_special",,,"sc/emoji_2.sc","emoji_lumi_special","Morningstar",,,,"SPECIAL","EPIC","SPECIAL","Lumi_Start_VO","3",,,,,,"TRUE",,,,,,,"TrophyRewardsMorningstar",,"NEVER"
"emoji_lumi_clap",,,"sc/emoji_2.sc","emoji_lumi_clap","Morningstar",,,,"SPECIAL","RARE","CLAP","Colt_Pin_Clap","0",,,,"750","19","TRUE",,,,,,,,,"AVAILABLE"
"emoji_finn",,,"sc/emoji_2.sc","emoji_finn","Chronomancer",,,,"DEFAULT","DEFAULT","DEFAULT","Finx_Lead_VO","2",,,,,,"TRUE",,,,,,,,,"NEVER"
"emoji_finn_thanks",,,"sc/emoji_2.sc","emoji_finn_thanks","Chronomancer",,,,"SPECIAL","EPIC","THANKS","Finx_Start_VO","6",,,,"1500","39","TRUE",,,,,,,,,"AVAILABLE"
"emoji_finn_special",,,"sc/emoji_2.sc","emoji_finn_special","Chronomancer",,,,"SPECIAL","EPIC","SPECIAL","Finx_Start_VO","5",,,,,,"TRUE",,,,,,,"TrophyRewardsChronomancer",,"NEVER"
"emoji_finn_sad",,,"sc/emoji_2.sc","emoji_finn_sad","Chronomancer",,,,"SAD","COMMON","SAD","Finx_Die_VO","6",,,,"375","9","TRUE",,,,,,,,"TRUE","AVAILABLE"
"emoji_finn_phew",,,"sc/emoji_2.sc","emoji_finn_phew","Chronomancer",,,,"SPECIAL","EPIC","PHEW","Finx_Hurt_VO","7",,,,"1500","39","TRUE",,,,,,,,,"AVAILABLE"
"emoji_finn_happy",,,"sc/emoji_2.sc","emoji_finn_happy","Chronomancer",,,,"HAPPY","COMMON","HAPPY","Finx_Kill_VO","11",,,,,,"TRUE",,,,,,,"TrophyRewardsChronomancer",,"NEVER"
"emoji_finn_gg",,,"sc/emoji_2.sc","emoji_finn_gg","Chronomancer",,,,"SPECIAL","RARE","GG","Finx_Lead_VO","6",,,,"750","19","TRUE",,,,,,,,,"AVAILABLE"
"emoji_finn_facepalm",,,"sc/emoji_2.sc","emoji_finn_facepalm","Chronomancer",,,,"SPECIAL","COLLECTORS","FACEPALM","Finx_Start_VO","4",,,,,,"TRUE",,,,,,,"TrophyRewardsChronomancer","TRUE","NEVER"
"emoji_finn_clap",,,"sc/emoji_2.sc","emoji_finn_clap","Chronomancer",,,,"SPECIAL","RARE","CLAP","Colt_Pin_Clap","0",,,,"750","19","TRUE",,,,,,,,,"AVAILABLE"
"emoji_finn_angry",,,"sc/emoji_2.sc","emoji_finn_angry","Chronomancer",,,,"ANGRY","COMMON","ANGRY","Finx_Die_VO","3",,,,"375","9","TRUE",,,,,,,,"TRUE","AVAILABLE"
"emoji_sam_super",,,"sc/emoji_2.sc","emoji_sam_super","WeaponThrower",,,,"DEFAULT","COLLECTORS","SPECIAL",,,,,,,,"TRUE",,,,,,,,,"NEVER"
"emoji_ruffs_marshal",,,"sc/emoji_2.sc","emoji_ruffs_marshal","Ruffs",,,,"DEFAULT","COLLECTORS","SPECIAL",,,,,,,,"TRUE",,,,,,,,,"NEVER"
"emoji_primo_elrudo",,,"sc/emoji_2.sc","emoji_primo_elrudo","Luchador",,,,"DEFAULT","COLLECTORS","SPECIAL",,,,,,,,"TRUE",,,,,,,,,"NEVER"
"emoji_ollie_sandsoftime2",,,"sc/emoji_2.sc","emoji_ollie_sandsoftime2","Skater",,,,"DEFAULT","COLLECTORS","SPECIAL",,,,,,,,"TRUE",,,,,,,,,"NEVER"
"emoji_grom_super",,,"sc/emoji_2.sc","emoji_grom_super","CrossBomber",,,,"DEFAULT","COLLECTORS","SPECIAL",,,,,,,,"TRUE",,,,,,,,,"NEVER"
"emoji_frank_sandsoftime2",,,"sc/emoji_2.sc","emoji_frank_sandsoftime2","HammerDude",,,,"DEFAULT","COLLECTORS","SPECIAL",,,,,,,,"TRUE",,,,,,,,,"NEVER"
"emoji_daryl_mascot",,,"sc/emoji_2.sc","emoji_daryl_mascot","BarrelBot",,,,"DEFAULT","COLLECTORS","SPECIAL",,,,,,,,"TRUE",,,,,,,,,"NEVER"
"emoji_chuck_super",,,"sc/emoji_2.sc","emoji_chuck_super","Conductor",,,,"DEFAULT","COLLECTORS","SPECIAL",,,,,,,,"TRUE",,,,,,,,,"NEVER"
"emoji_bull_B800",,,"sc/emoji_2.sc","emoji_bull_B800","BullDude",,,,"DEFAULT","COLLECTORS","SPECIAL",,,,,,,,"TRUE",,,,,,,,,"NEVER"
"emoji_sandsoftime2_skull",,,"sc/emoji_2.sc","emoji_sandsoftime2_skull",,,,,"SPECIAL","COLLECTORS","SPECIAL",,,,,,"1500","39","TRUE",,,,"DARKSANDS",,,,,"AVAILABLE"
"emoji_buster_super",,,"sc/emoji_2.sc","emoji_buster_super","ShieldTank",,,,"DEFAULT","COLLECTORS","SPECIAL",,,,,,,,"TRUE",,,,,,,,,"NEVER"
"emoji_carl_super",,,"sc/emoji_2.sc","emoji_carl_super","Whirlwind",,,,"DEFAULT","COLLECTORS","SPECIAL",,,,,,,,"TRUE",,,,,,,,,"NEVER"
"emoji_janet_super",,,"sc/emoji_2.sc","emoji_janet_super","JetpackGirl",,,,"DEFAULT","COLLECTORS","SPECIAL",,,,,,,,"TRUE",,,,,,,,,"NEVER"
"emoji_uno_four",,,"sc/emoji_2.sc","emoji_uno_four",,,,,"SPECIAL","COLLECTORS","SPECIAL",,,,,,,,"TRUE",,,,"UNO",,,,,"NEVER"
"emoji_uno_block",,,"sc/emoji_2.sc","emoji_uno_block",,,,,"SPECIAL","COLLECTORS","SPECIAL",,,,,,,,"TRUE",,,,"UNO",,,,,"NEVER"
"emoji_uno_reverse",,,"sc/emoji_2.sc","emoji_uno_reverse",,,,,"SPECIAL","COLLECTORS","SPECIAL",,,,,,,,"TRUE",,,,"UNO",,,,,"NEVER"
"emoji_uno_nou",,,"sc/emoji_2.sc","emoji_uno_nou",,,,,"SPECIAL","COLLECTORS","SPECIAL",,,,,,,,"TRUE",,,,"UNO",,,,,"NEVER"
"emoji_uno_thumbs",,,"sc/emoji_2.sc","emoji_uno_thumbs",,,,,"SPECIAL","COLLECTORS","SPECIAL",,,,,,,,"TRUE",,,,"UNO",,,,,"NEVER"
"emoji_jawn",,,"sc/emoji_2.sc","emoji_jawn",,,,,"SPECIAL","COLLECTORS","SPECIAL",,,,,,,,"TRUE",,,,"MISC",,,,,"NEVER"
"emoji_buisness",,,"sc/emoji_2.sc","emoji_buisness",,,,,"SPECIAL","COLLECTORS","SPECIAL",,,,,,,,"TRUE",,,,"MISC",,,,,"NEVER"
"emoji_crysmile",,,"sc/emoji_2.sc","emoji_crysmile",,,,,"SPECIAL","COLLECTORS","SPECIAL",,,,,,"1500","39","TRUE",,,,"MISC",,,,,"AVAILABLE"
"emoji_timefor",,,"sc/emoji_2.sc","emoji_timefor",,,,,"SPECIAL","COLLECTORS","SPECIAL",,,,,,,,"TRUE",,,,"MISC",,,,,"NEVER"
"emoji_aprilfools_eggcool",,,"sc/emoji_2.sc","emoji_aprilfools_eggcool",,,,,"SPECIAL","COLLECTORS","SPECIAL",,,,,,,,"TRUE",,,,"APRILFOOLS",,,,,"NEVER"
"emoji_aprilfools_egg",,,"sc/emoji_2.sc","emoji_aprilfools_egg",,,,,"SPECIAL","COLLECTORS","SPECIAL",,,,,,,,"TRUE",,,,"APRILFOOLS",,,,,"NEVER"
"emoji_leek",,,"sc/emoji_2.sc","emoji_leek",,,,,"SPECIAL","COLLECTORS","SPECIAL",,,,,,,,"TRUE",,,,"MEAL",,,,,"NEVER"
"emoji_colt_ranked",,,"sc/emoji_2.sc","emoji_colt_ranked","Gunslinger",,,,"DEFAULT","COLLECTORS","SPECIAL","HC_Colt_Start_VO","3",,,,,,"TRUE",,,,"PROPASS",,,,,"NEVER"
"emoji_ash_pekka",,,"sc/emoji_2.sc","emoji_ash_pekka","Knight",,,,"DEFAULT","COLLECTORS","SPECIAL",,,,,,,,"TRUE",,,,,,,,,"NEVER"
"emoji_super_1",,,"sc/emoji_2.sc","emoji_super_1",,,,,"SPECIAL","COLLECTORS","SPECIAL",,,,,,,,"TRUE",,,,"SUPERHEROES",,,,,"NEVER"
"emoji_super_2",,,"sc/emoji_2.sc","emoji_super_2",,,,,"SPECIAL","COLLECTORS","SPECIAL",,,,,,,,"TRUE",,,,"SUPERHEROES",,,,,"NEVER"
"emoji_frank_sandsoftime2_white",,,"sc/emoji_2.sc","emoji_frank_sandsoftime2_white","HammerDude",,,,"DEFAULT","COLLECTORS","SPECIAL",,,,,,,,"TRUE",,,,"DARKSANDS",,,,,"NEVER"
"emoji_frank_sandsoftime2_black",,,"sc/emoji_2.sc","emoji_frank_sandsoftime2_black","HammerDude",,,,"DEFAULT","COLLECTORS","SPECIAL",,,,,,,,"TRUE",,,,"DARKSANDS",,,,,"NEVER"
"emoji_chester_uno",,,"sc/emoji_2.sc","emoji_chester_uno","Jester",,,,"DEFAULT","COLLECTORS","SPECIAL",,,,,,,,"TRUE",,,,"UNO",,,,,"NEVER"
"emoji_bibi_super_blue",,,"sc/emoji_2.sc","emoji_bibi_super_blue","Baseball",,,,"DEFAULT","COLLECTORS","SPECIAL",,,,,,,,"TRUE",,,,"SUPERHEROES",,,,,"NEVER"
"emoji_bibi_super_pink",,,"sc/emoji_2.sc","emoji_bibi_super_pink","Baseball",,,,"DEFAULT","COLLECTORS","SPECIAL",,,,,,,,"TRUE",,,,"SUPERHEROES",,,,,"NEVER"
"emoji_bibi_super",,,"sc/emoji_2.sc","emoji_bibi_super","Baseball",,,,"DEFAULT","COLLECTORS","SPECIAL",,,,,,,,"TRUE",,,,"SUPERHEROES",,,,,"NEVER"
"emoji_rico_team",,"-1","sc/emoji_2.sc","emoji_rico_team",,,,,"SPECIAL","COLLECTORS","SPECIAL",,,,,,,,"TRUE",,,,"WF_2020","TRUE",,,,"NEVER"
"emoji_rico_aprilfools",,,"sc/emoji_2.sc","emoji_rico_aprilfools","TrickshotDude",,,,"DEFAULT","COLLECTORS","SPECIAL",,,,,,,,"TRUE",,,,"APRILFOOLS",,,,,"NEVER"
"emoji_potato",,,"sc/emoji_2.sc","emoji_potato",,,,,"SPECIAL","COLLECTORS","SPECIAL",,,,,,,,"TRUE",,,,"MEAL",,,,,"NEVER"
"emoji_pam_aprilfools",,,"sc/emoji_2.sc","emoji_pam_aprilfools","MinigunDude",,,,"DEFAULT","COLLECTORS","SPECIAL",,,,,,,,"TRUE",,,,"APRILFOOLS",,,,,"NEVER"
"emoji_mrbat_pink",,,"sc/emoji_2.sc","emoji_mrbat_pink",,,,,"SPECIAL","COLLECTORS","SPECIAL",,,,,,"1500","39","TRUE",,,,"MISC",,,,,"AVAILABLE"
"emoji_mrbat_cool",,,"sc/emoji_2.sc","emoji_mrbat_cool",,,,,"SPECIAL","COLLECTORS","SPECIAL",,,,,,"1500","39","TRUE",,,,"MISC",,,,,"AVAILABLE"
"emoji_mrbat",,,"sc/emoji_2.sc","emoji_mrbat",,,,,"SPECIAL","COLLECTORS","SPECIAL",,,,,,"1500","39","TRUE",,,,"MISC",,,,,"AVAILABLE"
"emoji_graffiti_yellow",,,"sc/emoji_2.sc","emoji_graffiti_yellow",,,,,"SPECIAL","COLLECTORS","SPECIAL",,,,,,,,"TRUE",,,,"PROPASS",,,,,"NEVER"
"emoji_graffiti_sign",,,"sc/emoji_2.sc","emoji_graffiti_sign",,,,,"SPECIAL","COLLECTORS","SPECIAL",,,,,,,,"TRUE",,,,"PROPASS",,,,,"NEVER"
"emoji_graffiti_red",,,"sc/emoji_2.sc","emoji_graffiti_red",,,,,"SPECIAL","COLLECTORS","SPECIAL",,,,,,,,"TRUE",,,,"PROPASS",,,,,"NEVER"
"emoji_graffiti_ranked",,,"sc/emoji_2.sc","emoji_graffiti_ranked",,,,,"SPECIAL","COLLECTORS","SPECIAL",,,,,,,,"TRUE",,,,"PROPASS",,,,,"NEVER"
"emoji_graffiti_purple",,,"sc/emoji_2.sc","emoji_graffiti_purple",,,,,"SPECIAL","COLLECTORS","SPECIAL",,,,,,,,"TRUE",,,,"PROPASS",,,,,"NEVER"
"emoji_graffiti_green",,,"sc/emoji_2.sc","emoji_graffiti_green",,,,,"SPECIAL","COLLECTORS","SPECIAL",,,,,,,,"TRUE",,,,"PROPASS",,,,,"NEVER"
"emoji_edgar_team",,"-1","sc/emoji_2.sc","emoji_edgar_team",,,,,"SPECIAL","COLLECTORS","SPECIAL",,,,,,,,"TRUE",,,,"WF_2020","TRUE",,,,"NEVER"
"emoji_buzz_team",,"-1","sc/emoji_2.sc","emoji_buzz_team",,,,,"SPECIAL","COLLECTORS","SPECIAL",,,,,,,,"TRUE",,,,"WF_2020","TRUE",,,,"NEVER"
"emoji_colt_ranked_black",,,"sc/emoji_2.sc","emoji_colt_ranked_black","Gunslinger",,,,"DEFAULT","COLLECTORS","SPECIAL","HC_Colt_Ulti_VO","3",,,,,,"TRUE",,,,"PROPASS",,,,,"NEVER"
"emoji_colt_ranked_red",,,"sc/emoji_2.sc","emoji_colt_ranked_red","Gunslinger",,,,"DEFAULT","COLLECTORS","SPECIAL","HC_Colt_Ulti_VO","3",,,,,,"TRUE",,,,"PROPASS",,,,,"NEVER"
"emoji_spicy",,,"sc/emoji_2.sc","emoji_spicy",,,,,"SPECIAL","COLLECTORS","SPECIAL",,,,,,"1500","39","TRUE",,,,"MEAL",,,,,"AVAILABLE"
"emoji_womensday_25",,,"sc/emoji_2.sc","emoji_womensday_25",,,,,"SPECIAL","COLLECTORS","SPECIAL",,,,,,"1500","39","TRUE",,,,"MISC",,,,,"AVAILABLE"
"emoji_champie_darksands",,,"sc/emoji_2.sc","emoji_champie_darksands",,,,,"SPECIAL","COLLECTORS","SPECIAL",,,,,,,,"TRUE",,,,"PROPASS",,,,,"NEVER"
"emoji_champie_sticker",,,"sc/emoji_2.sc","emoji_champie_sticker",,,,,"SPECIAL","COLLECTORS","SPECIAL",,,,,,,,"TRUE",,,,"WF_2020",,,,,"NEVER"
"emoji_moai",,,"sc/emoji_2.sc","emoji_moai",,,,,"SPECIAL","COLLECTORS","SPECIAL",,,,,,,,"TRUE",,,,"MISC",,,,,"NEVER"
"emoji_scstore_shop",,,"sc/emoji_2.sc","emoji_scstore_shop",,,,,"SPECIAL","COLLECTORS","SPECIAL",,,,,,,,"TRUE",,,,"GIFTSHOP",,,,,"NEVER"
"emoji_scstore_bling",,,"sc/emoji_2.sc","emoji_scstore_bling",,,,,"SPECIAL","COLLECTORS","SPECIAL",,,,,,,,"TRUE",,,,"GIFTSHOP",,,,,"NEVER"
"emoji_scstore_gems",,,"sc/emoji_2.sc","emoji_scstore_gems",,,,,"SPECIAL","COLLECTORS","SPECIAL",,,,,,,,"TRUE",,,,"GIFTSHOP",,,,,"NEVER"
"emoji_scstore_wallet",,,"sc/emoji_2.sc","emoji_scstore_wallet",,,,,"SPECIAL","COLLECTORS","SPECIAL",,,,,,,,"TRUE",,,,"GIFTSHOP",,,,,"NEVER"
"emoji_scstore_cash",,,"sc/emoji_2.sc","emoji_scstore_cash",,,,,"SPECIAL","COLLECTORS","SPECIAL",,,,,,,,"TRUE",,,,"GIFTSHOP",,,,,"NEVER"
"emoji_colt_ranked_thanks",,,"sc/emoji_2.sc","emoji_colt_ranked_thanks","Gunslinger",,,,"SPECIAL","COLLECTORS","THANKS","HC_Colt_Lead_VO","2",,,,,,"TRUE",,,,"PROPASS",,,,,"NEVER"
"emoji_colt_ranked_special",,,"sc/emoji_2.sc","emoji_colt_ranked_special","Gunslinger",,,,"SPECIAL","COLLECTORS","SPECIAL","HC_Colt_Ulti_VO","0",,,,,,"TRUE",,,,"PROPASS",,,,,"NEVER"
"emoji_colt_ranked_happy",,,"sc/emoji_2.sc","emoji_colt_ranked_happy","Gunslinger",,,,"HAPPY","COLLECTORS","HAPPY","HC_Colt_Kill_VO","4",,,,,,"TRUE",,,,"PROPASS",,,,,"NEVER"
"emoji_colt_ranked_clap",,,"sc/emoji_2.sc","emoji_colt_ranked_clap","Gunslinger",,,,"SPECIAL","COLLECTORS","CLAP","Colt_Pin_Clap","0",,,,,,"TRUE",,,,"PROPASS",,,,,"NEVER"
"emoji_colt_ranked_phew",,,"sc/emoji_2.sc","emoji_colt_ranked_phew","Gunslinger",,,,"SPECIAL","COLLECTORS","PHEW","HC_Colt_Hurt_VO","5",,,,,,"TRUE",,,,"PROPASS",,,,,"NEVER"
"moji_colt_ranked_gg",,,"sc/emoji_2.sc","moji_colt_ranked_gg","Gunslinger",,,,"SPECIAL","COLLECTORS","GG","HC_Colt_Kill_VO","0",,,,,,"TRUE",,,,"PROPASS",,,,,"NEVER"
"emoji_colt_ranked_angry",,,"sc/emoji_2.sc","emoji_colt_ranked_angry","Gunslinger",,,,"ANGRY","COLLECTORS","ANGRY","HC_Colt_Kill_VO","3",,,,,,"TRUE",,,,"PROPASS",,,,"TRUE","NEVER"
"emoji_colt_ranked_sad",,,"sc/emoji_2.sc","emoji_colt_ranked_sad","Gunslinger",,,,"SAD","COLLECTORS","SAD","HC_Colt_Die_VO","0",,,,,,"TRUE",,,,"PROPASS",,,,"TRUE","NEVER"
"emoji_champie_superheroes",,,"sc/emoji_2.sc","emoji_champie_superheroes",,,,,"SPECIAL","COLLECTORS","SPECIAL",,,,,,,,"TRUE",,,,"WF_2020",,,,,"NEVER"
"emoji_bp_feudaljapan",,,"sc/emoji_2.sc","emoji_bp_feudaljapan",,,,,"DEFAULT","COLLECTORS","DEFAULT",,,,,,"1500","39","TRUE",,,,"FEUDALJAPAN",,,,,"AVAILABLE"
"emoji_bp_feudaljapan_happy",,,"sc/emoji_2.sc","emoji_bp_feudaljapan_happy",,,,,"HAPPY","COLLECTORS","HAPPY",,,,,,"1500","39","TRUE",,,,"FEUDALJAPAN",,,,,"AVAILABLE"
"emoji_bp_feudaljapan_sad",,,"sc/emoji_2.sc","emoji_bp_feudaljapan_sad",,,,,"SAD","COLLECTORS","SAD",,,,,,"1500","39","TRUE",,,,"FEUDALJAPAN",,,,,"AVAILABLE"
"emoji_bp_feudaljapan_angry",,,"sc/emoji_2.sc","emoji_bp_feudaljapan_angry",,,,,"ANGRY","COLLECTORS","ANGRY",,,,,,"1500","39","TRUE",,,,"FEUDALJAPAN",,,,,"AVAILABLE"
"emoji_bp_feudaljapan_gg",,,"sc/emoji_2.sc","emoji_bp_feudaljapan_gg",,,,,"SPECIAL","COLLECTORS","GG",,,,,,"1500","39","TRUE",,,,"FEUDALJAPAN",,,,,"AVAILABLE"
"emoji_bp_feudaljapan_thanks",,,"sc/emoji_2.sc","emoji_bp_feudaljapan_thanks",,,,,"SPECIAL","COLLECTORS","THANKS",,,,,,"1500","39","TRUE",,,,"FEUDALJAPAN",,,,,"AVAILABLE"
"emoji_bp_feudaljapan_phew",,,"sc/emoji_2.sc","emoji_bp_feudaljapan_phew",,,,,"SPECIAL","COLLECTORS","PHEW",,,,,,"1500","39","TRUE",,,,"FEUDALJAPAN",,,,,"AVAILABLE"
"emoji_bp_feudaljapan_special",,,"sc/emoji_2.sc","emoji_bp_feudaljapan_special",,,,,"SPECIAL","COLLECTORS","SPECIAL",,,,,,"1500","39","TRUE",,,,"FEUDALJAPAN",,,,,"AVAILABLE"
"emoji_bp_feudaljapan_clap",,,"sc/emoji_2.sc","emoji_bp_feudaljapan_clap",,,,,"SPECIAL","COLLECTORS","CLAP",,,,,,"1500","39","TRUE",,,,"FEUDALJAPAN",,,,,"AVAILABLE"
"emoji_sprout_feudaljapan",,,"sc/emoji_2.sc","emoji_sprout_feudaljapan","Wally",,,,"SPECIAL","COLLECTORS","SPECIAL",,,,,,,,"TRUE",,,,"FEUDALJAPAN",,,,,"NEVER"
"emoji_piper_feudaljapan",,,"sc/emoji_2.sc","emoji_piper_feudaljapan","Sniper",,,,"SPECIAL","COLLECTORS","SPECIAL",,,,,,,,"TRUE",,,,"FEUDALJAPAN",,,,,"NEVER"
"emoji_piper_feudaljapan_green",,,"sc/emoji_2.sc","emoji_piper_feudaljapan_green","Sniper",,,,"SPECIAL","COLLECTORS","SPECIAL",,,,,,,,"TRUE",,,,"FEUDALJAPAN",,,,,"NEVER"
"emoji_piper_feudaljapan_blue",,,"sc/emoji_2.sc","emoji_piper_feudaljapan_blue","Sniper",,,,"SPECIAL","COLLECTORS","SPECIAL",,,,,,,,"TRUE",,,,"FEUDALJAPAN",,,,,"NEVER"
"emoji_tara_feudaljapan",,,"sc/emoji_2.sc","emoji_tara_feudaljapan","BlackHole",,,,"SPECIAL","COLLECTORS","SPECIAL",,,,,,,,"TRUE",,,,"FEUDALJAPAN",,,,,"NEVER"
"emoji_gray_feudaljapan",,,"sc/emoji_2.sc","emoji_gray_feudaljapan","DoorMan",,,,"SPECIAL","COLLECTORS","SPECIAL",,,,,,,,"TRUE",,,,"FEUDALJAPAN",,,,,"NEVER"
"emoji_angelo_feudaljapan",,,"sc/emoji_2.sc","emoji_angelo_feudaljapan","InsectMan",,,,"SPECIAL","COLLECTORS","SPECIAL",,,,,,,,"TRUE",,,,"FEUDALJAPAN",,,,,"NEVER"
"emoji_feudaljapan_dorosqueak",,,"sc/emoji_2.sc","emoji_feudaljapan_dorosqueak",,,,,"DEFAULT","COLLECTORS","SPECIAL",,,,,,"1500","39","TRUE",,,,"FEUDALJAPAN",,,,,"AVAILABLE"
"emoji_feudaljapan_8bitsushi",,,"sc/emoji_2.sc","emoji_feudaljapan_8bitsushi",,,,,"DEFAULT","COLLECTORS","SPECIAL",,,,,,"1500","39","TRUE",,,,"FEUDALJAPAN",,,,,"AVAILABLE"
"emoji_jae",,,"sc/emoji_2.sc","emoji_jae","Alternator",,,,"DEFAULT","DEFAULT","DEFAULT","Jae_Kill_VO","2",,,,,,"TRUE",,,,,,,,,"NEVER"
"emoji_jae_happy",,,"sc/emoji_2.sc","emoji_jae_happy","Alternator",,,,"HAPPY","COMMON","HAPPY","Jae_Lead_VO","1",,,,,,"TRUE",,,,,,,"TrophyRewardsAlternator",,"NEVER"
"emoji_jae_sad",,,"sc/emoji_2.sc","emoji_jae_sad","Alternator",,,,"SAD","COMMON","SAD","Jae_Die_VO","0",,,,"375","9","TRUE",,,,,,,,"TRUE","AVAILABLE"
"emoji_jae_angry",,,"sc/emoji_2.sc","emoji_jae_angry","Alternator",,,,"ANGRY","COMMON","ANGRY","Jae_Hurt_VO","1",,,,"375","9","TRUE",,,,,,,,"TRUE","AVAILABLE"
"emoji_jae_gg",,,"sc/emoji_2.sc","emoji_jae_gg","Alternator",,,,"SPECIAL","RARE","GG","Jae_Lead_VO","3",,,,"750","19","TRUE",,,,,,,,,"AVAILABLE"
"emoji_jae_thanks",,,"sc/emoji_2.sc","emoji_jae_thanks","Alternator",,,,"SPECIAL","EPIC","THANKS","Jae_Lead_VO","2",,,,"1500","39","TRUE",,,,,,,,,"AVAILABLE"
"emoji_jae_phew",,,"sc/emoji_2.sc","emoji_jae_phew","Alternator",,,,"SPECIAL","EPIC","PHEW","Jae_Hurt_VO","2",,,,"1500","39","TRUE",,,,,,,,,"AVAILABLE"
"emoji_jae_special",,,"sc/emoji_2.sc","emoji_jae_special","Alternator",,,,"SPECIAL","EPIC","SPECIAL","Jae_Start_VO","2",,,,,,"TRUE",,,,,,,"TrophyRewardsAlternator",,"NEVER"
"emoji_jae_clap",,,"sc/emoji_2.sc","emoji_jae_clap","Alternator",,,,"SPECIAL","RARE","CLAP","Colt_Pin_Clap","0",,,,"750","19","TRUE",,,,,,,,,"AVAILABLE"
"emoji_jae_facepalm",,,"sc/emoji_2.sc","emoji_jae_facepalm","Alternator",,,,"SPECIAL","COLLECTORS","FACEPALM","Jae_Lead_VO","4",,,,,,"TRUE",,,,,,,"TrophyRewardsAlternator","TRUE","NEVER"
"emoji_kenji_overcharge",,,"sc/emoji_2.sc","emoji_kenji_overcharge","Samurai",,,,"SPECIAL","COLLECTORS","SPECIAL",,,,,,,,"TRUE",,,,,,,,,"NEVER"
"emoji_draco_overcharge",,,"sc/emoji_2.sc","emoji_draco_overcharge","DragonRider",,,,"SPECIAL","COLLECTORS","SPECIAL",,,,,,,,"TRUE",,,,,,,,,"NEVER"
"emoji_lily_overcharge",,,"sc/emoji_2.sc","emoji_lily_overcharge","Ambusher",,,,"SPECIAL","COLLECTORS","SPECIAL",,,,,,,,"TRUE",,,,,,,,,"NEVER"
"emoji_shade_overcharge",,,"sc/emoji_2.sc","emoji_shade_overcharge","Ghost",,,,"SPECIAL","COLLECTORS","SPECIAL",,,,,,,,"TRUE",,,,,,,,,"NEVER"
"emoji_griff_overcharge",,,"sc/emoji_2.sc","emoji_griff_overcharge","AssaultShotgun",,,,"SPECIAL","COLLECTORS","SPECIAL",,,,,,,,"TRUE",,,,,,,,,"NEVER"
"emoji_amber_overcharge",,,"sc/emoji_2.sc","emoji_amber_overcharge","FireDude",,,,"SPECIAL","COLLECTORS","SPECIAL",,,,,,,,"TRUE",,,,,,,,,"NEVER"
"emoji_bonnie_overcharge",,,"sc/emoji_2.sc","emoji_bonnie_overcharge","CannonGirl",,,,"SPECIAL","COLLECTORS","SPECIAL",,,,,,,,"TRUE",,,,,,,,,"NEVER"
"emoji_digger_overcharge",,,"sc/emoji_2.sc","emoji_digger_overcharge","Digger",,,,"SPECIAL","COLLECTORS","SPECIAL",,,,,,,,"TRUE",,,,,,,,,"NEVER"
"emoji_clancy_overcharge",,,"sc/emoji_2.sc","emoji_clancy_overcharge","Crab",,,,"SPECIAL","COLLECTORS","SPECIAL",,,,,,,,"TRUE",,,,,,,,,"NEVER"
"emoji_willow_overcharge",,,"sc/emoji_2.sc","emoji_willow_overcharge","Puppeteer",,,,"SPECIAL","COLLECTORS","SPECIAL",,,,,,,,"TRUE",,,,,,,,,"NEVER"
"emoji_gus_overcharge",,,"sc/emoji_2.sc","emoji_gus_overcharge","SoulCollector",,,,"SPECIAL","COLLECTORS","SPECIAL",,,,,,,,"TRUE",,,,,,,,,"NEVER"
"emoji_chuck_overcharge",,,"sc/emoji_2.sc","emoji_chuck_overcharge","Conductor",,,,"SPECIAL","COLLECTORS","SPECIAL",,,,,,,,"TRUE",,,,,,,,,"NEVER"
"emoji_bp_kaiju",,,"sc/emoji_2.sc","emoji_bp_kaiju",,,,,"DEFAULT","COLLECTORS","DEFAULT",,,,,,"1500","39","TRUE",,,,"KAIJU",,,,,"AVAILABLE"
"emoji_bp_kaiju_happy",,,"sc/emoji_2.sc","emoji_bp_kaiju_happy",,,,,"HAPPY","COLLECTORS","HAPPY",,,,,,"1500","39","TRUE",,,,"KAIJU",,,,,"AVAILABLE"
"emoji_bp_kaiju_sad",,,"sc/emoji_2.sc","emoji_bp_kaiju_sad",,,,,"SAD","COLLECTORS","SAD",,,,,,"1500","39","TRUE",,,,"KAIJU",,,,"TRUE","AVAILABLE"
"emoji_bp_kaiju_angry",,,"sc/emoji_2.sc","emoji_bp_kaiju_angry",,,,,"ANGRY","COLLECTORS","ANGRY",,,,,,"1500","39","TRUE",,,,"KAIJU",,,,"TRUE","AVAILABLE"
"emoji_bp_kaiju_gg",,,"sc/emoji_2.sc","emoji_bp_kaiju_gg",,,,,"SPECIAL","COLLECTORS","GG",,,,,,"1500","39","TRUE",,,,"KAIJU",,,,,"AVAILABLE"
"emoji_bp_kaiju_thanks",,,"sc/emoji_2.sc","emoji_bp_kaiju_thanks",,,,,"SPECIAL","COLLECTORS","THANKS",,,,,,"1500","39","TRUE",,,,"KAIJU",,,,,"AVAILABLE"
"emoji_bp_kaiju_phew",,,"sc/emoji_2.sc","emoji_bp_kaiju_phew",,,,,"SPECIAL","COLLECTORS","PHEW",,,,,,"1500","39","TRUE",,,,"KAIJU",,,,,"AVAILABLE"
"emoji_bp_kaiju_special",,,"sc/emoji_2.sc","emoji_bp_kaiju_special",,,,,"SPECIAL","COLLECTORS","SPECIAL",,,,,,"1500","39","TRUE",,,,"KAIJU",,,,,"AVAILABLE"
"emoji_bp_kaiju_clap",,,"sc/emoji_2.sc","emoji_bp_kaiju_clap",,,,,"SPECIAL","COLLECTORS","CLAP",,,,,,"1500","39","TRUE",,,,"KAIJU",,,,,"AVAILABLE"
"emoji_moba_left",,,"sc/emoji_2.sc","emoji_moba_left",,,,,"DEFAULT","COLLECTORS","DEFAULT",,,,,,,,"TRUE","TRUE",,,,"TRUE",,,,"NEVER"
"emoji_moba_center",,,"sc/emoji_2.sc","emoji_moba_center",,,,,"DEFAULT","COLLECTORS","DEFAULT",,,,,,,,"TRUE","TRUE",,,,"TRUE",,,,"NEVER"
"emoji_moba_right",,,"sc/emoji_2.sc","emoji_moba_right",,,,,"DEFAULT","COLLECTORS","DEFAULT",,,,,,,,"TRUE","TRUE",,,,"TRUE",,,,"NEVER"
"emoji_kaze_assassin",,,"sc/emoji_2.sc","emoji_kaze_assassin","Geisha",,,,"DEFAULT","DEFAULT","DEFAULT","Kaze_Start_VO","6",,,,,,"TRUE",,,,,,,,,"NEVER"
"emoji_kaze_assassin_happy",,,"sc/emoji_2.sc","emoji_kaze_assassin_happy","Geisha",,,,"HAPPY","COMMON","HAPPY","Kaze_Kill_VO","0",,,,,,"TRUE",,,,,,,"TrophyRewardsGeisha",,"NEVER"
"emoji_kaze_assassin_sad",,,"sc/emoji_2.sc","emoji_kaze_assassin_sad","Geisha",,,,"SAD","COMMON","SAD","Kaze_Die_VO","3",,,,"375","9","TRUE",,,,,,,,"TRUE","AVAILABLE"
"emoji_kaze_assassin_angry",,,"sc/emoji_2.sc","emoji_kaze_assassin_angry","Geisha",,,,"ANGRY","COMMON","ANGRY","Kaze_Hurt_VO","7",,,,"375","9","TRUE",,,,,,,,"TRUE","AVAILABLE"
"emoji_kaze_assassin_gg",,,"sc/emoji_2.sc","emoji_kaze_assassin_gg","Geisha",,,,"SPECIAL","RARE","GG","Kaze_Lead_VO","1",,,,"750","19","TRUE",,,,,,,,,"AVAILABLE"
"emoji_kaze_assassin_thanks",,,"sc/emoji_2.sc","emoji_kaze_assassin_thanks","Geisha",,,,"SPECIAL","EPIC","THANKS","Kaze_Ulti_VO","2",,,,"1500","39","TRUE",,,,,,,,,"AVAILABLE"
"emoji_kaze_assassin_phew",,,"sc/emoji_2.sc","emoji_kaze_assassin_phew","Geisha",,,,"SPECIAL","EPIC","PHEW","Kaze_Hurt_VO","4",,,,"1500","39","TRUE",,,,,,,,,"AVAILABLE"
"emoji_kaze_assassin_special",,,"sc/emoji_2.sc","emoji_kaze_assassin_special","Geisha",,,,"SPECIAL","EPIC","SPECIAL","Kaze_Lead_VO","5",,,,,,"TRUE",,,,,,,"TrophyRewardsGeisha",,"NEVER"
"emoji_kaze_assassin_clap",,,"sc/emoji_2.sc","emoji_kaze_assassin_clap","Geisha",,,,"SPECIAL","RARE","CLAP","Colt_Pin_Clap","0",,,,"750","19","TRUE",,,,,,,,,"AVAILABLE"
"emoji_kaze_assassin_facepalm",,,"sc/emoji_2.sc","emoji_kaze_assassin_facepalm","Geisha",,,,"SPECIAL","COLLECTORS","FACEPALM","Kaze_Kill_VO","1",,,,,,"TRUE",,,,,,,"TrophyRewardsGeisha","TRUE","NEVER"
"emoji_kenji_feudaljapan",,,"sc/emoji_2.sc","emoji_kenji_feudaljapan","Samurai",,,,"SPECIAL","COLLECTORS","SPECIAL","Kenji_Start_VO","2",,,,,,"TRUE",,,,"FEUDALJAPAN",,,,,"NEVER"
"emoji_kenji_feudaljapan_happy",,,"sc/emoji_2.sc","emoji_kenji_feudaljapan_happy","Samurai",,,,"HAPPY","COLLECTORS","HAPPY","Kenji_Kill_VO","5",,,,,,"TRUE",,,,"FEUDALJAPAN",,,,,"NEVER"
"emoji_kenji_feudaljapan_sad",,,"sc/emoji_2.sc","emoji_kenji_feudaljapan_sad","Samurai",,,,"SAD","COLLECTORS","SAD","Kenji_Hurt_VO","9",,,,,,"TRUE",,,,"FEUDALJAPAN",,,,"TRUE","NEVER"
"emoji_kenji_feudaljapan_angry",,,"sc/emoji_2.sc","emoji_kenji_feudaljapan_angry","Samurai",,,,"ANGRY","COLLECTORS","ANGRY","Kenji_Hurt_VO","4",,,,,,"TRUE",,,,"FEUDALJAPAN",,,,"TRUE","NEVER"
"emoji_kenji_feudaljapan_gg",,,"sc/emoji_2.sc","emoji_kenji_feudaljapan_gg","Samurai",,,,"SPECIAL","COLLECTORS","GG","Kenji_Lead_VO","3",,,,,,"TRUE",,,,"FEUDALJAPAN",,,,,"NEVER"
"emoji_kenji_feudaljapan_thanks",,,"sc/emoji_2.sc","emoji_kenji_feudaljapan_thanks","Samurai",,,,"SPECIAL","COLLECTORS","THANKS","Kenji_Start_VO","3",,,,,,"TRUE",,,,"FEUDALJAPAN",,,,,"NEVER"
"emoji_kenji_feudaljapan_phew",,,"sc/emoji_2.sc","emoji_kenji_feudaljapan_phew","Samurai",,,,"SPECIAL","COLLECTORS","PHEW","Kenji_Die_VO","5",,,,,,"TRUE",,,,"FEUDALJAPAN",,,,,"NEVER"
"emoji_kenji_feudaljapan_special",,,"sc/emoji_2.sc","emoji_kenji_feudaljapan_special","Samurai",,,,"SPECIAL","COLLECTORS","SPECIAL","Kenji_Demon_Kill_VO","0",,,,,,"TRUE",,,,"FEUDALJAPAN",,,,,"NEVER"
"emoji_kenji_feudaljapan_clap",,,"sc/emoji_2.sc","emoji_kenji_feudaljapan_clap","Samurai",,,,"SPECIAL","COLLECTORS","CLAP","Colt_Pin_Clap","0",,,,,,"TRUE",,,,"FEUDALJAPAN",,,,,"NEVER"
"emoji_finx_mecha",,,"sc/emoji_2.sc","emoji_finx_mecha","Chronomancer",,,,"DEFAULT","COLLECTORS","DEFAULT","Finx_Mecha_Lead_VO","2",,,,,,"TRUE",,,,,,,,,"NEVER"
"emoji_finx_mecha_thanks",,,"sc/emoji_2.sc","emoji_finx_mecha_thanks","Chronomancer",,,,"SPECIAL","COLLECTORS","THANKS","Finx_Mecha_Start_VO","6",,,,,,"TRUE",,,,,,,,,"NEVER"
"emoji_finx_mecha_special",,,"sc/emoji_2.sc","emoji_finx_mecha_special","Chronomancer",,,,"SPECIAL","COLLECTORS","SPECIAL","Finx_Mecha_Start_VO","5",,,,,,"TRUE",,,,,,,,,"NEVER"
"emoji_finx_mecha_sad",,,"sc/emoji_2.sc","emoji_finx_mecha_sad","Chronomancer",,,,"SAD","COLLECTORS","SAD","Finx_Mecha_Die_VO","6",,,,,,"TRUE",,,,,,,,"TRUE","NEVER"
"emoji_finx_mecha_phew",,,"sc/emoji_2.sc","emoji_finx_mecha_phew","Chronomancer",,,,"SPECIAL","COLLECTORS","PHEW","Finx_Mecha_Hurt_VO","7",,,,,,"TRUE",,,,,,,,,"NEVER"
"emoji_finx_mecha_happy",,,"sc/emoji_2.sc","emoji_finx_mecha_happy","Chronomancer",,,,"HAPPY","COLLECTORS","HAPPY","Finx_Mecha_Kill_VO","11",,,,,,"TRUE",,,,,,,,,"NEVER"
"emoji_finx_mecha_gg",,,"sc/emoji_2.sc","emoji_finx_mecha_gg","Chronomancer",,,,"SPECIAL","COLLECTORS","GG","Finx_Mecha_Lead_VO","6",,,,,,"TRUE",,,,,,,,,"NEVER"
"emoji_finx_mecha_clap",,,"sc/emoji_2.sc","emoji_finx_mecha_clap","Chronomancer",,,,"SPECIAL","COLLECTORS","CLAP","Colt_Pin_Clap","0",,,,,,"TRUE",,,,,,,,,"NEVER"
"emoji_finx_mecha_angry",,,"sc/emoji_2.sc","emoji_finx_mecha_angry","Chronomancer",,,,"ANGRY","COLLECTORS","ANGRY","Finx_Mecha_Die_VO","3",,,,,,"TRUE",,,,,,,,"TRUE","NEVER"
"emoji_feudaljapan_baoninja",,,"sc/emoji_2.sc","emoji_feudaljapan_baoninja",,,,,"SPECIAL","COLLECTORS","SPECIAL",,,,,,"1500","39","TRUE",,,,"FEUDALJAPAN",,,,,"AVAILABLE"
"emoji_feudaljapan_samuraisushi",,,"sc/emoji_2.sc","emoji_feudaljapan_samuraisushi",,,,,"SPECIAL","COLLECTORS","SPECIAL",,,,,,"1500","39","TRUE",,,,"FEUDALJAPAN",,,,,"AVAILABLE"
"emoji_feudaljapan_wasabi",,,"sc/emoji_2.sc","emoji_feudaljapan_wasabi",,,,,"SPECIAL","COLLECTORS","SPECIAL",,,,,,"1500","39","TRUE",,,,"FEUDALJAPAN",,,,,"AVAILABLE"
"emoji_feudaljapan_prawnsushi",,,"sc/emoji_2.sc","emoji_feudaljapan_prawnsushi",,,,,"SPECIAL","COLLECTORS","SPECIAL",,,,,,"1500","39","TRUE",,,,"FEUDALJAPAN",,,,,"AVAILABLE"
"emoji_clancy_kaiju",,,"sc/emoji_2.sc","emoji_clancy_kaiju","Crab",,,,"SPECIAL","COLLECTORS","SPECIAL",,,,,,,,"TRUE",,,,"KAIJU",,,,,"NEVER"
"emoji_mico_kaiju",,,"sc/emoji_2.sc","emoji_mico_kaiju","Leaper",,,,"SPECIAL","COLLECTORS","SPECIAL",,,,,,,,"TRUE",,,,"KAIJU",,,,,"NEVER"
"emoji_griff_kaiju",,,"sc/emoji_2.sc","emoji_griff_kaiju","AssaultShotgun",,,,"SPECIAL","COLLECTORS","SPECIAL",,,,,,,,"TRUE",,,,"KAIJU",,,,,"NEVER"
"emoji_kaiju_brain",,,"sc/emoji_2.sc","emoji_kaiju_brain",,,,,"SPECIAL","COLLECTORS","SPECIAL",,,,,,,,"TRUE",,,,"KAIJU",,,,,"NEVER"
"emoji_kaiju_dino",,,"sc/emoji_2.sc","emoji_kaiju_dino",,,,,"SPECIAL","COLLECTORS","SPECIAL",,,,,,"1500","39","TRUE",,,,"KAIJU",,,,,"AVAILABLE"
"emoji_kaiju_fish",,,"sc/emoji_2.sc","emoji_kaiju_fish",,,,,"SPECIAL","COLLECTORS","SPECIAL",,,,,,"1500","39","TRUE",,,,"KAIJU",,,,,"AVAILABLE"
"emoji_kaiju_robot",,,"sc/emoji_2.sc","emoji_kaiju_robot",,,,,"SPECIAL","COLLECTORS","SPECIAL",,,,,,"1500","39","TRUE",,,,"KAIJU",,,,,"AVAILABLE"
"emoji_colette_kaiju",,,"sc/emoji_2.sc","emoji_colette_kaiju","Percenter",,,,"SPECIAL","COLLECTORS","SPECIAL",,,,,,,,"TRUE",,,,"KAIJU",,,,,"NEVER"
"emoji_mandy_witch",,,"sc/emoji_2.sc","emoji_mandy_witch","Beamer",,,,"SPECIAL","COLLECTORS","SPECIAL",,,,,,,,"TRUE",,,,,,,,,"NEVER"
"emoji_finx_mecha_red",,,"sc/emoji_2.sc","emoji_finx_mecha_red","Chronomancer",,,,"SPECIAL","COLLECTORS","SPECIAL","Finx_Mecha_Lead_VO","2",,,,,,"TRUE",,,,,,,,,"NEVER"
"emoji_finx_mecha_green",,,"sc/emoji_2.sc","emoji_finx_mecha_green","Chronomancer",,,,"SPECIAL","COLLECTORS","SPECIAL","Finx_Mecha_Lead_VO","2",,,,,,"TRUE",,,,,,,,,"NEVER"
"emoji_kaze_geisha",,,"sc/emoji_2.sc","emoji_kaze_geisha","Geisha",,,,"DEFAULT","DEFAULT","DEFAULT","Kotomi_Start_VO","1",,,,,,"TRUE",,,,,,,,,"NEVER"
"emoji_kaze_geisha_happy",,,"sc/emoji_2.sc","emoji_kaze_geisha_happy","Geisha",,,,"HAPPY","COMMON","HAPPY","Kotomi_Kill_VO","4",,,,"375","9","TRUE",,,,,,,,,"AVAILABLE"
"emoji_kaze_geisha_sad",,,"sc/emoji_2.sc","emoji_kaze_geisha_sad","Geisha",,,,"SAD","COMMON","SAD","Kotomi_Hurt_VO","7",,,,"375","9","TRUE",,,,,,,,"TRUE","AVAILABLE"
"emoji_kaze_geisha_angry",,,"sc/emoji_2.sc","emoji_kaze_geisha_angry","Geisha",,,,"ANGRY","COMMON","ANGRY","Kotomi_Hurt_VO","5",,,,"375","9","TRUE",,,,,,,,"TRUE","AVAILABLE"
"emoji_kaze_geisha_thumbsup",,,"sc/emoji_2.sc","emoji_kaze_geisha_thumbsup","Geisha",,,,"SPECIAL","RARE","GG","Kotomi_Lead_VO","6",,,,"750","19","TRUE",,,,,,,,,"AVAILABLE"
"emoji_kaze_geisha_thanks",,,"sc/emoji_2.sc","emoji_kaze_geisha_thanks","Geisha",,,,"SPECIAL","EPIC","THANKS","Kotomi_Kill_VO","7",,,,"1500","39","TRUE",,,,,,,,,"AVAILABLE"
"emoji_kaze_geisha_phew",,,"sc/emoji_2.sc","emoji_kaze_geisha_phew","Geisha",,,,"SPECIAL","EPIC","PHEW","Kotomi_Hurt_VO","0",,,,"1500","39","TRUE",,,,,,,,,"AVAILABLE"
"emoji_kaze_geisha_special",,,"sc/emoji_2.sc","emoji_kaze_geisha_special","Geisha",,,,"SPECIAL","EPIC","SPECIAL","Kotomi_Start_VO","5",,,,"1500","39","TRUE",,,,,,,,,"AVAILABLE"
"emoji_kaze_geisha_clap",,,"sc/emoji_2.sc","emoji_kaze_geisha_clap","Geisha",,,,"SPECIAL","RARE","CLAP","Colt_Pin_Clap","0",,,,"750","19","TRUE",,,,,,,,,"AVAILABLE"
"emoji_kaze_geisha_facepalm",,,"sc/emoji_2.sc","emoji_kaze_geisha_facepalm","Geisha",,,,"SPECIAL","COLLECTORS","FACEPALM","Kotomi_Kill_VO","3",,,,"1500","39","TRUE",,,,,,,,"TRUE","AVAILABLE"
"emoji_kaze_overcharge",,,"sc/emoji_2.sc","emoji_kaze_overcharge","Geisha",,,,"SPECIAL","COLLECTORS","SPECIAL",,,,,,,,"TRUE",,,,,,,,,"NEVER"
"emoji_statue",,,"sc/emoji_2.sc","emoji_statue",,,,,"SPECIAL","COLLECTORS","SPECIAL",,,,,,"1500","39","TRUE",,,,"USA",,,,,"AVAILABLE"
"emoji_ash_ninja_black",,,"sc/emoji_2.sc","emoji_ash_ninja_black","Knight",,,,"SPECIAL","COLLECTORS","SPECIAL",,,,,,,,"TRUE",,,,"MASKS",,,,,"NEVER"
"emoji_shade_graffiti",,,"sc/emoji_2.sc","emoji_shade_graffiti","Ghost",,,,"SPECIAL","COLLECTORS","SPECIAL",,,,,,,,"TRUE",,,,"CITY",,,,,"NEVER"
"emoji_matcherino_happy",,,"sc/emoji_2.sc","emoji_matcherino_happy",,,,,"SPECIAL","COLLECTORS","SPECIAL",,,,,,,,"TRUE",,,,"MISC",,,,,"NEVER"
"emoji_matcherino_cry",,,"sc/emoji_2.sc","emoji_matcherino_cry",,,,,"SPECIAL","COLLECTORS","SPECIAL",,,,,,,,"TRUE",,,,"MISC",,,,,"NEVER"
"emoji_bull_lion",,,"sc/emoji_2.sc","emoji_bull_lion","BullDude",,,,"SPECIAL","COLLECTORS","SPECIAL",,,,,,,,"TRUE",,,,,,,,,"NEVER"
"emoji_carl_hog",,,"sc/emoji_2.sc","emoji_carl_hog","Whirlwind",,,,"SPECIAL","COLLECTORS","SPECIAL",,,,,,,,"TRUE",,,,,,,,,"NEVER"
"emoji_carl_line",,,"sc/emoji_2.sc","emoji_carl_line","Whirlwind",,,,"SPECIAL","COLLECTORS","SPECIAL",,,,,,,,"TRUE",,,,,,,,,"NEVER"
"emoji_squeak_potato",,,"sc/emoji_2.sc","emoji_squeak_potato","StickyBomb",,,,"SPECIAL","COLLECTORS","SPECIAL",,,,,,,,"TRUE",,,,,,,,,"NEVER"
"emoji_tick_kingcrab",,,"sc/emoji_2.sc","emoji_tick_kingcrab","ClusterBombDude",,,,"SPECIAL","COLLECTORS","SPECIAL",,,,,,,,"TRUE",,,,,,,,,"NEVER"
"emoji_edgar_kaiju",,,"sc/emoji_2.sc","emoji_edgar_kaiju","Enrager",,,,"SPECIAL","COLLECTORS","SPECIAL",,,,,,,,"TRUE",,,,"KAIJU",,,,,"NEVER"
"emoji_edgar_kaiju_black",,,"sc/emoji_2.sc","emoji_edgar_kaiju_black","Enrager",,,,"SPECIAL","COLLECTORS","SPECIAL",,,,,,,,"TRUE",,,,"KAIJU",,,,,"NEVER"
"emoji_edgar_kaiju_white",,,"sc/emoji_2.sc","emoji_edgar_kaiju_white","Enrager",,,,"SPECIAL","COLLECTORS","SPECIAL",,,,,,,,"TRUE",,,,"KAIJU",,,,,"NEVER"
"emoji_colt_corsair",,,"sc/emoji_2.sc","emoji_colt_corsair","Gunslinger",,,,"SPECIAL","COLLECTORS","SPECIAL",,,,,,,,"TRUE",,,,,,,,,"NEVER"
"emoji_mortis_nightwitch",,,"sc/emoji_2.sc","emoji_mortis_nightwitch","Undertaker",,,,"SPECIAL","COLLECTORS","SPECIAL",,,,,,,,"TRUE",,,,,,,,,"NEVER"
"emoji_colt_jadeagent",,,"sc/emoji_2.sc","emoji_colt_jadeagent","Gunslinger",,,,"SPECIAL","COLLECTORS","SPECIAL",,,,,,,,"TRUE",,,,,,,,,"NEVER"
"emoji_colt_royalagent",,,"sc/emoji_2.sc","emoji_colt_royalagent","Gunslinger",,,,"SPECIAL","COLLECTORS","SPECIAL",,,,,,,,"TRUE",,,,,,,,,"NEVER"
"emoji_leon_shark",,,"sc/emoji_2.sc","emoji_leon_shark","Ninja",,,,"SPECIAL","COLLECTORS","SPECIAL",,,,,,,,"TRUE",,,,,,,,,"NEVER"
"emoji_poco_starr",,,"sc/emoji_2.sc","emoji_poco_starr","DeadMariachi",,,,"SPECIAL","COLLECTORS","SPECIAL",,,,,,,,"TRUE",,,,,,,,,"NEVER"
"emoji_crow_white",,,"sc/emoji_2.sc","emoji_crow_white","Crow",,,,"SPECIAL","COLLECTORS","SPECIAL",,,,,,,,"TRUE",,,,,,,,,"NEVER"
"emoji_jessie_summer",,,"sc/emoji_2.sc","emoji_jessie_summer","Mechanic",,,,"SPECIAL","COLLECTORS","SPECIAL",,,,,,,,"TRUE",,,,,,,,,"NEVER"
"emoji_champie_feudaljapan",,,"sc/emoji_2.sc","emoji_champie_feudaljapan",,,,,"SPECIAL","COLLECTORS","SPECIAL",,,,,,,,"TRUE",,,,"WF_2020",,,,,"NEVER"
"emoji_bp_fantasy_thanks",,,"sc/emoji_2.sc","emoji_bp_fantasy_thanks",,,,,"SPECIAL","COLLECTORS","SPECIAL",,,,,,"1500","39","TRUE",,,,"FANTASY",,,,,"AVAILABLE"
"emoji_bp_fantasy_special",,,"sc/emoji_2.sc","emoji_bp_fantasy_special",,,,,"SPECIAL","COLLECTORS","SPECIAL",,,,,,"1500","39","TRUE",,,,"FANTASY",,,,,"AVAILABLE"
"emoji_bp_fantasy_sad",,,"sc/emoji_2.sc","emoji_bp_fantasy_sad",,,,,"SAD","COLLECTORS","SPECIAL",,,,,,"1500","39","TRUE",,,,"FANTASY",,,,"TRUE","AVAILABLE"
"emoji_bp_fantasy_phew",,,"sc/emoji_2.sc","emoji_bp_fantasy_phew",,,,,"SPECIAL","COLLECTORS","SPECIAL",,,,,,"1500","39","TRUE",,,,"FANTASY",,,,,"AVAILABLE"
"emoji_bp_fantasy_happy",,,"sc/emoji_2.sc","emoji_bp_fantasy_happy",,,,,"HAPPY","COLLECTORS","SPECIAL",,,,,,"1500","39","TRUE",,,,"FANTASY",,,,,"AVAILABLE"
"emoji_bp_fantasy_gg",,,"sc/emoji_2.sc","emoji_bp_fantasy_gg",,,,,"SPECIAL","COLLECTORS","SPECIAL",,,,,,"1500","39","TRUE",,,,"FANTASY",,,,,"AVAILABLE"
"emoji_bp_fantasy_clap",,,"sc/emoji_2.sc","emoji_bp_fantasy_clap",,,,,"SPECIAL","COLLECTORS","SPECIAL",,,,,,"1500","39","TRUE",,,,"FANTASY",,,,,"AVAILABLE"
"emoji_bp_fantasy_angry",,,"sc/emoji_2.sc","emoji_bp_fantasy_angry",,,,,"ANGRY","COLLECTORS","SPECIAL",,,,,,"1500","39","TRUE",,,,"FANTASY",,,,"TRUE","AVAILABLE"
"emoji_bp_fantasy",,,"sc/emoji_2.sc","emoji_bp_fantasy",,,,,"DEFAULT","COLLECTORS","SPECIAL",,,,,,"1500","39","TRUE",,,,"FANTASY",,,,,"AVAILABLE"
"emoji_jacky_fantasy",,,"sc/emoji_2.sc","emoji_jacky_fantasy","Driller",,,,"SPECIAL","COLLECTORS","SPECIAL",,,,,,,,"TRUE",,,,,,,,,"NEVER"
"emoji_amber_fantasy",,,"sc/emoji_2.sc","emoji_amber_fantasy","FireDude",,,,"SPECIAL","COLLECTORS","SPECIAL",,,,,,,,"TRUE",,,,,,,,,"NEVER"
"emoji_barley_wizard",,,"sc/emoji_2.sc","emoji_barley_wizard","Barkeep",,,,"SPECIAL","COLLECTORS","SPECIAL",,,,,,,,"TRUE",,,,,,,,,"NEVER"
"emoji_jessie_clash",,,"sc/emoji_2.sc","emoji_jessie_clash","Mechanic",,,,"SPECIAL","COLLECTORS","SPECIAL",,,,,,,,"TRUE",,,,,,,,,"NEVER"
"emoji_nita_koala",,,"sc/emoji_2.sc","emoji_nita_koala","Shaman",,,,"SPECIAL","COLLECTORS","SPECIAL",,,,,,,,"TRUE",,,,,,,,,"NEVER"
"emoji_mortis_summer",,,"sc/emoji_2.sc","emoji_mortis_summer","Undertaker",,,,"SPECIAL","COLLECTORS","SPECIAL",,,,,,,,"TRUE",,,,,,,,,"NEVER"
"emoji_bp_darkgreek",,,"sc/emoji_2.sc","emoji_bp_darkgreek",,,,,"SPECIAL","COLLECTORS","SPECIAL",,,,,,"1500","39","TRUE",,,,"DARKGREEK",,,,,"AVAILABLE"
"emoji_bp_darkgreek_angry",,,"sc/emoji_2.sc","emoji_bp_darkgreek_angry",,,,,"ANGRY","COLLECTORS","SPECIAL",,,,,,"1500","39","TRUE",,,,"DARKGREEK",,,,"TRUE","AVAILABLE"
"emoji_bp_darkgreek_clap",,,"sc/emoji_2.sc","emoji_bp_darkgreek_clap",,,,,"SPECIAL","COLLECTORS","SPECIAL",,,,,,"1500","39","TRUE",,,,"DARKGREEK",,,,,"AVAILABLE"
"emoji_bp_darkgreek_gg",,,"sc/emoji_2.sc","emoji_bp_darkgreek_gg",,,,,"SPECIAL","COLLECTORS","SPECIAL",,,,,,"1500","39","TRUE",,,,"DARKGREEK",,,,,"AVAILABLE"
"emoji_bp_darkgreek_happy",,,"sc/emoji_2.sc","emoji_bp_darkgreek_happy",,,,,"HAPPY","COLLECTORS","SPECIAL",,,,,,"1500","39","TRUE",,,,"DARKGREEK",,,,,"AVAILABLE"
"emoji_bp_darkgreek_phew",,,"sc/emoji_2.sc","emoji_bp_darkgreek_phew",,,,,"SPECIAL","COLLECTORS","SPECIAL",,,,,,"1500","39","TRUE",,,,"DARKGREEK",,,,,"AVAILABLE"
"emoji_bp_darkgreek_sad",,,"sc/emoji_2.sc","emoji_bp_darkgreek_sad",,,,,"SAD","COLLECTORS","SPECIAL",,,,,,"1500","39","TRUE",,,,"DARKGREEK",,,,"TRUE","AVAILABLE"
"emoji_bp_darkgreek_special",,,"sc/emoji_2.sc","emoji_bp_darkgreek_special",,,,,"SPECIAL","COLLECTORS","SPECIAL",,,,,,"1500","39","TRUE",,,,"DARKGREEK",,,,,"AVAILABLE"
"emoji_bp_darkgreek_thanks",,,"sc/emoji_2.sc","emoji_bp_darkgreek_thanks",,,,,"SPECIAL","COLLECTORS","SPECIAL",,,,,,"1500","39","TRUE",,,,"DARKGREEK",,,,,"AVAILABLE"
"emoji_greek_ares",,,"sc/emoji_2.sc","emoji_greek_ares",,,,,"SPECIAL","COLLECTORS","SPECIAL",,,,,,"1500","39","TRUE",,,,"DARKGREEK",,,,,"AVAILABLE"
"emoji_greek_atlas",,,"sc/emoji_2.sc","emoji_greek_atlas",,,,,"SPECIAL","COLLECTORS","SPECIAL",,,,,,"1500","39","TRUE",,,,"DARKGREEK",,,,,"AVAILABLE"
"emoji_greek_temple",,,"sc/emoji_2.sc","emoji_greek_temple",,,,,"SPECIAL","COLLECTORS","SPECIAL",,,,,,"1500","39","TRUE",,,,"DARKGREEK",,,,,"AVAILABLE"
"emoji_bonnie_greek",,,"sc/emoji_2.sc","emoji_bonnie_greek","CannonGirl",,,,"SPECIAL","COLLECTORS","SPECIAL",,,,,,,,"TRUE",,,,,,,,,"NEVER"
"emoji_darryl_greek",,,"sc/emoji_2.sc","emoji_darryl_greek","BarrelBot",,,,"SPECIAL","COLLECTORS","SPECIAL",,,,,,,,"TRUE",,,,,,,,,"NEVER"
"emoji_lumi_greek",,,"sc/emoji_2.sc","emoji_lumi_greek","Morningstar",,,,"SPECIAL","COLLECTORS","SPECIAL",,,,,,,,"TRUE",,,,,,,,,"NEVER"
"emoji_berry_greek",,,"sc/emoji_2.sc","emoji_berry_greek","Painter",,,,"SPECIAL","COLLECTORS","SPECIAL",,,,,,,,"TRUE",,,,,,,,,"NEVER"
"emoji_lumi_overcharge",,,"sc/emoji_2.sc","emoji_lumi_overcharge","Morningstar",,,,"SPECIAL","COLLECTORS","SPECIAL",,,,,,,,"TRUE",,,,,,,,,"NEVER"
"emoji_doug_overcharge",,,"sc/emoji_2.sc","emoji_doug_overcharge","Reviver",,,,"SPECIAL","COLLECTORS","SPECIAL",,,,,,,,"TRUE",,,,,,,,,"NEVER"
"emoji_rt_overcharge",,,"sc/emoji_2.sc","emoji_rt_overcharge","Splitter",,,,"SPECIAL","COLLECTORS","SPECIAL",,,,,,,,"TRUE",,,,,,,,,"NEVER"
"emoji_kit_overcharge",,,"sc/emoji_2.sc","emoji_kit_overcharge","Attacher",,,,"SPECIAL","COLLECTORS","SPECIAL",,,,,,,,"TRUE",,,,,,,,,"NEVER"
"emoji_belle_fantasy",,,"sc/emoji_2.sc","emoji_belle_fantasy","ElectroSniper",,,,"SPECIAL","COLLECTORS","SPECIAL",,,,,,,,"TRUE",,,,,,,,,"NEVER"
"emoji_doug_fantasy",,,"sc/emoji_2.sc","emoji_doug_fantasy","Reviver",,,,"SPECIAL","COLLECTORS","SPECIAL",,,,,,,,"TRUE",,,,,,,,,"NEVER"
"emoji_bo_fantasy",,,"sc/emoji_2.sc","emoji_bo_fantasy","BowDude",,,,"SPECIAL","COLLECTORS","SPECIAL",,,,,,,,"TRUE",,,,,,,,,"NEVER"
"emoji_lily_fantasy",,,"sc/emoji_2.sc","emoji_lily_fantasy","Ambusher",,,,"SPECIAL","COLLECTORS","SPECIAL",,,,,,,,"TRUE",,,,,,,,,"NEVER"
"emoji_8bit_angel",,,"sc/emoji_2.sc","emoji_8bit_angel","Arcade",,,,"SPECIAL","COLLECTORS","SPECIAL",,,,,,,,"TRUE",,,,,,,,,"NEVER"
"emoji_bo_fantasy_black",,,"sc/emoji_2.sc","emoji_bo_fantasy_black","BowDude",,,,"SPECIAL","COLLECTORS","SPECIAL",,,,,,,,"TRUE",,,,,,,,,"NEVER"
"emoji_buster_angel",,,"sc/emoji_2.sc","emoji_buster_angel","ShieldTank",,,,"SPECIAL","COLLECTORS","SPECIAL",,,,,,,,"TRUE",,,,,,,,,"NEVER"
"emoji_champie_bling",,,"sc/emoji_2.sc","emoji_champie_bling",,,,,"SPECIAL","COLLECTORS","SPECIAL",,,,,,,,"TRUE",,,,"PROPASS",,,,,"NEVER"
"emoji_champie_greek",,,"sc/emoji_2.sc","emoji_champie_greek",,,,,"SPECIAL","COLLECTORS","SPECIAL",,,,,,,,"TRUE",,,,"PROPASS",,,,,"NEVER"
"emoji_graffiti_blue",,,"sc/emoji_2.sc","emoji_graffiti_blue",,,,,"SPECIAL","COLLECTORS","SPECIAL",,,,,,,,"TRUE",,,,"PROPASS",,,,,"NEVER"
"emoji_graffiti_orange",,,"sc/emoji_2.sc","emoji_graffiti_orange",,,,,"SPECIAL","COLLECTORS","SPECIAL",,,,,,,,"TRUE",,,,"PROPASS",,,,,"NEVER"
"emoji_graffiti_pink",,,"sc/emoji_2.sc","emoji_graffiti_pink",,,,,"SPECIAL","COLLECTORS","SPECIAL",,,,,,"1500","39","TRUE",,,,"PROPASS",,,,,"AVAILABLE"
"emoji_gus_demon",,,"sc/emoji_2.sc","emoji_gus_demon","SoulCollector",,,,"SPECIAL","COLLECTORS","SPECIAL",,,,,,,,"TRUE",,,,,,,,,"NEVER"
"emoji_mortis_greek",,,"sc/emoji_2.sc","emoji_mortis_greek","Undertaker",,,,"SPECIAL","COLLECTORS","SPECIAL",,,,,,,,"TRUE",,,,,,,,,"NEVER"
"emoji_mortis_greek_blue",,,"sc/emoji_2.sc","emoji_mortis_greek_blue","Undertaker",,,,"SPECIAL","COLLECTORS","SPECIAL",,,,,,,,"TRUE",,,,,,,,,"NEVER"
"emoji_mortis_greek_gold",,,"sc/emoji_2.sc","emoji_mortis_greek_gold","Undertaker",,,,"SPECIAL","COLLECTORS","SPECIAL",,,,,,,,"TRUE",,,,,,,,,"NEVER"
"emoji_bo_fantasy_green",,,"sc/emoji_2.sc","emoji_bo_fantasy_green","BowDude",,,,"SPECIAL","COLLECTORS","SPECIAL",,,,,,,,"TRUE",,,,,,,,,"NEVER"
"emoji_alli",,,"sc/emoji_2.sc","emoji_alli","Stalker",,,,"DEFAULT","DEFAULT","DEFAULT","Alli_Start_VO","8",,,,,,"TRUE",,,,,,,,,"NEVER"
"emoji_alli_happy",,,"sc/emoji_2.sc","emoji_alli_happy","Stalker",,,,"HAPPY","COMMON","HAPPY","Alli_Lead_VO","11",,,,,,"TRUE",,,,,,,"TrophyRewardsStalker",,"NEVER"
"emoji_alli_sad",,,"sc/emoji_2.sc","emoji_alli_sad","Stalker",,,,"SAD","COMMON","SAD","Alli_Lead_VO","1",,,,"375","9","TRUE",,,,,,,,"TRUE","AVAILABLE"
"emoji_alli_angry",,,"sc/emoji_2.sc","emoji_alli_angry","Stalker",,,,"ANGRY","COMMON","ANGRY","Alli_Hurt_VO","13",,,,"375","9","TRUE",,,,,,,,,"AVAILABLE"
"emoji_alli_gg",,,"sc/emoji_2.sc","emoji_alli_gg","Stalker",,,,"SPECIAL","RARE","GG","Alli_Kill_VO","4",,,,"750","19","TRUE",,,,,,,,,"AVAILABLE"
"emoji_alli_thanks",,,"sc/emoji_2.sc","emoji_alli_thanks","Stalker",,,,"SPECIAL","EPIC","THANKS","Alli_Kill_VO","2",,,,"1500","39","TRUE",,,,,,,,,"AVAILABLE"
"emoji_alli_phew",,,"sc/emoji_2.sc","emoji_alli_phew","Stalker",,,,"SPECIAL","EPIC","PHEW","Alli_Hurt_VO","7",,,,"1500","39","TRUE",,,,,,,,,"AVAILABLE"
"emoji_alli_special",,,"sc/emoji_2.sc","emoji_alli_special","Stalker",,,,"SPECIAL","EPIC","SPECIAL","Alli_Kill_VO","1",,,,,,"TRUE",,,,,,,"TrophyRewardsStalker",,"NEVER"
"emoji_alli_clap",,,"sc/emoji_2.sc","emoji_alli_clap","Stalker",,,,"SPECIAL","RARE","CLAP","Colt_Pin_Clap","0",,,,"750","19","TRUE",,,,,,,,,"AVAILABLE"
"emoji_alli_facepalm",,,"sc/emoji_2.sc","emoji_alli_facepalm","Stalker",,,,"SPECIAL","COLLECTORS","FACEPALM","Alli_Kill_VO","3",,,,,,"TRUE",,,,,,,"TrophyRewardsStalker","TRUE","NEVER"
"emoji_bull_demon",,,"sc/emoji_2.sc","emoji_bull_demon","BullDude",,,,"SPECIAL","COLLECTORS","SPECIAL",,,,,,,,"TRUE",,,,,,,,,"NEVER"
"emoji_angeldemon_starangel",,,"sc/emoji_2.sc","emoji_angeldemon_starangel",,,,,"SPECIAL","COLLECTORS","SPECIAL",,,,,,"1500","39","TRUE",,,,"ANGELDEMONS",,,,,"AVAILABLE"
"emoji_angeldemon_stardemon",,,"sc/emoji_2.sc","emoji_angeldemon_stardemon",,,,,"SPECIAL","COLLECTORS","SPECIAL",,,,,,"1500","39","TRUE",,,,"ANGELDEMONS",,,,,"AVAILABLE"
"emoji_fang_demon",,,"sc/emoji_2.sc","emoji_fang_demon","KickerDude",,,,"SPECIAL","COLLECTORS","SPECIAL",,,,,,,,"TRUE",,,,,,,,,"NEVER"
"emoji_max_streetwear",,,"sc/emoji_2.sc","emoji_max_streetwear","Speedy",,,,"SPECIAL","COLLECTORS","SPECIAL",,,,,,,,"TRUE",,,,,,,,,"NEVER"
"emoji_meg_angel",,,"sc/emoji_2.sc","emoji_meg_angel","MechaDude",,,,"SPECIAL","COLLECTORS","SPECIAL",,,,,,,,"TRUE",,,,,,,,,"NEVER"
"emoji_sandy_greek",,,"sc/emoji_2.sc","emoji_sandy_greek","Sandstorm",,,,"DEFAULT","COLLECTORS","DEFAULT","Sandy_Hypnos_Lead_VO","6",,,,,,"TRUE",,,,,,,,,"NEVER"
"emoji_sandy_greek_angry",,,"sc/emoji_2.sc","emoji_sandy_greek_angry","Sandstorm",,,,"ANGRY","COLLECTORS","ANGRY","Sandy_Hypnos_Hurt_VO","2",,,,,,"TRUE",,,,,,,,"TRUE","NEVER"
"emoji_sandy_greek_clap",,,"sc/emoji_2.sc","emoji_sandy_greek_clap","Sandstorm",,,,"SPECIAL","COLLECTORS","CLAP","Colt_Pin_Clap","0",,,,,,"TRUE",,,,,,,,,"NEVER"
"emoji_sandy_greek_gg",,,"sc/emoji_2.sc","emoji_sandy_greek_gg","Sandstorm",,,,"SPECIAL","COLLECTORS","GG","Sandy_Hypnos_Lead_VO","4",,,,,,"TRUE",,,,,,,,,"NEVER"
"emoji_sandy_greek_happy",,,"sc/emoji_2.sc","emoji_sandy_greek_happy","Sandstorm",,,,"HAPPY","COLLECTORS","HAPPY","Sandy_Hypnos_Kill_VO","2",,,,,,"TRUE",,,,,,,,,"NEVER"
"emoji_sandy_greek_phew",,,"sc/emoji_2.sc","emoji_sandy_greek_phew","Sandstorm",,,,"SPECIAL","COLLECTORS","PHEW","Sandy_Hypnos_Lead_VO","0",,,,,,"TRUE",,,,,,,,,"NEVER"
"emoji_sandy_greek_sad",,,"sc/emoji_2.sc","emoji_sandy_greek_sad","Sandstorm",,,,"SAD","COLLECTORS","SAD","Sandy_Hypnos_Hurt_VO","1",,,,,,"TRUE",,,,,,,,"TRUE","NEVER"
"emoji_sandy_greek_special",,,"sc/emoji_2.sc","emoji_sandy_greek_special","Sandstorm",,,,"SPECIAL","COLLECTORS","SPECIAL","Sandy_Hypnos_Lead_VO","0",,,,,,"TRUE",,,,,,,,,"NEVER"
"emoji_sandy_greek_thanks",,,"sc/emoji_2.sc","emoji_sandy_greek_thanks","Sandstorm",,,,"SPECIAL","COLLECTORS","THANKS","Sandy_Hypnos_Lead_VO","1",,,,,,"TRUE",,,,,,,,,"NEVER"
"emoji_trunk",,,"sc/emoji_2.sc","emoji_trunk","Domain",,,,"DEFAULT","DEFAULT","DEFAULT","Trunk_Kill_VO","0",,,,,,"TRUE",,,,,,,,,"NEVER"
"emoji_trunk_angry",,,"sc/emoji_2.sc","emoji_trunk_angry","Domain",,,,"ANGRY","COMMON","ANGRY","Trunk_Hurt_VO","4",,,,"375","9","TRUE",,,,,,,,"TRUE","AVAILABLE"
"emoji_trunk_clap",,,"sc/emoji_2.sc","emoji_trunk_clap","Domain",,,,"SPECIAL","RARE","CLAP","Colt_Pin_Clap","0",,,,"750","19","TRUE",,,,,,,,,"AVAILABLE"
"emoji_trunk_gg",,,"sc/emoji_2.sc","emoji_trunk_gg","Domain",,,,"SPECIAL","RARE","GG","Trunk_Lead_VO","9",,,,"750","19","TRUE",,,,,,,,,"AVAILABLE"
"emoji_trunk_happy",,,"sc/emoji_2.sc","emoji_trunk_happy","Domain",,,,"HAPPY","COMMON","HAPPY","Trunk_Lead_VO","0",,,,,,"TRUE",,,,,,,"TrophyRewardsDomain",,"NEVER"
"emoji_trunk_phew",,,"sc/emoji_2.sc","emoji_trunk_phew","Domain",,,,"SPECIAL","EPIC","PHEW","Trunk_Hurt_VO","2",,,,"1500","39","TRUE",,,,,,,,,"AVAILABLE"
"emoji_trunk_sad",,,"sc/emoji_2.sc","emoji_trunk_sad","Domain",,,,"SAD","COMMON","SAD","Trunk_Hurt_VO","8",,,,"375","9","TRUE",,,,,,,,"TRUE","AVAILABLE"
"emoji_trunk_special",,,"sc/emoji_2.sc","emoji_trunk_special","Domain",,,,"SPECIAL","EPIC","SPECIAL","Trunk_Lead_VO","6",,,,,,"TRUE",,,,,,,"TrophyRewardsDomain",,"NEVER"
"emoji_trunk_thanks",,,"sc/emoji_2.sc","emoji_trunk_thanks","Domain",,,,"SPECIAL","EPIC","THANKS","Trunk_Lead_VO","1",,,,"1500","39","TRUE",,,,,,,,,"AVAILABLE"
"emoji_trunk_facepalm",,,"sc/emoji_2.sc","emoji_trunk_facepalm","Domain",,,,"SPECIAL","COLLECTORS","FACEPALM","Trunk_Lead_VO","8",,,,,,"TRUE",,,,,,,"TrophyRewardsDomain","TRUE","NEVER"
"emoji_dynamike_propass",,,"sc/emoji_2.sc","emoji_dynamike_propass","TntDude",,,,"DEFAULT","COLLECTORS","DEFAULT","Dynamike_Candle_Start_VO","2",,,,,,"TRUE",,,,"PROPASS",,,,,"NEVER"
"emoji_dynamike_propass_angry",,,"sc/emoji_2.sc","emoji_dynamike_propass_angry","TntDude",,,,"ANGRY","COLLECTORS","ANGRY","Dynamike_Candle_Hurt_VO","2",,,,,,"TRUE",,,,"PROPASS",,,,"TRUE","NEVER"
"emoji_dynamike_propass_clap",,,"sc/emoji_2.sc","emoji_dynamike_propass_clap","TntDude",,,,"SPECIAL","COLLECTORS","CLAP","Colt_Pin_Clap","0",,,,,,"TRUE",,,,"PROPASS",,,,,"NEVER"
"emoji_dynamike_propass_gg",,,"sc/emoji_2.sc","emoji_dynamike_propass_gg","TntDude",,,,"SPECIAL","COLLECTORS","GG","Dynamike_Candle_Kill_VO","0",,,,,,"TRUE",,,,"PROPASS",,,,,"NEVER"
"emoji_dynamike_propass_happy",,,"sc/emoji_2.sc","emoji_dynamike_propass_happy","TntDude",,,,"HAPPY","COLLECTORS","HAPPY","Dynamike_Candle_Lead_VO","1",,,,,,"TRUE",,,,"PROPASS",,,,,"NEVER"
"emoji_dynamike_propass_phew",,,"sc/emoji_2.sc","emoji_dynamike_propass_phew","TntDude",,,,"SPECIAL","COLLECTORS","PHEW","Dynamike_Candle_Kill_VO","3",,,,,,"TRUE",,,,"PROPASS",,,,,"NEVER"
"emoji_dynamike_propass_sad",,,"sc/emoji_2.sc","emoji_dynamike_propass_sad","TntDude",,,,"SAD","COLLECTORS","SAD","Dynamike_Candle_Kill_VO","2",,,,,,"TRUE",,,,"PROPASS",,,,"TRUE","NEVER"
"emoji_dynamike_propass_special",,,"sc/emoji_2.sc","emoji_dynamike_propass_special","TntDude",,,,"SPECIAL","COLLECTORS","SPECIAL","Sandy_Hypnos_Lead_VO","3",,,,,,"TRUE",,,,"PROPASS",,,,,"NEVER"
"emoji_dynamike_propass_thanks",,,"sc/emoji_2.sc","emoji_dynamike_propass_thanks","TntDude",,,,"SPECIAL","COLLECTORS","THANKS","Dynamike_Candle_Kill_VO","1",,,,,,"TRUE",,,,"PROPASS",,,,,"NEVER"
"emoji_dynamike_propass_special_red",,,"sc/emoji_2.sc","emoji_dynamike_propass_special_red","TntDude",,,,"DEFAULT","COLLECTORS","SPECIAL","Sandy_Hypnos_Lead_VO","2",,,,,,"TRUE",,,,"PROPASS",,,,,"NEVER"
"emoji_dynamike_propass_special_green",,,"sc/emoji_2.sc","emoji_dynamike_propass_special_green","TntDude",,,,"DEFAULT","COLLECTORS","SPECIAL","Sandy_Hypnos_Lead_VO","1",,,,,,"TRUE",,,,"PROPASS",,,,,"NEVER"
"emoji_champi_knight",,,"sc/emoji_2.sc","emoji_champi_knight",,,,,"SPECIAL","COLLECTORS","SPECIAL",,,,,,"1500","39","TRUE",,,,"WF_2020",,,,,"AVAILABLE"
"emoji_removedmastery",,,"sc/emoji_2.sc","emoji_removedmastery",,,,,"SPECIAL","COLLECTORS","SPECIAL",,,,,,,,"TRUE",,,,"MISC",,,,,"NEVER"
"emoji_propass_angrybirb",,,"sc/emoji_2.sc","emoji_propass_angrybirb",,,,,"SPECIAL","COLLECTORS","SPECIAL",,,,,,,,"TRUE",,,,"PROPASS",,,,,"NEVER"
"emoji_propass_coffin",,,"sc/emoji_2.sc","emoji_propass_coffin",,,,,"SPECIAL","COLLECTORS","SPECIAL",,,,,,,,"TRUE",,,,"PROPASS",,,,,"NEVER"
"emoji_propass_phewbirb",,,"sc/emoji_2.sc","emoji_propass_phewbirb",,,,,"SPECIAL","COLLECTORS","SPECIAL",,,,,,,,"TRUE",,,,"PROPASS",,,,,"NEVER"
"emoji_propass_takethel",,,"sc/emoji_2.sc","emoji_propass_takethel",,,,,"SPECIAL","COLLECTORS","SPECIAL",,,,,,,,"TRUE",,,,"PROPASS",,,,,"NEVER"
"emoji_propass_watermelonghost",,,"sc/emoji_2.sc","emoji_propass_watermelonghost",,,,,"SPECIAL","COLLECTORS","SPECIAL",,,,,,,,"TRUE",,,,"PROPASS",,,,,"NEVER"
"emoji_barley_university",,,"sc/emoji_2.sc","emoji_barley_university","Barkeep",,,,"SPECIAL","COLLECTORS","SPECIAL",,"6",,,,,,"TRUE",,,,,,,,,"NEVER"
"emoji_byron_subway",,,"sc/emoji_2.sc","emoji_byron_subway","SnakeOil",,,,"SPECIAL","COLLECTORS","SPECIAL",,"6",,,,,,"TRUE",,,,,,,,,"NEVER"
"emoji_chester_university",,,"sc/emoji_2.sc","emoji_chester_university","Jester",,,,"SPECIAL","COLLECTORS","SPECIAL",,"6",,,,,,"TRUE",,,,,,,,,"NEVER"
"emoji_janet_subway",,,"sc/emoji_2.sc","emoji_janet_subway","JetpackGirl",,,,"SPECIAL","COLLECTORS","SPECIAL",,"6",,,,,,"TRUE",,,,,,,,,"NEVER"
"emoji_ollie_subway",,,"sc/emoji_2.sc","emoji_ollie_subway","Skater",,,,"SPECIAL","COLLECTORS","SPECIAL",,"6",,,,,,"TRUE",,,,,,,,,"NEVER"
"emoji_penny_university",,,"sc/emoji_2.sc","emoji_penny_university","ArtilleryDude",,,,"SPECIAL","COLLECTORS","SPECIAL",,"6",,,,,,"TRUE",,,,,,,,,"NEVER"
"emoji_jae_overcharge",,,"sc/emoji_2.sc","emoji_jae_overcharge","Alternator",,,,"SPECIAL","COLLECTORS","SPECIAL",,,,,,,,"TRUE",,,,,,,,,"NEVER"
"emoji_juju_overcharge",,,"sc/emoji_2.sc","emoji_juju_overcharge","Voodoo",,,,"SPECIAL","COLLECTORS","SPECIAL",,,,,,,,"TRUE",,,,,,,,,"NEVER"
"emoji_meeple_overcharge",,,"sc/emoji_2.sc","emoji_meeple_overcharge","Meeple",,,,"SPECIAL","COLLECTORS","SPECIAL",,,,,,,,"TRUE",,,,,,,,,"NEVER"
"emoji_ollie_overcharge",,,"sc/emoji_2.sc","emoji_ollie_overcharge","Skater",,,,"SPECIAL","COLLECTORS","SPECIAL",,,,,,,,"TRUE",,,,,,,,,"NEVER"
"emoji_byron_overcharge",,,"sc/emoji_2.sc","emoji_byron_overcharge","SnakeOil",,,,"SPECIAL","COLLECTORS","SPECIAL",,,,,,,,"TRUE",,,,,,,,,"NEVER"
"emoji_finx_overcharge",,,"sc/emoji_2.sc","emoji_finx_overcharge","Chronomancer",,,,"SPECIAL","COLLECTORS","SPECIAL",,,,,,,,"TRUE",,,,,,,,,"NEVER"
"emoji_trunk_overcharge",,,"sc/emoji_2.sc","emoji_trunk_overcharge","Domain",,,,"SPECIAL","COLLECTORS","SPECIAL",,,,,,,,"TRUE",,,,,,,,,"NEVER"
"emoji_twin_overcharge",,,"sc/emoji_2.sc","emoji_twin_overcharge","Twins",,,,"SPECIAL","COLLECTORS","SPECIAL",,,,,,,,"TRUE",,,,,,,,,"NEVER"
"emoji_buzz_fisherman",,,"sc/emoji_2.sc","emoji_buzz_fisherman","RopeDude",,,,"DEFAULT","COLLECTORS","SPECIAL",,"6",,,,,,"TRUE",,,,,,,,,"NEVER"
"emoji_emz_street",,,"sc/emoji_2.sc","emoji_emz_street","Mummy",,,,"SPECIAL","COLLECTORS","SPECIAL",,"6",,,,,,"TRUE",,,,,,,,,"NEVER"
"emoji_emz_street_bling",,,"sc/emoji_2.sc","emoji_emz_street_bling","Mummy",,,,"SPECIAL","COLLECTORS","SPECIAL",,"6",,,,,,"TRUE",,,,,,,,,"NEVER"
"emoji_emz_street_green",,,"sc/emoji_2.sc","emoji_emz_street_green","Mummy",,,,"SPECIAL","COLLECTORS","SPECIAL",,"6",,,,,,"TRUE",,,,,,,,,"NEVER"
"emoji_hank_street",,,"sc/emoji_2.sc","emoji_hank_street","FishTank",,,,"SPECIAL","COLLECTORS","SPECIAL",,"6",,,,,,"TRUE",,,,,,,,,"NEVER"
"emoji_mina",,,"sc/emoji_2.sc","emoji_mina","Dancer",,,,"DEFAULT","DEFAULT","DEFAULT","Mina_Start_VO","8",,,,,,"TRUE",,,,,,,,,"NEVER"
"emoji_mina_happy",,,"sc/emoji_2.sc","emoji_mina_happy","Dancer",,,,"HAPPY","COMMON","HAPPY","Mina_Kill_VO","9",,,,,,"TRUE",,,,,,,"TrophyRewardsDancer",,"NEVER"
"emoji_mina_sad",,,"sc/emoji_2.sc","emoji_mina_sad","Dancer",,,,"SAD","COMMON","SAD","Mina_Hurt_VO","2",,,,"375","9","TRUE",,,,,,,,"TRUE","AVAILABLE"
"emoji_mina_angry",,,"sc/emoji_2.sc","emoji_mina_angry","Dancer",,,,"ANGRY","COMMON","ANGRY","Mina_Kill_VO","7",,,,"375","9","TRUE",,,,,,,,"TRUE","AVAILABLE"
"emoji_mina_gg",,,"sc/emoji_2.sc","emoji_mina_gg","Dancer",,,,"SPECIAL","RARE","GG","Mina_Start_VO","1",,,,"750","19","TRUE",,,,,,,,,"AVAILABLE"
"emoji_mina_thanks",,,"sc/emoji_2.sc","emoji_mina_thanks","Dancer",,,,"SPECIAL","EPIC","THANKS","Mina_Lead_VO","11",,,,"1500","39","TRUE",,,,,,,,,"AVAILABLE"
"emoji_mina_phew",,,"sc/emoji_2.sc","emoji_mina_phew","Dancer",,,,"SPECIAL","EPIC","PHEW","Mina_Kill_VO","6",,,,"1500","39","TRUE",,,,,,,,,"AVAILABLE"
"emoji_mina_special",,,"sc/emoji_2.sc","emoji_mina_special","Dancer",,,,"SPECIAL","EPIC","SPECIAL","Mina_Kill_VO","0",,,,,,"TRUE",,,,,,,"TrophyRewardsDancer",,"NEVER"
"emoji_mina_clap",,,"sc/emoji_2.sc","emoji_mina_clap","Dancer",,,,"SPECIAL","RARE","CLAP","Colt_Pin_Clap","0",,,,"750","19","TRUE",,,,,,,,,"AVAILABLE"
"emoji_mina_facepalm",,,"sc/emoji_2.sc","emoji_mina_facepalm","Dancer",,,,"SPECIAL","COLLECTORS","FACEPALM","Mina_Kill_VO","5",,,,,,"TRUE",,,,,,,"TrophyRewardsDancer","TRUE","NEVER"
"emoji_graffiti_box",,,"sc/emoji_2.sc","emoji_graffiti_box",,,,,"SPECIAL","COLLECTORS","SPECIAL",,,,,,,,"TRUE",,,,"SUBWAY",,,,,"NEVER"
"emoji_brawloween_box",,,"sc/emoji_2.sc","emoji_brawloween_box",,,,,"SPECIAL","COLLECTORS","SPECIAL",,,,,,,,"TRUE",,,,"BRAWLOWEEN",,,,,"NEVER"
"emoji_box_ziggy",,,"sc/emoji_2.sc","emoji_box_ziggy",,,,,"SPECIAL","COLLECTORS","SPECIAL",,,,,,,,"TRUE",,,,"BOXES",,,,,"NEVER"
"emoji_box_mina",,,"sc/emoji_2.sc","emoji_box_mina",,,,,"SPECIAL","COLLECTORS","SPECIAL",,,,,,,,"TRUE",,,,"BOXES",,,,,"NEVER"
"emoji_rico_brawloween",,,"sc/emoji_2.sc","emoji_rico_brawloween","TrickshotDude",,,,"DEFAULT","COLLECTORS","SPECIAL",,,,,,,,"TRUE",,,,,,,,,"NEVER"
"emoji_moonharvest_lanterns",,,"sc/emoji_2.sc","emoji_moonharvest_lanterns",,,,,"SPECIAL","COLLECTORS","SPECIAL",,,,,,"1500","39","TRUE",,,,"LUNAREVENT",,,,,"AVAILABLE"
"emoji_moonharvest_bunny25",,,"sc/emoji_2.sc","emoji_moonharvest_bunny25",,,,,"SPECIAL","COLLECTORS","SPECIAL",,,,,,"1500","39","TRUE",,,,"LUNAREVENT",,,,,"AVAILABLE"
"emoji_crow_brawloween_red",,,"sc/emoji_2.sc","emoji_crow_brawloween_red","Crow",,,,"DEFAULT","COLLECTORS","SPECIAL",,,,,,,,"TRUE",,,,,,,,,"NEVER"
"emoji_crow_brawloween_blue",,,"sc/emoji_2.sc","emoji_crow_brawloween_blue","Crow",,,,"DEFAULT","COLLECTORS","SPECIAL",,,,,,,,"TRUE",,,,,,,,,"NEVER"
"emoji_crow_brawloween",,,"sc/emoji_2.sc","emoji_crow_brawloween","Crow",,,,"DEFAULT","COLLECTORS","SPECIAL",,,,,,,,"TRUE",,,,,,,,,"NEVER"
"emoji_brawloween_trickortreat",,,"sc/emoji_2.sc","emoji_brawloween_trickortreat",,,,,"SPECIAL","COLLECTORS","SPECIAL",,,,,,,,"TRUE",,,,"BRAWLOWEEN",,,,,"NEVER"
"emoji_brawloween_scarepumpkin",,,"sc/emoji_2.sc","emoji_brawloween_scarepumpkin",,,,,"SPECIAL","COLLECTORS","SPECIAL",,,,,,,,"TRUE",,,,"BRAWLOWEEN",,,,,"NEVER"
"emoji_brawloween_hoodie",,,"sc/emoji_2.sc","emoji_brawloween_hoodie",,,,,"SPECIAL","COLLECTORS","SPECIAL",,,,,,,,"TRUE",,,,"BRAWLOWEEN",,,,,"NEVER"
"emoji_bea_brawloween",,,"sc/emoji_2.sc","emoji_bea_brawloween","BeeSniper",,,,"DEFAULT","COLLECTORS","SPECIAL",,,,,,,,"TRUE",,,,,,,,,"NEVER"
"emoji_university_gradeF",,,"sc/emoji_2.sc","emoji_university_gradeF",,,,,"SPECIAL","COLLECTORS","SPECIAL",,,,,,,,"TRUE",,,,"UNIVERSITY",,,,,"NEVER"
"emoji_university_gradeA",,,"sc/emoji_2.sc","emoji_university_gradeA",,,,,"SPECIAL","COLLECTORS","SPECIAL",,,,,,"1500","39","TRUE",,,,"UNIVERSITY",,,,,"AVAILABLE"
"emoji_ruffs_brawloween",,,"sc/emoji_2.sc","emoji_ruffs_brawloween","Ruffs",,,,"DEFAULT","COLLECTORS","SPECIAL",,,,,,,,"TRUE",,,,,,,,,"NEVER"
"emoji_rt_brawloween",,,"sc/emoji_2.sc","emoji_rt_brawloween","Splitter",,,,"DEFAULT","COLLECTORS","SPECIAL",,,,,,,,"TRUE",,,,,,,,,"NEVER"
"emoji_bp_street",,,"sc/emoji_2.sc","emoji_bp_street",,,,,"DEFAULT","COLLECTORS","DEFAULT",,,,,,,,"TRUE",,,,"STREET",,,,,"NEVER"
"emoji_bp_street_angry",,,"sc/emoji_2.sc","emoji_bp_street_angry",,,,,"ANGRY","COLLECTORS","ANGRY",,,,,,,,"TRUE",,,,"STREET",,,,"TRUE","NEVER"
"emoji_bp_street_clap",,,"sc/emoji_2.sc","emoji_bp_street_clap",,,,,"SPECIAL","COLLECTORS","CLAP","Colt_Pin_Clap","0",,,,,,"TRUE",,,,"STREET",,,,,"NEVER"
"emoji_bp_street_happy",,,"sc/emoji_2.sc","emoji_bp_street_happy",,,,,"HAPPY","COLLECTORS","HAPPY",,,,,,,,"TRUE",,,,"STREET",,,,,"NEVER"
"emoji_bp_street_gg",,,"sc/emoji_2.sc","emoji_bp_street_gg",,,,,"SPECIAL","COLLECTORS","GG",,,,,,,,"TRUE",,,,"STREET",,,,,"NEVER"
"emoji_bp_street_phew",,,"sc/emoji_2.sc","emoji_bp_street_phew",,,,,"SPECIAL","COLLECTORS","PHEW",,,,,,,,"TRUE",,,,"STREET",,,,,"NEVER"
"emoji_bp_street_sad",,,"sc/emoji_2.sc","emoji_bp_street_sad",,,,,"SAD","COLLECTORS","SAD",,,,,,,,"TRUE",,,,"STREET",,,,"TRUE","NEVER"
"emoji_bp_street_special",,,"sc/emoji_2.sc","emoji_bp_street_special",,,,,"SPECIAL","COLLECTORS","THANKS",,,,,,,,"TRUE",,,,"STREET",,,,,"NEVER"
"emoji_bp_street_thanks",,,"sc/emoji_2.sc","emoji_bp_street_thanks",,,,,"SPECIAL","COLLECTORS","SPECIAL",,,,,,,,"TRUE",,,,"STREET",,,,,"NEVER"
"emoji_tick_brawloween",,,"sc/emoji_2.sc","emoji_tick_brawloween","ClusterBombDude",,,,"DEFAULT","COLLECTORS","DEFAULT","Tick_vo_1_Halloween","0",,,,,,"TRUE",,,,,,,,,"NEVER"
"emoji_tick_brawloween_angry",,,"sc/emoji_2.sc","emoji_tick_brawloween_angry","ClusterBombDude",,,,"SPECIAL","COLLECTORS","ANGRY","Tick_vo_hurt_Halloween","3",,,,,,"TRUE",,,,,,,,"TRUE","NEVER"
"emoji_tick_brawloween_gg",,,"sc/emoji_2.sc","emoji_tick_brawloween_gg","ClusterBombDude",,,,"SPECIAL","COLLECTORS","GG","Tick_vo_1_Halloween","2",,,,,,"TRUE",,,,,,,,,"NEVER"
"emoji_tick_brawloween_happy",,,"sc/emoji_2.sc","emoji_tick_brawloween_happy","ClusterBombDude",,,,"SPECIAL","COLLECTORS","HAPPY","Tick_vo_1_Halloween","3",,,,,,"TRUE",,,,,,,,,"NEVER"
"emoji_tick_brawloween_phew",,,"sc/emoji_2.sc","emoji_tick_brawloween_phew","ClusterBombDude",,,,"SPECIAL","COLLECTORS","PHEW","Tick_vo_hurt_Halloween","0",,,,,,"TRUE",,,,,,,,,"NEVER"
"emoji_tick_brawloween_sad",,,"sc/emoji_2.sc","emoji_tick_brawloween_sad","ClusterBombDude",,,,"SPECIAL","COLLECTORS","SAD","Tick_vo_hurt_Halloween","1",,,,,,"TRUE",,,,,,,,"TRUE","NEVER"
"emoji_tick_brawloween_special",,,"sc/emoji_2.sc","emoji_tick_brawloween_special","ClusterBombDude",,,,"SPECIAL","COLLECTORS","SPECIAL","Tick_vo_hurt_Halloween","2",,,,,,"TRUE",,,,,,,,,"NEVER"
"emoji_tick_brawloween_thanks",,,"sc/emoji_2.sc","emoji_tick_brawloween_thanks","ClusterBombDude",,,,"SPECIAL","COLLECTORS","THANKS","Tick_vo_1_Halloween","4",,,,,,"TRUE",,,,,,,,,"NEVER"
"emoji_tick_brawloween_clap",,,"sc/emoji_2.sc","emoji_tick_brawloween_clap","ClusterBombDude",,,,"SPECIAL","COLLECTORS","CLAP","Colt_Pin_Clap","0",,,,,,"TRUE",,,,,,,,,"NEVER"
"emoji_ziggy",,,"sc/emoji_2.sc","emoji_ziggy","Fury",,,,"DEFAULT","DEFAULT","DEFAULT","Ziggy_Kill_VO","0",,,,,,"TRUE",,,,,,,,,"NEVER"
"emoji_ziggy_happy",,,"sc/emoji_2.sc","emoji_ziggy_happy","Fury",,,,"HAPPY","COMMON","HAPPY","Ziggy_Kill_VO","3",,,,,,"TRUE",,,,,,,"TrophyRewardsFury",,"NEVER"
"emoji_ziggy_sad",,,"sc/emoji_2.sc","emoji_ziggy_sad","Fury",,,,"SAD","COMMON","SAD","Ziggy_Hurt_VO","6",,,,"375","9","TRUE",,,,,,,,"TRUE","AVAILABLE"
"emoji_ziggy_angry",,,"sc/emoji_2.sc","emoji_ziggy_angry","Fury",,,,"ANGRY","COMMON","ANGRY","Ziggy_Kill_VO","6",,,,"375","9","TRUE",,,,,,,,"TRUE","AVAILABLE"
"emoji_ziggy_gg",,,"sc/emoji_2.sc","emoji_ziggy_gg","Fury",,,,"SPECIAL","RARE","GG","Ziggy_Start_VO","3",,,,"750","19","TRUE",,,,,,,,,"AVAILABLE"
"emoji_ziggy_thanks",,,"sc/emoji_2.sc","emoji_ziggy_thanks","Fury",,,,"SPECIAL","EPIC","THANKS","Ziggy_Lead_VO","1",,,,"1500","39","TRUE",,,,,,,,,"AVAILABLE"
"emoji_ziggy_phew",,,"sc/emoji_2.sc","emoji_ziggy_phew","Fury",,,,"SPECIAL","EPIC","PHEW","Ziggy_Hurt_VO","4",,,,"1500","39","TRUE",,,,,,,,,"AVAILABLE"
"emoji_ziggy_special",,,"sc/emoji_2.sc","emoji_ziggy_special","Fury",,,,"SPECIAL","EPIC","SPECIAL","Ziggy_Start_VO","0",,,,,,"TRUE",,,,,,,"TrophyRewardsFury",,"NEVER"
"emoji_ziggy_clap",,,"sc/emoji_2.sc","emoji_ziggy_clap","Fury",,,,"SPECIAL","RARE","CLAP","Colt_Pin_Clap","0",,,,"750","19","TRUE",,,,,,,,,"AVAILABLE"
"emoji_ziggy_facepalm",,,"sc/emoji_2.sc","emoji_ziggy_facepalm","Fury",,,,"SPECIAL","COLLECTORS","FACEPALM","Ziggy_Kill_VO","2",,,,,,"TRUE",,,,,,,"TrophyRewardsFury","TRUE","NEVER"
"emoji_carl_carreta",,,"sc/emoji_2.sc","emoji_carl_carreta","Whirlwind",,,,"DEFAULT","COLLECTORS","DEFAULT",,,,,,,,"TRUE",,,,,,,,,"NEVER"
"emoji_leon_street",,,"sc/emoji_2.sc","emoji_leon_street",,,,,"SPECIAL","COLLECTORS","SPECIAL",,,,,,,,"TRUE",,,,"STREET",,,,,"NEVER"
"3ce9718616e4ab688ad294c6ada468f774754199",-1,-1,"sc/emoji_1.sc","emoji_8bit_gg",,,,,"SPECIAL","RARE","GG","8bit_kill_vo","1",,,,"750","19","TRUE",,,,,,,,,"AVAILABLE"
"emoji_bp_brawloween",,,"sc/emoji_2.sc","emoji_bp_brawloween",,,,,"DEFAULT","COLLECTORS","DEFAULT",,,,,,,,"TRUE",,,,"BRAWLOWEEN",,,,,"NEVER"
"emoji_bp_brawloween_angry",,,"sc/emoji_2.sc","emoji_bp_brawloween_angry",,,,,"ANGRY","COLLECTORS","ANGRY",,,,,,,,"TRUE",,,,"BRAWLOWEEN",,,,"TRUE","NEVER"
"emoji_bp_brawloween_clap",,,"sc/emoji_2.sc","emoji_bp_brawloween_clap",,,,,"SPECIAL","COLLECTORS","CLAP","Colt_Pin_Clap","0",,,,,,"TRUE",,,,"BRAWLOWEEN",,,,,"NEVER"
"emoji_bp_brawloween_happy",,,"sc/emoji_2.sc","emoji_bp_brawloween_happy",,,,,"HAPPY","COLLECTORS","HAPPY",,,,,,,,"TRUE",,,,"BRAWLOWEEN",,,,,"NEVER"
"emoji_bp_brawloween_gg",,,"sc/emoji_2.sc","emoji_bp_brawloween_gg",,,,,"SPECIAL","COLLECTORS","GG",,,,,,,,"TRUE",,,,"BRAWLOWEEN",,,,,"NEVER"
"emoji_bp_brawloween_phew",,,"sc/emoji_2.sc","emoji_bp_brawloween_phew",,,,,"SPECIAL","COLLECTORS","PHEW",,,,,,,,"TRUE",,,,"BRAWLOWEEN",,,,,"NEVER"
"emoji_bp_brawloween_sad",,,"sc/emoji_2.sc","emoji_bp_brawloween_sad",,,,,"SAD","COLLECTORS","SAD",,,,,,,,"TRUE",,,,"BRAWLOWEEN",,,,"TRUE","NEVER"
"emoji_bp_brawloween_thanks",,,"sc/emoji_2.sc","emoji_bp_brawloween_thanks",,,,,"SPECIAL","COLLECTORS","THANKS",,,,,,,,"TRUE",,,,"BRAWLOWEEN",,,,,"NEVER"
"emoji_bp_brawloween_special",,,"sc/emoji_2.sc","emoji_bp_brawloween_special",,,,,"SPECIAL","COLLECTORS","SPECIAL",,,,,,,,"TRUE",,,,"BRAWLOWEEN",,,,,"NEVER"
"emoji_alli_street",,,"sc/emoji_2.sc","emoji_alli_street",,,,,"SPECIAL","COLLECTORS","SPECIAL",,,,,,,,"TRUE",,,,"STREET",,,,,"NEVER"
"emoji_mina_street",,,"sc/emoji_2.sc","emoji_mina_street",,,,,"SPECIAL","COLLECTORS","SPECIAL",,,,,,,,"TRUE",,,,"STREET",,,,,"NEVER"
"emoji_stu_street",,,"sc/emoji_2.sc","emoji_stu_street",,,,,"SPECIAL","COLLECTORS","SPECIAL",,,,,,,,"TRUE",,,,"STREET",,,,,"NEVER"
"emoji_spike_carreta",,,"sc/emoji_2.sc","emoji_spike_carreta","Cactus",,,,"DEFAULT","COLLECTORS","DEFAULT",,,,,,,,"TRUE",,,,,,,,,"NEVER"
"emoji_primo_carreta",,,"sc/emoji_2.sc","emoji_primo_carreta","Luchador",,,,"DEFAULT","COLLECTORS","DEFAULT",,,,,,,,"TRUE",,,,,,,,,"NEVER"
"emoji_street_flameheart",,,"sc/emoji_2.sc","emoji_street_flameheart",,,,,"SPECIAL","COLLECTORS","SPECIAL",,,,,,,,"TRUE",,,,"STREET",,,,,"NEVER"
"emoji_poco_hc_street",,,"sc/emoji_2.sc","emoji_poco_hc_street","DeadMariachi",,,,"DEFAULT","COLLECTORS","DEFAULT","Poco_Street_Lead_VO","0",,,,,,"TRUE",,,,,,,,,"NEVER"
"emoji_poco_hc_street_angry",,,"sc/emoji_2.sc","emoji_poco_hc_street_angry","DeadMariachi",,,,"ANGRY","COLLECTORS","ANGRY","Poco_Street_Hurt_VO","2",,,,,,"TRUE",,,,,,,,"TRUE","NEVER"
"emoji_poco_hc_street_clap",,,"sc/emoji_2.sc","emoji_poco_hc_street_clap","DeadMariachi",,,,"SPECIAL","COLLECTORS","CLAP","Colt_Pin_Clap","0",,,,,,"TRUE",,,,,,,,,"NEVER"
"emoji_poco_hc_street_happy",,,"sc/emoji_2.sc","emoji_poco_hc_street_happy","DeadMariachi",,,,"HAPPY","COLLECTORS","HAPPY","Poco_Street_Lead_VO","1",,,,,,"TRUE",,,,,,,,,"NEVER"
"emoji_poco_hc_street_gg",,,"sc/emoji_2.sc","emoji_poco_hc_street_gg","DeadMariachi",,,,"SPECIAL","COLLECTORS","GG","Poco_Street_Kill_VO","2",,,,,,"TRUE",,,,,,,,,"NEVER"
"emoji_poco_hc_street_phew",,,"sc/emoji_2.sc","emoji_poco_hc_street_phew","DeadMariachi",,,,"SPECIAL","COLLECTORS","PHEW","Poco_Street_Hurt_VO","4",,,,,,"TRUE",,,,,,,,,"NEVER"
"emoji_poco_hc_street_sad",,,"sc/emoji_2.sc","emoji_poco_hc_street_sad","DeadMariachi",,,,"SAD","COLLECTORS","SAD","Poco_Street_Die_VO","0",,,,,,"TRUE",,,,,,,,"TRUE","NEVER"
"emoji_poco_hc_street_special",,,"sc/emoji_2.sc","emoji_poco_hc_street_special","DeadMariachi",,,,"SPECIAL","COLLECTORS","THANKS","Poco_Street_Lead_VO","5",,,,,,"TRUE",,,,,,,,,"NEVER"
"emoji_poco_hc_street_thanks",,,"sc/emoji_2.sc","emoji_poco_hc_street_thanks","DeadMariachi",,,,"SPECIAL","COLLECTORS","SPECIAL","Poco_Street_Start_VO","7",,,,,,"TRUE",,,,,,,,,"NEVER"
"emoji_poco_hc_street_special_pink",,,"sc/emoji_2.sc","emoji_poco_hc_street_special_pink","DeadMariachi",,,,"SPECIAL","COLLECTORS","THANKS","Poco_Street_Start_VO","4",,,,,,"TRUE",,,,,,,,,"NEVER"
"emoji_poco_hc_street_special_purple",,,"sc/emoji_2.sc","emoji_poco_hc_street_special_purple","DeadMariachi",,,,"SPECIAL","COLLECTORS","THANKS","Poco_Street_Kill_VO","5",,,,,,"TRUE",,,,,,,,,"NEVER"
"9aa2cf491eb18ff71f85c444de5a2f6e73e76bf1",-1,-1,"sc/emoji_1.sc","emoji_8bit_gg",,,,,"SPECIAL","RARE","GG","8bit_kill_vo","1",,,,"750","19","TRUE",,,,,,,,,"AVAILABLE"
"b9e0a618efb3c45f11b943f8fcb40c2f8d2985aa",-1,-1,"sc/emoji_1.sc","emoji_8bit_gg",,,,,"SPECIAL","RARE","GG","8bit_kill_vo","1",,,,"750","19","TRUE",,,,,,,,,"AVAILABLE"
"emoji_street_pogogun",,,"sc/emoji_2.sc","emoji_street_pogogun",,,,,"SPECIAL","COLLECTORS","SPECIAL",,,,,,,,"TRUE",,,,"SUBWAY",,,,,"NEVER"
"emoji_street_train",,,"sc/emoji_2.sc","emoji_street_train",,,,,"SPECIAL","COLLECTORS","SPECIAL",,,,,,,,"TRUE",,,,"SUBWAY",,,,,"NEVER"
"emoji_carreta_juice",,,"sc/emoji_2.sc","emoji_carreta_juice",,,,,"SPECIAL","COLLECTORS","SPECIAL",,,,,,,,"TRUE",,,,"CARRETA",,,,,"NEVER"
"emoji_champie_brazil",,,"sc/emoji_2.sc","emoji_champie_brazil",,,,,"SPECIAL","COLLECTORS","SPECIAL",,,,,,,,"TRUE",,,,"CARRETA",,,,,"NEVER"
"emoji_potato_blue",,,"sc/emoji_2.sc","emoji_potato_blue","Dancer",,,,"SPECIAL","COLLECTORS","SPECIAL",,,,,,,,"TRUE",,,,,,,,,"NEVER"
"emoji_potato_green",,,"sc/emoji_2.sc","emoji_potato_green","Dancer",,,,"SPECIAL","COLLECTORS","SPECIAL",,,,,,,,"TRUE",,,,,,,,,"NEVER"
"emoji_potato_orange",,,"sc/emoji_2.sc","emoji_potato_orange","Dancer",,,,"SPECIAL","COLLECTORS","SPECIAL",,,,,,,,"TRUE",,,,,,,,,"NEVER"
"emoji_potato_purple",,,"sc/emoji_2.sc","emoji_potato_purple","Fury",,,,"SPECIAL","COLLECTORS","SPECIAL",,,,,,,,"TRUE",,,,,,,,,"NEVER"
"emoji_potato_red",,,"sc/emoji_2.sc","emoji_potato_red","Fury",,,,"SPECIAL","COLLECTORS","SPECIAL",,,,,,,,"TRUE",,,,,,,,,"NEVER"
"emoji_potato_yellow",,,"sc/emoji_2.sc","emoji_potato_yellow","Fury",,,,"SPECIAL","COLLECTORS","SPECIAL",,,,,,,,"TRUE",,,,,,,,,"NEVER"
"emoji_pearl_lunar",,,"sc/emoji_2.sc","emoji_pearl_lunar","Cooker",,,,"DEFAULT","COLLECTORS","SPECIAL",,,,,,,,"TRUE",,,,,,,,,"NEVER"
"emoji_surge_lunar",,,"sc/emoji_2.sc","emoji_surge_lunar","PowerLeveler",,,,"DEFAULT","COLLECTORS","DEFAULT","Surge_Porcelain_Start_VO","3",,,,,,"TRUE",,,,,,,,,"NEVER"
"emoji_surge_lunar_angry",,,"sc/emoji_2.sc","emoji_surge_lunar_angry","PowerLeveler",,,,"ANGRY","COLLECTORS","ANGRY","Surge_Porcelain_Kill_VO","4",,,,,,"TRUE",,,,,,,,"TRUE","NEVER"
"emoji_surge_lunar_clap",,,"sc/emoji_2.sc","emoji_surge_lunar_clap","PowerLeveler",,,,"SPECIAL","COLLECTORS","CLAP","Colt_Pin_Clap","0",,,,,,"TRUE",,,,,,,,,"NEVER"
"emoji_surge_lunar_happy",,,"sc/emoji_2.sc","emoji_surge_lunar_happy","PowerLeveler",,,,"HAPPY","COLLECTORS","HAPPY","Surge_Porcelain_Kill_VO","5",,,,,,"TRUE",,,,,,,,,"NEVER"
"emoji_surge_lunar_gg",,,"sc/emoji_2.sc","emoji_surge_lunar_gg","PowerLeveler",,,,"SPECIAL","COLLECTORS","GG","Surge_Porcelain_Start_VO","5",,,,,,"TRUE",,,,,,,,,"NEVER"
"emoji_surge_lunar_phew",,,"sc/emoji_2.sc","emoji_surge_lunar_phew","PowerLeveler",,,,"SPECIAL","COLLECTORS","PHEW","Surge_Porcelain_Hurt_VO","2",,,,,,"TRUE",,,,,,,,,"NEVER"
"emoji_surge_lunar_sad",,,"sc/emoji_2.sc","emoji_surge_lunar_sad","PowerLeveler",,,,"SAD","COLLECTORS","SAD","Surge_Porcelain_Hurt_VO","4",,,,,,"TRUE",,,,,,,,"TRUE","NEVER"
"emoji_surge_lunar_special",,,"sc/emoji_2.sc","emoji_surge_lunar_special","PowerLeveler",,,,"SPECIAL","COLLECTORS","SPECIAL","Surge_Porcelain_Kill_VO","0",,,,,,"TRUE",,,,,,,,,"NEVER"
"emoji_surge_lunar_thanks",,,"sc/emoji_2.sc","emoji_surge_lunar_thanks","PowerLeveler",,,,"SPECIAL","COLLECTORS","THANKS","Surge_Porcelain_Lead_VO","0",,,,,,"TRUE",,,,,,,,,"NEVER"
"emoji_street_cool",,,"sc/emoji_2.sc","emoji_street_cool",,,,,"SPECIAL","COLLECTORS","SPECIAL",,,,,,,,"TRUE",,,,"STREET",,,,,"NEVER"
"emoji_street_popcorn",,,"sc/emoji_2.sc","emoji_street_popcorn",,,,,"SPECIAL","COLLECTORS","SPECIAL",,,,,,,,"TRUE",,,,"STREET",,,,,"NEVER"
"emoji_box_gigi",,,"sc/emoji_2.sc","emoji_box_gigi","Daredevil",,,,"SPECIAL","COLLECTORS","SPECIAL",,,,,,,,"TRUE",,,,"BOXES",,,,,"NEVER"
"d19f8164140af9ebc6da38ceb0816964454c39c1",-1,-1,"sc/emoji_1.sc","emoji_8bit_gg",,,,,"SPECIAL","RARE","GG","8bit_kill_vo","1",,,,"750","19","TRUE",,,,,,,,,"AVAILABLE"
"emoji_bp_mecha",,,"sc/emoji_2.sc","emoji_bp_mecha",,,,,"DEFAULT","COLLECTORS","DEFAULT",,,,,,"1500","39","TRUE",,,,"MECHA",,,,,"AVAILABLE"
"emoji_bp_mecha_angry",,,"sc/emoji_2.sc","emoji_bp_mecha_angry",,,,,"ANGRY","COLLECTORS","ANGRY",,,,,,"1500","39","TRUE",,,,"MECHA",,,,"TRUE","AVAILABLE"
"emoji_bp_mecha_clap",,,"sc/emoji_2.sc","emoji_bp_mecha_clap",,,,,"SPECIAL","COLLECTORS","CLAP","Colt_Pin_Clap","0",,,,"1500","39","TRUE",,,,"MECHA",,,,,"AVAILABLE"
"emoji_bp_mecha_happy",,,"sc/emoji_2.sc","emoji_bp_mecha_happy",,,,,"HAPPY","COLLECTORS","HAPPY",,,,,,"1500","39","TRUE",,,,"MECHA",,,,,"AVAILABLE"
"emoji_bp_mecha_gg",,,"sc/emoji_2.sc","emoji_bp_mecha_gg",,,,,"SPECIAL","COLLECTORS","GG",,,,,,"1500","39","TRUE",,,,"MECHA",,,,,"AVAILABLE"
"emoji_bp_mecha_phew",,,"sc/emoji_2.sc","emoji_bp_mecha_phew",,,,,"SPECIAL","COLLECTORS","PHEW",,,,,,"1500","39","TRUE",,,,"MECHA",,,,,"AVAILABLE"
"emoji_bp_mecha_sad",,,"sc/emoji_2.sc","emoji_bp_mecha_sad",,,,,"SAD","COLLECTORS","SAD",,,,,,"1500","39","TRUE",,,,"MECHA",,,,"TRUE","AVAILABLE"
"emoji_bp_mecha_thanks",,,"sc/emoji_2.sc","emoji_bp_mecha_thanks",,,,,"SPECIAL","COLLECTORS","THANKS",,,,,,"1500","39","TRUE",,,,"MECHA",,,,,"AVAILABLE"
"emoji_bp_mecha_special",,,"sc/emoji_2.sc","emoji_bp_mecha_special",,,,,"SPECIAL","COLLECTORS","SPECIAL",,,,,,"1500","39","TRUE",,,,"MECHA",,,,,"AVAILABLE"
"emoji_charlie_gym",,,"sc/emoji_2.sc","emoji_charlie_gym","Cocooner",,,,"SPECIAL","COLLECTORS","SPECIAL",,,,,,,,"TRUE",,,,,,,,,"NEVER"
"emoji_draco_st",,,"sc/emoji_2.sc","emoji_draco_st","DragonRider",,,,"SPECIAL","COLLECTORS","SPECIAL",,,,,,,,"TRUE",,,,,,,,,"NEVER"
"emoji_gigi",,,"sc/emoji_2.sc","emoji_gigi","Daredevil",,,,"DEFAULT","DEFAULT","DEFAULT","Gigi_Start_VO","2",,,,,,"TRUE",,,,,,,,,"NEVER"
"emoji_gigi_happy",,,"sc/emoji_2.sc","emoji_gigi_happy","Daredevil",,,,"HAPPY","COMMON","HAPPY","Gigi_Start_VO","3",,,,,,"TRUE",,,,,,,"TrophyRewardsDaredevil",,"NEVER"
"emoji_gigi_sad",,,"sc/emoji_2.sc","emoji_gigi_sad","Daredevil",,,,"SAD","COMMON","SAD","Gigi_Kill_VO","6",,,,"375","9","TRUE",,,,,,,,"TRUE","AVAILABLE"
"emoji_gigi_angry",,,"sc/emoji_2.sc","emoji_gigi_angry","Daredevil",,,,"ANGRY","COMMON","ANGRY","Gigi_Hurt_VO","1",,,,"375","9","TRUE",,,,,,,,,"AVAILABLE"
"emoji_gigi_gg",,,"sc/emoji_2.sc","emoji_gigi_gg","Daredevil",,,,"SPECIAL","RARE","GG","Gigi_Lead_VO","1",,,,"750","19","TRUE",,,,,,,,,"AVAILABLE"
"emoji_gigi_thanks",,,"sc/emoji_2.sc","emoji_gigi_thanks","Daredevil",,,,"SPECIAL","EPIC","THANKS","Gigi_Kill_VO","0",,,,"1500","39","TRUE",,,,,,,,,"AVAILABLE"
"emoji_gigi_phew",,,"sc/emoji_2.sc","emoji_gigi_phew","Daredevil",,,,"SPECIAL","EPIC","PHEW","Gigi_Kill_VO","5",,,,"1500","39","TRUE",,,,,,,,,"AVAILABLE"
"emoji_gigi_special",,,"sc/emoji_2.sc","emoji_gigi_special","Daredevil",,,,"SPECIAL","EPIC","SPECIAL","Gigi_Lead_VO","1",,,,,,"TRUE",,,,,,,"TrophyRewardsDaredevil",,"NEVER"
"emoji_gigi_clap",,,"sc/emoji_2.sc","emoji_gigi_clap","Daredevil",,,,"SPECIAL","RARE","CLAP","Colt_Pin_Clap","0",,,,"750","19","TRUE",,,,,,,,,"AVAILABLE"
"emoji_gigi_facepalm",,,"sc/emoji_2.sc","emoji_gigi_facepalm","Daredevil",,,,"SPECIAL","COLLECTORS","FACEPALM","Gigi_Kill_VO","4",,,,,,"TRUE",,,,,,,"TrophyRewardsDaredevil","TRUE","NEVER"
"emoji_kenji_team",,"-1","sc/emoji_2.sc","emoji_kenji_team",,,,,"SPECIAL","COLLECTORS","SPECIAL",,,,,,,,"TRUE",,,,"WF_2020","TRUE",,,,"NEVER"
"emoji_leon_propass",,,"sc/emoji_2.sc","emoji_leon_propass","Ninja",,,,"DEFAULT","COLLECTORS","DEFAULT","Leon_Tiger_Start_VO","5",,,,,,"TRUE",,,,"PROPASS",,,,,"NEVER"
"emoji_leon_propass_angry",,,"sc/emoji_2.sc","emoji_leon_propass_angry","Ninja",,,,"ANGRY","COLLECTORS","ANGRY","Leon_Tiger_Kill_VO","7",,,,,,"TRUE",,,,"PROPASS",,,,"TRUE","NEVER"
"emoji_leon_propass_clap",,,"sc/emoji_2.sc","emoji_leon_propass_clap","Ninja",,,,"SPECIAL","COLLECTORS","CLAP","Colt_Pin_Clap","0",,,,,,"TRUE",,,,"PROPASS",,,,,"NEVER"
"emoji_leon_propass_gg",,,"sc/emoji_2.sc","emoji_leon_propass_gg","Ninja",,,,"SPECIAL","COLLECTORS","GG","Leon_Tiger_Hurt_VO","7",,,,,,"TRUE",,,,"PROPASS",,,,,"NEVER"
"emoji_leon_propass_happy",,,"sc/emoji_2.sc","emoji_leon_propass_happy","Ninja",,,,"HAPPY","COLLECTORS","HAPPY","Leon_Tiger_Lead_VO","3",,,,,,"TRUE",,,,"PROPASS",,,,,"NEVER"
"emoji_leon_propass_phew",,,"sc/emoji_2.sc","emoji_leon_propass_phew","Ninja",,,,"SPECIAL","COLLECTORS","PHEW","Leon_Tiger_Kill_VO","5",,,,,,"TRUE",,,,"PROPASS",,,,,"NEVER"
"emoji_leon_propass_sad",,,"sc/emoji_2.sc","emoji_leon_propass_sad","Ninja",,,,"SAD","COLLECTORS","SAD","Leon_Tiger_Hurt_VO","2",,,,,,"TRUE",,,,"PROPASS",,,,"TRUE","NEVER"
"emoji_leon_propass_special",,,"sc/emoji_2.sc","emoji_leon_propass_special","Ninja",,,,"SPECIAL","COLLECTORS","SPECIAL","Leon_Tiger_Lead_VO","4",,,,,,"TRUE",,,,"PROPASS",,,,,"NEVER"
"emoji_leon_propass_thanks",,,"sc/emoji_2.sc","emoji_leon_propass_thanks","Ninja",,,,"SPECIAL","COLLECTORS","THANKS","Leon_Tiger_Kill_VO","0",,,,,,"TRUE",,,,"PROPASS",,,,,"NEVER"
"emoji_leon_propass_special_black",,,"sc/emoji_2.sc","emoji_leon_propass_special_black","Ninja",,,,"DEFAULT","COLLECTORS","SPECIAL","Leon_Tiger_Start_VO","1",,,,,,"TRUE",,,,"PROPASS",,,,,"NEVER"
"emoji_leon_propass_special_white",,,"sc/emoji_2.sc","emoji_leon_propass_special_white","Ninja",,,,"DEFAULT","COLLECTORS","SPECIAL","Leon_Tiger_Start_VO","3",,,,,,"TRUE",,,,"PROPASS",,,,,"NEVER"
"emoji_lumi_st",,,"sc/emoji_2.sc","emoji_lumi_st","Morningstar",,,,"SPECIAL","COLLECTORS","SPECIAL",,,,,,,,"TRUE",,,,,,,,,"NEVER"
"emoji_lumi_st_blue",,,"sc/emoji_2.sc","emoji_lumi_st_blue","Morningstar",,,,"SPECIAL","COLLECTORS","SPECIAL",,,,,,,,"TRUE",,,,,,,,,"NEVER"
"emoji_lumi_st_red",,,"sc/emoji_2.sc","emoji_lumi_st_red","Morningstar",,,,"SPECIAL","COLLECTORS","SPECIAL",,,,,,,,"TRUE",,,,,,,,,"NEVER"
"emoji_melodie_gym",,,"sc/emoji_2.sc","emoji_melodie_gym","AxeJuggler",,,,"SPECIAL","COLLECTORS","SPECIAL",,,,,,,,"TRUE",,,,,,,,,"NEVER"
"emoji_mrp_gym",,,"sc/emoji_2.sc","emoji_mrp_gym","SpawnerDude",,,,"SPECIAL","COLLECTORS","SPECIAL",,,,,,,,"TRUE",,,,,,,,,"NEVER"
"emoji_penny_clash",,,"sc/emoji_2.sc","emoji_penny_clash","ArtilleryDude",,,,"SPECIAL","COLLECTORS","SPECIAL",,,,,,,,"TRUE",,,,,,,,,"NEVER"
"emoji_surge_diy",,,"sc/emoji_2.sc","emoji_surge_diy","PowerLeveler",,,,"SPECIAL","COLLECTORS","SPECIAL",,,,,,,,"TRUE",,,,,,,,,"NEVER"
"emoji_propass_64_1",,,"sc/emoji_2.sc","emoji_propass_64_1",,,,,"DEFAULT","COLLECTORS","SPECIAL",,"2",,,,,,"TRUE",,,,"PROPASS",,,,,"NEVER"
"emoji_propass_64_2",,,"sc/emoji_2.sc","emoji_propass_64_2",,,,,"DEFAULT","COLLECTORS","SPECIAL",,"2",,,,,,"TRUE",,,,"PROPASS",,,,,"NEVER"
"emoji_propass_64_3",,,"sc/emoji_2.sc","emoji_propass_64_3",,,,,"DEFAULT","COLLECTORS","SPECIAL",,"2",,,,,,"TRUE",,,,"PROPASS",,,,,"NEVER"
"emoji_propass_64_4",,,"sc/emoji_2.sc","emoji_propass_64_4",,,,,"DEFAULT","COLLECTORS","SPECIAL",,"2",,,,,,"TRUE",,,,"PROPASS",,,,,"NEVER"
"emoji_propass_64_5",,,"sc/emoji_2.sc","emoji_propass_64_5",,,,,"DEFAULT","COLLECTORS","SPECIAL",,"2",,,,,,"TRUE",,,,"PROPASS",,,,,"NEVER"
"emoji_propass_64_6",,,"sc/emoji_2.sc","emoji_propass_64_6",,,,,"DEFAULT","COLLECTORS","SPECIAL",,"2",,,,,,"TRUE",,,,"PROPASS",,,,,"NEVER"
"emoji_propass_64_7",,,"sc/emoji_2.sc","emoji_propass_64_7",,,,,"DEFAULT","COLLECTORS","SPECIAL",,"2",,,,,,"TRUE",,,,"PROPASS",,,,,"NEVER"
"emoji_propass_64_8",,,"sc/emoji_2.sc","emoji_propass_64_8",,,,,"DEFAULT","COLLECTORS","SPECIAL",,"2",,,,,,"TRUE",,,,"PROPASS",,,,,"NEVER"
"emoji_berry_st",,,"sc/emoji_2.sc","emoji_berry_st","Painter",,,,"SPECIAL","COLLECTORS","SPECIAL",,,,,,,,"TRUE",,,,,,,,,"NEVER"
"emoji_bull_st",,,"sc/emoji_2.sc","emoji_bull_st","BullDude",,,,"SPECIAL","COLLECTORS","SPECIAL",,,,,,,,"TRUE",,,,,,,,,"NEVER"
"emoji_gus_st",,,"sc/emoji_2.sc","emoji_gus_st","SoulCollector",,,,"SPECIAL","COLLECTORS","SPECIAL",,,,,,,,"TRUE",,,,,,,,,"NEVER"
"emoji_bull_linebacker",,,"sc/emoji_2.sc","emoji_bull_linebacker","BullDude",,,,"SPECIAL","COLLECTORS","SPECIAL",,,,,,,,"TRUE",,,,,,,,,"NEVER"
"emoji_bull_touchdown",,,"sc/emoji_2.sc","emoji_bull_touchdown","BullDude",,,,"SPECIAL","COLLECTORS","SPECIAL",,,,,,,,"TRUE",,,,,,,,,"NEVER"
"emoji_frank_dj",,,"sc/emoji_2.sc","emoji_frank_dj","HammerDude",,,,"SPECIAL","COLLECTORS","SPECIAL",,,,,,,,"TRUE",,,,,,,,,"NEVER"
"emoji_pam_summer",,,"sc/emoji_2.sc","emoji_pam_summer","MinigunDude",,,,"SPECIAL","COLLECTORS","SPECIAL",,,,,,,,"TRUE",,,,,,,,,"NEVER"
"emoji_primo_toxic",,,"sc/emoji_2.sc","emoji_primo_toxic","Luchador",,,,"SPECIAL","COLLECTORS","SPECIAL",,,,,,,,"TRUE",,,,,,,,"TRUE","NEVER"
"emoji_nita_st",,,"sc/emoji_2.sc","emoji_nita_st","Shaman",,,,"DEFAULT","COLLECTORS","DEFAULT","Nita_St_Kill_VO","6",,,,,,"TRUE",,,,,,,,,"NEVER"
"emoji_nita_st_angry",,,"sc/emoji_2.sc","emoji_nita_st_angry","Shaman",,,,"ANGRY","COLLECTORS","ANGRY","Nita_St_Kill_VO","9",,,,,,"TRUE",,,,,,,,"TRUE","NEVER"
"emoji_nita_st_clap",,,"sc/emoji_2.sc","emoji_nita_st_clap","Shaman",,,,"SPECIAL","COLLECTORS","CLAP","Colt_Pin_Clap","0",,,,,,"TRUE",,,,,,,,,"NEVER"
"emoji_nita_st_gg",,,"sc/emoji_2.sc","emoji_nita_st_gg","Shaman",,,,"SPECIAL","COLLECTORS","GG","Nita_St_Kill_VO","2",,,,,,"TRUE",,,,,,,,,"NEVER"
"emoji_nita_st_happy",,,"sc/emoji_2.sc","emoji_nita_st_happy","Shaman",,,,"HAPPY","COLLECTORS","HAPPY","Nita_St_Lead_VO","6",,,,,,"TRUE",,,,,,,,,"NEVER"
"emoji_nita_st_phew",,,"sc/emoji_2.sc","emoji_nita_st_phew","Shaman",,,,"SPECIAL","COLLECTORS","PHEW","Nita_St_Hurt_VO","5",,,,,,"TRUE",,,,,,,,,"NEVER"
"emoji_nita_st_cry",,,"sc/emoji_2.sc","emoji_nita_st_cry","Shaman",,,,"SAD","COLLECTORS","SAD","Nita_St_Hurt_VO","1",,,,,,"TRUE",,,,,,,,"TRUE","NEVER"
"emoji_nita_st_special",,,"sc/emoji_2.sc","emoji_nita_st_special","Shaman",,,,"SPECIAL","COLLECTORS","SPECIAL","Nita_St_Start_VO","5",,,,,,"TRUE",,,,,,,,,"NEVER"
"emoji_nita_st_thanks",,,"sc/emoji_2.sc","emoji_nita_st_thanks","Shaman",,,,"SPECIAL","COLLECTORS","THANKS","Nita_St_Kill_VO","4",,,,,,"TRUE",,,,,,,,,"NEVER"
"emoji_piper_mecha",,,"sc/emoji_2.sc","emoji_piper_mecha","Sniper",,,,"DEFAULT","COLLECTORS","DEFAULT","Piper_Mech_Kill_VO","2",,,,,,"TRUE",,,,,,,,,"NEVER"
"emoji_piper_mecha_angry",,,"sc/emoji_2.sc","emoji_piper_mecha_angry","Sniper",,,,"ANGRY","COLLECTORS","ANGRY","Piper_Mech_Hurt_VO","0",,,,,,"TRUE",,,,,,,,"TRUE","NEVER"
"emoji_piper_mecha_clap",,,"sc/emoji_2.sc","emoji_piper_mecha_clap","Sniper",,,,"SPECIAL","COLLECTORS","CLAP","Colt_Pin_Clap","0",,,,,,"TRUE",,,,,,,,,"NEVER"
"emoji_piper_mecha_gg",,,"sc/emoji_2.sc","emoji_piper_mecha_gg","Sniper",,,,"SPECIAL","COLLECTORS","GG","Piper_Mech_Lead_VO","0",,,,,,"TRUE",,,,,,,,,"NEVER"
"emoji_piper_mecha_happy",,,"sc/emoji_2.sc","emoji_piper_mecha_happy","Sniper",,,,"HAPPY","COLLECTORS","HAPPY","Piper_Mech_Lead_VO","2",,,,,,"TRUE",,,,,,,,,"NEVER"
"emoji_piper_mecha_phew",,,"sc/emoji_2.sc","emoji_piper_mecha_phew","Sniper",,,,"SPECIAL","COLLECTORS","PHEW","Piper_Mech_Kill_VO","1",,,,,,"TRUE",,,,,,,,,"NEVER"
"emoji_piper_mecha_sad",,,"sc/emoji_2.sc","emoji_piper_mecha_sad","Sniper",,,,"SAD","COLLECTORS","SAD","Piper_Mech_Kill_VO","0",,,,,,"TRUE",,,,,,,,"TRUE","NEVER"
"emoji_piper_mecha_special",,,"sc/emoji_2.sc","emoji_piper_mecha_special","Sniper",,,,"SPECIAL","COLLECTORS","SPECIAL","Piper_Mech_Lead_VO","1",,,,,,"TRUE",,,,,,,,,"NEVER"
"emoji_piper_mecha_thanks",,,"sc/emoji_2.sc","emoji_piper_mecha_thanks","Sniper",,,,"SPECIAL","COLLECTORS","THANKS","Piper_Mech_Kill_VO","2",,,,,,"TRUE",,,,,,,,,"NEVER"
"emoji_piper_mecha_special_pink",,,"sc/emoji_2.sc","emoji_piper_mecha_special_pink","Sniper",,,,"DEFAULT","COLLECTORS","SPECIAL","Piper_Mech_Start_VO","2",,,,,,"TRUE",,,,,,,,,"NEVER"
"emoji_piper_mecha_special_red",,,"sc/emoji_2.sc","emoji_piper_mecha_special_red","Sniper",,,,"DEFAULT","COLLECTORS","SPECIAL","Piper_Mech_Start_VO","1",,,,,,"TRUE",,,,,,,,,"NEVER"
"emoji_jessie_mecha",,,"sc/emoji_2.sc","emoji_jessie_mecha","Mechanic",,,,"DEFAULT","COLLECTORS","DEFAULT","Jess_Mech_Lead_VO","3",,,,,,"TRUE",,,,,,,,,"NEVER"
"emoji_jessie_mecha_angry",,,"sc/emoji_2.sc","emoji_jessie_mecha_angry","Mechanic",,,,"ANGRY","COLLECTORS","ANGRY","Jess_Mech_Start_VO","1",,,,,,"TRUE",,,,,,,,"TRUE","NEVER"
"emoji_jessie_mecha_clap",,,"sc/emoji_2.sc","emoji_jessie_mecha_clap","Mechanic",,,,"SPECIAL","COLLECTORS","CLAP","Colt_Pin_Clap","0",,,,,,"TRUE",,,,,,,,,"NEVER"
"emoji_jessie_mecha_gg",,,"sc/emoji_2.sc","emoji_jessie_mecha_gg","Mechanic",,,,"SPECIAL","COLLECTORS","GG","Jess_Mech_Start_VO","4",,,,,,"TRUE",,,,,,,,,"NEVER"
"emoji_jessie_mecha_happy",,,"sc/emoji_2.sc","emoji_jessie_mecha_happy","Mechanic",,,,"HAPPY","COLLECTORS","HAPPY","Jess_Mech_Lead_VO","1",,,,,,"TRUE",,,,,,,,,"NEVER"
"emoji_jessie_mecha_phew",,,"sc/emoji_2.sc","emoji_jessie_mecha_phew","Mechanic",,,,"SPECIAL","COLLECTORS","PHEW","Jess_Mech_Kill_VO","5",,,,,,"TRUE",,,,,,,,,"NEVER"
"emoji_jessie_mecha_sad",,,"sc/emoji_2.sc","emoji_jessie_mecha_sad","Mechanic",,,,"SAD","COLLECTORS","SAD","Jess_Mech_Hurt_VO","2",,,,,,"TRUE",,,,,,,,"TRUE","NEVER"
"emoji_jessie_mecha_special",,,"sc/emoji_2.sc","emoji_jessie_mecha_special","Mechanic",,,,"SPECIAL","COLLECTORS","SPECIAL","Jess_Mech_Start_VO","2",,,,,,"TRUE",,,,,,,,,"NEVER"
"emoji_jessie_mecha_thanks",,,"sc/emoji_2.sc","emoji_jessie_mecha_thanks","Mechanic",,,,"SPECIAL","COLLECTORS","THANKS","Jess_Mech_Lead_VO","2",,,,,,"TRUE",,,,,,,,,"NEVER"
"emoji_jessie_mecha_special_orange",,,"sc/emoji_2.sc","emoji_jessie_mecha_special_orange","Mechanic",,,,"DEFAULT","COLLECTORS","SPECIAL","Jess_Mech_Kill_VO","0",,,,,,"TRUE",,,,,,,,,"NEVER"
"emoji_jessie_mecha_special_pink",,,"sc/emoji_2.sc","emoji_jessie_mecha_special_pink","Mechanic",,,,"DEFAULT","COLLECTORS","SPECIAL","Jess_Mech_Kill_VO","1",,,,,,"TRUE",,,,,,,,,"NEVER"
"emoji_mandy_mecha",,,"sc/emoji_2.sc","emoji_mandy_mecha","Beamer",,,,"DEFAULT","COLLECTORS","DEFAULT",,"2",,,,,,"TRUE",,,,,,,,,"NEVER"
"emoji_mandy_mecha_blue",,,"sc/emoji_2.sc","emoji_mandy_mecha_blue","Beamer",,,,"DEFAULT","COLLECTORS","SPECIAL",,"2",,,,,,"TRUE",,,,,,,,,"NEVER"
"emoji_mandy_mecha_purple",,,"sc/emoji_2.sc","emoji_mandy_mecha_purple","Beamer",,,,"DEFAULT","COLLECTORS","SPECIAL",,"1",,,,,,"TRUE",,,,,,,,,"NEVER"
"emoji_mecha_champi",,,"sc/emoji_2.sc","emoji_mecha_champi",,,,,"SPECIAL","COLLECTORS","SPECIAL",,"2",,,,"1500","39","TRUE",,,,"MECHA",,,,,"AVAILABLE"
"emoji_mecha_sword",,,"sc/emoji_2.sc","emoji_mecha_sword",,,,,"SPECIAL","COLLECTORS","SPECIAL",,"2",,,,"1500","39","TRUE",,,,"MECHA",,,,,"AVAILABLE"
"emoji_mecha_thanks",,,"sc/emoji_2.sc","emoji_mecha_thanks",,,,,"SPECIAL","COLLECTORS","SPECIAL",,"1",,,,"1500","39","TRUE",,,,"MECHA",,,,,"AVAILABLE"
"emoji_nita_st_special_green",,,"sc/emoji_2.sc","emoji_nita_st_special_green","Shaman",,,,"SPECIAL","COLLECTORS","SPECIAL",,"0",,,,,,"TRUE",,,,,,,,,"NEVER"
"emoji_nita_st_special_pastel",,,"sc/emoji_2.sc","emoji_nita_st_special_pastel","Shaman",,,,"SPECIAL","COLLECTORS","SPECIAL",,"0",,,,,,"TRUE",,,,,,,,,"NEVER"
"emoji_bp_strangerthings",,,"sc/emoji_2.sc","emoji_st_vecna",,,,,"DEFAULT","COLLECTORS","DEFAULT",,,,,,,,"TRUE",,,,"STRANGERTHINGS",,,,,"NEVER"
"emoji_bp_strangerthings_angry",,,"sc/emoji_2.sc","emoji_bp_strangerthings_angry",,,,,"ANGRY","COLLECTORS","ANGRY",,,,,,,,"TRUE",,,,"STRANGERTHINGS",,,,"TRUE","NEVER"
"emoji_bp_strangerthings_happy",,,"sc/emoji_2.sc","emoji_bp_strangerthings_happy",,,,,"HAPPY","COLLECTORS","HAPPY",,,,,,,,"TRUE",,,,"STRANGERTHINGS",,,,,"NEVER"
"emoji_bp_strangerthings_gg",,,"sc/emoji_2.sc","emoji_bp_strangerthings_gg",,,,,"SPECIAL","COLLECTORS","GG",,,,,,,,"TRUE",,,,"STRANGERTHINGS",,,,,"NEVER"
"emoji_bp_strangerthings_phew",,,"sc/emoji_2.sc","emoji_bp_strangerthings_phew",,,,,"SPECIAL","COLLECTORS","PHEW",,,,,,,,"TRUE",,,,"STRANGERTHINGS",,,,,"NEVER"
"emoji_bp_strangerthings_sad",,,"sc/emoji_2.sc","emoji_bp_strangerthings_sad",,,,,"SAD","COLLECTORS","SAD",,,,,,,,"TRUE",,,,"STRANGERTHINGS",,,,"TRUE","NEVER"
"emoji_bp_strangerthings_thanks",,,"sc/emoji_2.sc","emoji_bp_strangerthings_thanks",,,,,"SPECIAL","COLLECTORS","THANKS",,,,,,,,"TRUE",,,,"STRANGERTHINGS",,,,,"NEVER"
"emoji_bp_strangerthings_special",,,"sc/emoji_2.sc","emoji_bp_strangerthings_special",,,,,"SPECIAL","COLLECTORS","SPECIAL",,,,,,,,"TRUE",,,,"STRANGERTHINGS",,,,,"NEVER"
"emoji_champie_strangerthings",,,"sc/emoji_2.sc","emoji_champie_strangerthings",,,,,"SPECIAL","COLLECTORS","SPECIAL",,,,,,,,"TRUE",,,,"WF_2020",,,,,"NEVER"
"emoji_champie_sweden",,,"sc/emoji_2.sc","emoji_champie_sweden",,,,,"SPECIAL","COLLECTORS","SPECIAL",,,,,,,,"TRUE",,,,"WF_2020",,,,,"NEVER"
"emoji_moneygale",,,"sc/emoji_2.sc","emoji_moneygale",,,,,"SPECIAL","COLLECTORS","SPECIAL",,,,,,,,"TRUE",,,,"MISC",,,,,"NEVER"
"emoji_propass_64_champiangry",,,"sc/emoji_2.sc","emoji_propass_64_champiangry",,,,,"DEFAULT","COLLECTORS","SPECIAL",,"2",,,,,,"TRUE",,,,"PROPASS",,,,,"NEVER"
"emoji_propass_64_champiclick",,,"sc/emoji_2.sc","emoji_propass_64_champiclick",,,,,"DEFAULT","COLLECTORS","SPECIAL",,"2",,,,,,"TRUE",,,,"PROPASS",,,,,"NEVER"
"emoji_bp_strangerthings_clap",,,"sc/emoji_2.sc","emoji_bp_strangerthings_clap",,,,,"SPECIAL","COLLECTORS","CLAP","Colt_Pin_Clap","0",,,,,,"TRUE",,,,"STRANGERTHINGS",,,,,"NEVER"
"emoji_alli_overcharge",,,"sc/emoji_2.sc","emoji_alli_overcharge","Stalker",,,,"SPECIAL","COLLECTORS","SPECIAL",,,,,,,,"TRUE",,,,,,,,,"NEVER"
"emoji_mina_overcharge",,,"sc/emoji_2.sc","emoji_mina_overcharge","Dancer",,,,"SPECIAL","COLLECTORS","SPECIAL",,,,,,,,"TRUE",,,,,,,,,"NEVER"
"emoji_pam_overcharge",,,"sc/emoji_2.sc","emoji_pam_overcharge","MinigunDude",,,,"SPECIAL","COLLECTORS","SPECIAL",,,,,,,,"TRUE",,,,,,,,,"NEVER"
"emoji_ziggy_overcharge",,,"sc/emoji_2.sc","emoji_ziggy_overcharge","Fury",,,,"SPECIAL","COLLECTORS","SPECIAL",,,,,,,,"TRUE",,,,,,,,,"NEVER"
"7645aede7a07165db3f1e21779a12b28a1379142",-1,-1,"sc/emoji_1.sc","emoji_8bit_gg",,,,,"SPECIAL","RARE","GG","8bit_kill_vo","1",,,,"750","19","TRUE",,,,,,,,,"AVAILABLE"
"emoji_skull_love",,,"sc/emoji_2.sc","emoji_skull_love",,,,,"SPECIAL","COLLECTORS","SPECIAL",,,,,,,,"TRUE",,,,"MISC",,,,,"NEVER"
"emoji_skull_mindblown",,,"sc/emoji_2.sc","emoji_skull_mindblown",,,,,"SPECIAL","COLLECTORS","SPECIAL",,,,,,"1500","39","TRUE",,,,"MISC",,,,,"AVAILABLE"
"emoji_wf_midsommar",,,"sc/emoji_2.sc","emoji_wf_midsommar",,,,,"SPECIAL","COLLECTORS","SPECIAL",,,,,,,,"TRUE",,,,"WF_2020",,,,,"NEVER"
"emoji_gigi_scarecrow",,,"sc/emoji_2.sc","emoji_gigi_scarecrow","Daredevil",,,,"SPECIAL","COLLECTORS","SPECIAL",,,,,,,,"TRUE",,,,,,,,,"NEVER"
"emoji_gigi_scarecrow_blue",,,"sc/emoji_2.sc","emoji_gigi_scarecrow_blue","Daredevil",,,,"SPECIAL","COLLECTORS","SPECIAL",,,,,,,,"TRUE",,,,,,,,,"NEVER"
"emoji_gigi_scarecrow_orange",,,"sc/emoji_2.sc","emoji_gigi_scarecrow_orange","Daredevil",,,,"SPECIAL","COLLECTORS","SPECIAL",,,,,,,,"TRUE",,,,,,,,,"NEVER"
"emoji_pierce","65","65","sc/emoji_65.sc","emoji_pierce","Bulletstorm",,,,"DEFAULT","DEFAULT","DEFAULT","Pierce_Kill_VO","5",,,,,,"TRUE",,,,,,,,,"NEVER"
"emoji_pierce_happy","65","65","sc/emoji_65.sc","emoji_pierce_happy","Bulletstorm",,,,"HAPPY","COMMON","HAPPY","Pierce_Kill_VO","4",,,,,,"TRUE",,,,,,,"TrophyRewardsBulletstorm",,"NEVER"
"emoji_pierce_sad","65","65","sc/emoji_65.sc","emoji_pierce_sad","Bulletstorm",,,,"SAD","COMMON","SAD","Pierce_Hurt_VO","2",,,,"375","9","TRUE",,,,,,,,"TRUE","AVAILABLE"
"emoji_pierce_angry","65","65","sc/emoji_65.sc","emoji_pierce_angry","Bulletstorm",,,,"ANGRY","COMMON","ANGRY","Pierce_Kill_VO","6",,,,"375","9","TRUE",,,,,,,,"TRUE","AVAILABLE"
"emoji_pierce_gg","65","65","sc/emoji_65.sc","emoji_pierce_gg","Bulletstorm",,,,"SPECIAL","RARE","GG","Pierce_Kill_VO","0",,,,"750","19","TRUE",,,,,,,,,"AVAILABLE"
"emoji_pierce_thanks","65","65","sc/emoji_65.sc","emoji_pierce_thanks","Bulletstorm",,,,"SPECIAL","EPIC","THANKS","Pierce_Kill_VO","9",,,,"1500","39","TRUE",,,,,,,,,"AVAILABLE"
"emoji_pierce_phew","65","65","sc/emoji_65.sc","emoji_pierce_phew","Bulletstorm",,,,"SPECIAL","EPIC","PHEW","Pierce_Kill_VO","3",,,,"1500","39","TRUE",,,,,,,,,"AVAILABLE"
"emoji_pierce_special","65","65","sc/emoji_65.sc","emoji_pierce_special","Bulletstorm",,,,"SPECIAL","EPIC","SPECIAL","Pierce_Start_VO","6",,,,,,"TRUE",,,,,,,"TrophyRewardsBulletstorm",,"NEVER"
"emoji_pierce_clap","65","65","sc/emoji_65.sc","emoji_pierce_clap","Bulletstorm",,,,"SPECIAL","RARE","CLAP","Colt_Pin_Clap","0",,,,"750","19","TRUE",,,,,,,,,"AVAILABLE"
"emoji_pierce_facepalm","65","65","sc/emoji_65.sc","emoji_pierce_facepalm","Bulletstorm",,,,"SPECIAL","COLLECTORS","FACEPALM","Pierce_Start_VO","1",,,,,,"TRUE",,,,,,,"TrophyRewardsBulletstorm","TRUE","NEVER"
"emoji_bp_brawlentines","65","65","sc/emoji_65.sc","emoji_bp_brawlentines",,,,,"DEFAULT","COLLECTORS","DEFAULT",,,,,,"1500","39","TRUE",,,,"BRAWLENTINES",,,,,"AVAILABLE"
"emoji_bp_brawlentines_angry","65","65","sc/emoji_65.sc","emoji_bp_brawlentines_angry",,,,,"ANGRY","COLLECTORS","ANGRY",,,,,,"1500","39","TRUE",,,,"BRAWLENTINES",,,,"TRUE","AVAILABLE"
"emoji_bp_brawlentines_happy","65","65","sc/emoji_65.sc","emoji_bp_brawlentines_happy",,,,,"SPECIAL","COLLECTORS","SPECIAL",,,,,,,,"TRUE",,,,"BRAWLENTINES",,,,,"NEVER"
"emoji_bp_brawlentines_gg","65","65","sc/emoji_65.sc","emoji_bp_brawlentines_gg",,,,,"SPECIAL","COLLECTORS","SPECIAL",,,,,,"1500","39","TRUE",,,,"BRAWLENTINES",,,,,"AVAILABLE"
"emoji_bp_brawlentines_phew","65","65","sc/emoji_65.sc","emoji_bp_brawlentines_phew",,,,,"SPECIAL","COLLECTORS","SPECIAL",,,,,,"1500","39","TRUE",,,,"BRAWLENTINES",,,,,"AVAILABLE"
"emoji_bp_brawlentines_sad","65","65","sc/emoji_65.sc","emoji_bp_brawlentines_sad",,,,,"SAD","COLLECTORS","SAD",,,,,,"1500","39","TRUE",,,,"BRAWLENTINES",,,,"TRUE","AVAILABLE"
"emoji_bp_brawlentines_thanks","65","65","sc/emoji_65.sc","emoji_bp_brawlentines_thanks",,,,,"SPECIAL","COLLECTORS","THANKS",,,,,,"1500","39","TRUE",,,,"BRAWLENTINES",,,,,"AVAILABLE"
"emoji_bp_brawlentines_special","65","65","sc/emoji_65.sc","emoji_bp_brawlentines_special",,,,,"SPECIAL","COLLECTORS","SPECIAL",,,,,,"1500","39","TRUE",,,,"BRAWLENTINES",,,,,"AVAILABLE"
"emoji_bp_brawlentines_clap","65","65","sc/emoji_65.sc","emoji_bp_brawlentines_clap",,,,,"SPECIAL","COLLECTORS","SPECIAL","Colt_Pin_Clap","0",,,,"1500","39","TRUE",,,,"BRAWLENTINES",,,,,"AVAILABLE"
"emoji_bp_steampunk","65","65","sc/emoji_65.sc","emoji_bp_steampunk",,,,,"DEFAULT","COLLECTORS","DEFAULT",,,,,,"1500","39","TRUE",,,,"STEAMPUNK",,,,,"AVAILABLE"
"emoji_bp_steampunk_angry","65","65","sc/emoji_65.sc","emoji_bp_steampunk_angry",,,,,"ANGRY","COLLECTORS","ANGRY",,,,,,"1500","39","TRUE",,,,"STEAMPUNK",,,,"TRUE","AVAILABLE"
"emoji_bp_steampunk_happy","65","65","sc/emoji_65.sc","emoji_bp_steampunk_happy",,,,,"SPECIAL","COLLECTORS","SPECIAL",,,,,,,,"TRUE",,,,"STEAMPUNK",,,,,"NEVER"
"emoji_bp_steampunk_gg","65","65","sc/emoji_65.sc","emoji_bp_steampunk_gg",,,,,"SPECIAL","COLLECTORS","SPECIAL",,,,,,,,"TRUE",,,,"STEAMPUNK",,,,,"NEVER"
"emoji_bp_steampunk_phew","65","65","sc/emoji_65.sc","emoji_bp_steampunk_phew",,,,,"SPECIAL","COLLECTORS","PHEW",,,,,,"1500","39","TRUE",,,,"STEAMPUNK",,,,,"AVAILABLE"
"emoji_bp_steampunk_sad","65","65","sc/emoji_65.sc","emoji_bp_steampunk_sad",,,,,"SAD","COLLECTORS","SAD",,,,,,"1500","39","TRUE",,,,"STEAMPUNK",,,,"TRUE","AVAILABLE"
"emoji_bp_steampunk_thanks","65","65","sc/emoji_65.sc","emoji_bp_steampunk_thanks",,,,,"SPECIAL","COLLECTORS","SPECIAL",,,,,,,,"TRUE",,,,"STEAMPUNK",,,,,"NEVER"
"emoji_bp_steampunk_special","65","65","sc/emoji_65.sc","emoji_bp_steampunk_special",,,,,"SPECIAL","COLLECTORS","SPECIAL",,,,,,"1500","39","TRUE",,,,"STEAMPUNK",,,,,"AVAILABLE"
"emoji_bp_steampunk_clap","65","65","sc/emoji_65.sc","emoji_bp_steampunk_clap",,,,,"SPECIAL","COLLECTORS","SPECIAL","Colt_Pin_Clap","0",,,,"1500","39","TRUE",,,,"STEAMPUNK",,,,,"AVAILABLE"
"emoji_alli_brawlentine","65","65","sc/emoji_65.sc","emoji_alli_brawlentine","Stalker",,,,"SPECIAL","COLLECTORS","SPECIAL",,,,,,,,"TRUE",,,,,,,,,"NEVER"
"emoji_box_pierce","65","65","sc/emoji_65.sc","emoji_box_pierce","Bulletstorm",,,,"SPECIAL","COLLECTORS","SPECIAL",,,,,,,,"TRUE",,,,"BOXES",,,,,"NEVER"
"emoji_box_glowbert","65","65","sc/emoji_65.sc","emoji_box_glowbert","Mender",,,,"SPECIAL","COLLECTORS","SPECIAL",,,,,,,,"TRUE",,,,"BOXES",,,,,"NEVER"
"emoji_brawlentine_date","65","65","sc/emoji_65.sc","emoji_brawlentine_date",,,,,"SPECIAL","COLLECTORS","SPECIAL",,,,,,"1500","39","TRUE",,,,"BRAWLENTINES",,,,,"AVAILABLE"
"emoji_brawlentine_grenade","65","65","sc/emoji_65.sc","emoji_brawlentine_grenade",,,,,"SPECIAL","COLLECTORS","SPECIAL",,,,,,"1500","39","TRUE",,,,"BRAWLENTINES",,,,,"AVAILABLE"
"emoji_brock_steampunk","65","65","sc/emoji_65.sc","emoji_brock_steampunk","RocketGirl",,,,"SPECIAL","COLLECTORS","SPECIAL",,,,,,,,"TRUE",,,,,,,,,"NEVER"
"emoji_gale_steampunk","65","65","sc/emoji_65.sc","emoji_gale_steampunk","Blower",,,,"SPECIAL","COLLECTORS","SPECIAL",,,,,,,,"TRUE",,,,,,,,,"NEVER"
"emoji_champie_WC2025","65","65","sc/emoji_65.sc","emoji_champie_WC2025",,,,,"SPECIAL","COLLECTORS","SPECIAL",,,,,,,,"TRUE",,,,"WF_2020",,,,,"NEVER"
"emoji_nani_xmas","65","65","sc/emoji_65.sc","emoji_nani_xmas","Controller",,,,"SPECIAL","COLLECTORS","SPECIAL",,,,,,,,"TRUE",,,,,,,,,"NEVER"
"emoji_max_wf2025","65","65","sc/emoji_65.sc","emoji_max_wf2025","Speedy",,,,"SPECIAL","COLLECTORS","SPECIAL",,,,,,,,"TRUE",,,,,,,,,"NEVER"
"emoji_xmas_champie","65","65","sc/emoji_65.sc","emoji_xmas_champie",,,,,"SPECIAL","COLLECTORS","SPECIAL",,,,,,,,"TRUE",,,,"WF_2020",,,,,"NEVER"
"emoji_xmas_chimney","65","65","sc/emoji_65.sc","emoji_xmas_chimney",,,,,"SPECIAL","COLLECTORS","SPECIAL",,,,,,,,"TRUE",,,,"BRAWLIDAYS",,,,,"NEVER"
"emoji_xmas_pie","65","65","sc/emoji_65.sc","emoji_xmas_pie",,,,,"SPECIAL","COLLECTORS","SPECIAL",,,,,,"1500","39","TRUE",,,,"BRAWLIDAYS",,,,,"AVAILABLE"
"emoji_xmas_santacap","65","65","sc/emoji_65.sc","emoji_xmas_santacap",,,,,"SPECIAL","COLLECTORS","SPECIAL",,,,,,"1500","39","TRUE",,,,"BRAWLIDAYS",,,,,"AVAILABLE"
"emoji_sam_steampunk","65","65","sc/emoji_65.sc","emoji_sam_steampunk","WeaponThrower",,,,"SPECIAL","COLLECTORS","SPECIAL",,,,,,,,"TRUE",,,,,,,,,"NEVER"
"emoji_stu_steampunk","65","65","sc/emoji_65.sc","emoji_stu_steampunk","Roller",,,,"SPECIAL","COLLECTORS","SPECIAL",,,,,,,,"TRUE",,,,,,,,,"NEVER"
"emoji_willow_lny26","65","65","sc/emoji_65.sc","emoji_willow_lny26","Puppeteer",,,,"SPECIAL","COLLECTORS","SPECIAL",,,,,,,,"TRUE",,,,,,,,,"NEVER"
"emoji_sirius","66","66","sc/emoji_66.sc","emoji_sirius","Shadowdemon",,,,"DEFAULT","DEFAULT","DEFAULT","Sirius_Start_VO","1",,,,,,"TRUE",,,,,,,,,"NEVER"
"emoji_sirius_happy","66","66","sc/emoji_66.sc","emoji_sirius_happy","Shadowdemon",,,,"HAPPY","COMMON","HAPPY","Sirius_Kill_VO","10",,,,,,"TRUE",,,,,,,"TrophyRewardsShadowdemon",,"NEVER"
"emoji_sirius_sad","66","66","sc/emoji_66.sc","emoji_sirius_sad","Shadowdemon",,,,"SAD","COMMON","SAD","Sirius_Hurt_VO","7",,,,"375","9","TRUE",,,,,,,,"TRUE","AVAILABLE"
"emoji_sirius_angry","66","66","sc/emoji_66.sc","emoji_sirius_angry","Shadowdemon",,,,"ANGRY","COMMON","ANGRY","Sirius_Kill_VO","6",,,,"375","9","TRUE",,,,,,,,"TRUE","AVAILABLE"
"emoji_sirius_gg","66","66","sc/emoji_66.sc","emoji_sirius_gg","Shadowdemon",,,,"SPECIAL","RARE","GG","Sirius_Lead_VO","6",,,,"750","19","TRUE",,,,,,,,,"AVAILABLE"
"emoji_sirius_thanks","66","66","sc/emoji_66.sc","emoji_sirius_thanks","Shadowdemon",,,,"SPECIAL","EPIC","THANKS","Sirius_Lead_VO","5",,,,"1500","39","TRUE",,,,,,,,,"AVAILABLE"
"emoji_sirius_phew","66","66","sc/emoji_66.sc","emoji_sirius_phew","Shadowdemon",,,,"SPECIAL","EPIC","PHEW","Sirius_Hurt_VO","3",,,,"1500","39","TRUE",,,,,,,,,"AVAILABLE"
"emoji_sirius_special","66","66","sc/emoji_66.sc","emoji_sirius_special","Shadowdemon",,,,"SPECIAL","EPIC","SPECIAL","Sirius_Start_VO","9",,,,,,"TRUE",,,,,,,"TrophyRewardsShadowdemon",,"NEVER"
"emoji_sirius_clap","66","66","sc/emoji_66.sc","emoji_sirius_clap","Shadowdemon",,,,"SPECIAL","RARE","CLAP","Colt_Pin_Clap","0",,,,"750","19","TRUE",,,,,,,,,"AVAILABLE"
"emoji_sirius_facepalm","66","66","sc/emoji_66.sc","emoji_sirius_facepalm","Shadowdemon",,,,"SPECIAL","COLLECTORS","FACEPALM","Sirius_Hurt_VO","5",,,,,,"TRUE",,,,,,,"TrophyRewardsShadowdemon","TRUE","NEVER"
"emoji_box_sirius","66","66","sc/emoji_66.sc","emoji_box_sirius","Shadowdemon",,,,"SPECIAL","COLLECTORS","SPECIAL",,,,,,,,"TRUE",,,,"BOXES",,,,,"NEVER"
"fe937e67797caf473f4d46c002e7644557846eb3",-1,-1,"sc/emoji_1.sc","emoji_8bit_gg",,,,,"SPECIAL","RARE","GG","8bit_kill_vo","1",,,,"750","19","TRUE",,,,,,,,,"AVAILABLE"
"emoji_pierce_hunter","65","65","sc/emoji_65.sc","emoji_pierce_hunter","Bulletstorm",,,,"SPECIAL","COLLECTORS","SPECIAL",,,,,,,,"TRUE",,,,,,,,,"NEVER"
"emoji_lny_horse","65","65","sc/emoji_65.sc","emoji_lny_horse",,,,,"SPECIAL","COLLECTORS","SPECIAL",,,,,,"1500","39","TRUE",,,,"LNY",,,,,"AVAILABLE"
"emoji_lny_moneyrain","65","65","sc/emoji_65.sc","emoji_lny_moneyrain",,,,,"SPECIAL","COLLECTORS","SPECIAL",,,,,,,,"TRUE",,,,"LNY",,,,,"NEVER"
"emoji_lny_peach","65","65","sc/emoji_65.sc","emoji_lny_peach",,,,,"SPECIAL","COLLECTORS","SPECIAL",,,,,,,,"TRUE",,,,"LNY",,,,,"NEVER"
"emoji_lny_writing","65","65","sc/emoji_65.sc","emoji_lny_writing",,,,,"SPECIAL","COLLECTORS","SPECIAL",,,,,,"1500","39","TRUE",,,,"LNY",,,,,"AVAILABLE"
"emoji_gigi_overcharge","65","65","sc/emoji_65.sc","emoji_gigi_overcharge","Daredevil",,,,"SPECIAL","COLLECTORS","SPECIAL",,,,,,,,"TRUE",,,,,,,,,"NEVER"
"emoji_kenji_feudaljapan_chroma2","65","65","sc/emoji_65.sc","emoji_kenji_feudaljapan_chroma2","Samurai",,,,"SPECIAL","COLLECTORS","SPECIAL","Kenji_Demon_Kill_VO","0",,,,,,"TRUE",,,,,,,,,"NEVER"
"emoji_pierce_hunter_chroma1","65","65","sc/emoji_65.sc","emoji_pierce_hunter_chroma1","Bulletstorm",,,,"SPECIAL","COLLECTORS","SPECIAL",,,,,,,,"TRUE",,,,,,,,,"NEVER"
"emoji_pierce_hunter_chroma2","65","65","sc/emoji_65.sc","emoji_pierce_hunter_chroma2","Bulletstorm",,,,"SPECIAL","COLLECTORS","SPECIAL",,,,,,,,"TRUE",,,,,,,,,"NEVER"
"emoji_stu_steampunk_chroma1","65","65","sc/emoji_65.sc","emoji_stu_steampunk_chroma1","Roller",,,,"SPECIAL","COLLECTORS","SPECIAL",,,,,,,,"TRUE",,,,,,,,,"NEVER"
"emoji_stu_steampunk_chroma2","65","65","sc/emoji_65.sc","emoji_stu_steampunk_chroma2","Roller",,,,"SPECIAL","COLLECTORS","SPECIAL",,,,,,,,"TRUE",,,,,,,,,"NEVER"
"emoji_gale_steampunk_chroma1","65","65","sc/emoji_65.sc","emoji_gale_steampunk_chroma1","Blower",,,,"SPECIAL","COLLECTORS","SPECIAL",,,,,,,,"TRUE",,,,,,,,,"NEVER"
"emoji_gale_steampunk_chroma2","65","65","sc/emoji_65.sc","emoji_gale_steampunk_chroma2","Blower",,,,"SPECIAL","COLLECTORS","SPECIAL",,,,,,,,"TRUE",,,,,,,,,"NEVER"
"emoji_glowbert","65","65","sc/emoji_65.sc","emoji_glowbert","Mender",,,,"DEFAULT","DEFAULT","DEFAULT","Glowbert_Lead_VO","5",,,,,,"TRUE",,,,,,,,,"NEVER"
"emoji_glowbert_happy","65","65","sc/emoji_65.sc","emoji_glowbert_happy","Mender",,,,"HAPPY","COMMON","HAPPY","Glowbert_Kill_VO","4",,,,,,"TRUE",,,,,,,"TrophyRewardsMender",,"NEVER"
"emoji_glowbert_sad","65","65","sc/emoji_65.sc","emoji_glowbert_sad","Mender",,,,"SAD","COMMON","SAD","Glowbert_Die_VO","5",,,,"375","9","TRUE",,,,,,,,"TRUE","AVAILABLE"
"emoji_glowbert_angry","65","65","sc/emoji_65.sc","emoji_glowbert_angry","Mender",,,,"ANGRY","COMMON","ANGRY","Glowbert_Hurt_VO","5",,,,"375","9","TRUE",,,,,,,,"TRUE","AVAILABLE"
"emoji_glowbert_gg","65","65","sc/emoji_65.sc","emoji_glowbert_gg","Mender",,,,"SPECIAL","RARE","GG","Glowbert_Lead_VO","3",,,,"750","19","TRUE",,,,,,,,,"AVAILABLE"
"emoji_glowbert_thanks","65","65","sc/emoji_65.sc","emoji_glowbert_thanks","Mender",,,,"SPECIAL","EPIC","THANKS","Glowbert_Kill_VO","9",,,,"1500","39","TRUE",,,,,,,,,"AVAILABLE"
"emoji_glowbert_phew","65","65","sc/emoji_65.sc","emoji_glowbert_phew","Mender",,,,"SPECIAL","EPIC","PHEW","Glowbert_Kill_VO","1",,,,"1500","39","TRUE",,,,,,,,,"AVAILABLE"
"emoji_glowbert_special","65","65","sc/emoji_65.sc","emoji_glowbert_special","Mender",,,,"SPECIAL","EPIC","SPECIAL","Glowbert_Kill_VO","3",,,,,,"TRUE",,,,,,,"TrophyRewardsMender",,"NEVER"
"emoji_glowbert_clap","65","65","sc/emoji_65.sc","emoji_glowbert_clap","Mender",,,,"SPECIAL","RARE","CLAP","Colt_Pin_Clap","0",,,,"750","19","TRUE",,,,,,,,,"AVAILABLE"
"emoji_glowbert_facepalm","65","65","sc/emoji_65.sc","emoji_glowbert_facepalm","Mender",,,,"SPECIAL","COLLECTORS","FACEPALM","Glowbert_Hurt_VO","4",,,,,,"TRUE",,,,,,,"TrophyRewardsMender","TRUE","NEVER"
"emoji_shade_brawlentine","65","65","sc/emoji_65.sc","emoji_shade_brawlentine","Ghost",,,,"DEFAULT","COLLECTORS","DEFAULT","Shade_Brawlentine_Kill_VO","1",,,,,,"TRUE",,,,"BRAWLENTINES",,,,,"NEVER"
"emoji_shade_brawlentine_angry","65","65","sc/emoji_65.sc","emoji_shade_brawlentine_angry","Ghost",,,,"ANGRY","COLLECTORS","ANGRY","Shade_Brawlentine_Hurt_VO","1",,,,,,"TRUE",,,,"BRAWLENTINES",,,,"TRUE","NEVER"
"emoji_shade_brawlentine_happy","65","65","sc/emoji_65.sc","emoji_shade_brawlentine_happy","Ghost",,,,"HAPPY","COLLECTORS","HAPPY","Shade_Brawlentine_Start_VO","4",,,,,,"TRUE",,,,"BRAWLENTINES",,,,,"NEVER"
"emoji_shade_brawlentine_gg","65","65","sc/emoji_65.sc","emoji_shade_brawlentine_gg","Ghost",,,,"SPECIAL","COLLECTORS","GG","Shade_Brawlentine_Start_VO","0",,,,,,"TRUE",,,,"BRAWLENTINES",,,,,"NEVER"
"emoji_shade_brawlentine_phew","65","65","sc/emoji_65.sc","emoji_shade_brawlentine_phew","Ghost",,,,"SPECIAL","COLLECTORS","PHEW","Shade_Brawlentine_Hurt_VO","2",,,,,,"TRUE",,,,"BRAWLENTINES",,,,,"NEVER"
"emoji_shade_brawlentine_sad","65","65","sc/emoji_65.sc","emoji_shade_brawlentine_sad","Ghost",,,,"SAD","COLLECTORS","SAD","Shade_Brawlentine_Die_VO","2",,,,,,"TRUE",,,,"BRAWLENTINES",,,,"TRUE","NEVER"
"emoji_shade_brawlentine_thanks","65","65","sc/emoji_65.sc","emoji_shade_brawlentine_thanks","Ghost",,,,"SPECIAL","COLLECTORS","THANKS","Shade_Brawlentine_Lead_VO","1",,,,,,"TRUE",,,,"BRAWLENTINES",,,,,"NEVER"
"emoji_shade_brawlentine_special","65","65","sc/emoji_65.sc","emoji_shade_brawlentine_special","Ghost",,,,"SPECIAL","COLLECTORS","SPECIAL","Shade_Brawlentine_Lead_VO","2",,,,,,"TRUE",,,,"BRAWLENTINES",,,,,"NEVER"
"emoji_shade_brawlentine_clap","65","65","sc/emoji_65.sc","emoji_shade_brawlentine_clap","Ghost",,,,"SPECIAL","COLLECTORS","CLAP","Colt_Pin_Clap","0",,,,,,"TRUE",,,,"BRAWLENTINES",,,,,"NEVER"
"emoji_angelo_brawlentine","65","65","sc/emoji_65.sc","emoji_angelo_brawlentine","InsectMan",,,,"SPECIAL","COLLECTORS","SPECIAL",,,,,,,,"TRUE",,,,"BRAWLENTINES",,,,,"NEVER"
"emoji_rico_brawlentine","65","65","sc/emoji_65.sc","emoji_rico_brawlentine","TrickshotDude",,,,"SPECIAL","COLLECTORS","SPECIAL",,,,,,,,"TRUE",,,,"BRAWLENTINES",,,,,"NEVER"
"emoji_squeak_brawlentine","65","65","sc/emoji_65.sc","emoji_squeak_brawlentine","StickyBomb",,,,"SPECIAL","COLLECTORS","SPECIAL",,,,,,,,"TRUE",,,,"BRAWLENTINES",,,,,"NEVER"
"emoji_rico_brawlentine_chroma_blue","65","65","sc/emoji_65.sc","emoji_rico_brawlentine_chroma_blue","TrickshotDude",,,,"SPECIAL","COLLECTORS","SPECIAL",,,,,,,,"TRUE",,,,"BRAWLENTINES",,,,,"NEVER"
"emoji_rico_brawlentine_chroma_red","65","65","sc/emoji_65.sc","emoji_rico_brawlentine_chroma_red","TrickshotDude",,,,"SPECIAL","COLLECTORS","SPECIAL",,,,,,,,"TRUE",,,,"BRAWLENTINES",,,,,"NEVER"
"emoji_splitting_starr","65","65","sc/emoji_65.sc","emoji_splitting_starr",,,,,"SPECIAL","COLLECTORS","SPECIAL",,,,,,,,"TRUE",,,,"MISC",,,,,"NEVER"
"emoji_vault","65","65","sc/emoji_65.sc","emoji_vault",,,,,"SPECIAL","COLLECTORS","SPECIAL",,,,,,,,"TRUE",,,,"MISC",,,,,"NEVER"
"emoji_angelo_brawlentine_chroma1","65","65","sc/emoji_65.sc","emoji_angelo_brawlentine_chroma1","InsectMan",,,,"SPECIAL","COLLECTORS","SPECIAL",,,,,,,,"TRUE",,,,,,,,,"NEVER"
"emoji_angelo_brawlentine_chroma2","65","65","sc/emoji_65.sc","emoji_angelo_brawlentine_chroma2","InsectMan",,,,"SPECIAL","COLLECTORS","SPECIAL",,,,,,,,"TRUE",,,,,,,,,"NEVER"
"emoji_fame_starrforce","65","65","sc/emoji_65.sc","emoji_fame_starrforce",,,,,"SPECIAL","COLLECTORS","SPECIAL",,,,,,,,"TRUE",,,,,,"StarrForce3",,,
"emoji_kaze_steampunk","65","65","sc/emoji_65.sc","emoji_kaze_steampunk","Geisha",,,,"DEFAULT","COLLECTORS","DEFAULT","Kaze_Steampunk_Hurt_VO","3",,,,,,"TRUE",,,,,,,,,"NEVER"
"emoji_kaze_steampunk_angry","65","65","sc/emoji_65.sc","emoji_kaze_steampunk_angry","Geisha",,,,"ANGRY","COLLECTORS","ANGRY","Kaze_Steampunk_Start_VO","1",,,,,,"TRUE",,,,,,,,"TRUE","NEVER"
"emoji_kaze_steampunk_happy","65","65","sc/emoji_65.sc","emoji_kaze_steampunk_happy","Geisha",,,,"HAPPY","COLLECTORS","HAPPY","Kotomi_Steampunk_Lead_VO","1",,,,,,"TRUE",,,,,,,,,"NEVER"
"emoji_kaze_steampunk_gg","65","65","sc/emoji_65.sc","emoji_kaze_steampunk_gg","Geisha",,,,"SPECIAL","COLLECTORS","GG","Kotomi_Steampunk_Kill_VO","2",,,,,,"TRUE",,,,,,,,,"NEVER"
"emoji_kaze_steampunk_phew","65","65","sc/emoji_65.sc","emoji_kaze_steampunk_phew","Geisha",,,,"SPECIAL","COLLECTORS","PHEW","Kaze_Steampunk_Die_VO","2",,,,,,"TRUE",,,,,,,,,"NEVER"
"emoji_kaze_steampunk_sad","65","65","sc/emoji_65.sc","emoji_kaze_steampunk_sad","Geisha",,,,"SAD","COLLECTORS","SAD","Kotomi_Steampunk_Start_VO","2",,,,,,"TRUE",,,,,,,,"TRUE","NEVER"
"emoji_kaze_steampunk_thanks","65","65","sc/emoji_65.sc","emoji_kaze_steampunk_thanks","Geisha",,,,"SPECIAL","COLLECTORS","THANKS","Kaze_Steampunk_Hurt_VO","1",,,,,,"TRUE",,,,,,,,,"NEVER"
"emoji_kaze_steampunk_special","65","65","sc/emoji_65.sc","emoji_kaze_steampunk_special","Geisha",,,,"SPECIAL","COLLECTORS","SPECIAL","Kaze_Steampunk_Start_VO","4",,,,,,"TRUE",,,,,,,,,"NEVER"
"emoji_kaze_steampunk_clap","65","65","sc/emoji_65.sc","emoji_kaze_steampunk_clap","Geisha",,,,"SPECIAL","COLLECTORS","CLAP","Colt_Pin_Clap","0",,,,,,"TRUE",,,,,,,,,"NEVER"
"emoji_lny25_wish","65","65","sc/emoji_65.sc","emoji_lny25_wish",,,,,"SPECIAL","COLLECTORS","SPECIAL",,,,,,"1500","39","TRUE",,,,"LNY",,,,,"AVAILABLE"
"emoji_steampunk_bulb","65","65","sc/emoji_65.sc","emoji_steampunk_bulb",,,,,"SPECIAL","COLLECTORS","SPECIAL",,,,,,"1500","39","TRUE",,,,"STEAMPUNK",,,,,"AVAILABLE"
"emoji_steampunk_fingerguns","65","65","sc/emoji_65.sc","emoji_steampunk_fingerguns",,,,,"SPECIAL","COLLECTORS","SPECIAL",,,,,,"1500","39","TRUE",,,,"STEAMPUNK",,,,,"AVAILABLE"
"emoji_valentine_box","65","65","sc/emoji_65.sc","emoji_valentine_box",,,,,"SPECIAL","COLLECTORS","SPECIAL",,,,,,"1500","39","TRUE",,,,"BRAWLENTINES",,,,,"AVAILABLE"
"emoji_detectivecase","66","66","sc/emoji_66.sc","emoji_detectivecase",,,,,"SPECIAL","COLLECTORS","SPECIAL",,,,,,,,"TRUE",,,,"MISC",,,,,"NEVER"
"emoji_aprilfools_actually","66","66","sc/emoji_66.sc","emoji_aprilfools_actually",,,,,"SPECIAL","COLLECTORS","SPECIAL",,,,,,,,"TRUE",,,,"APRILFOOLS",,,,,
"emoji_aprilfools_cinema","66","66","sc/emoji_66.sc","emoji_aprilfools_cinema",,,,,"SPECIAL","COLLECTORS","SPECIAL",,,,,,"1500","39","TRUE",,,,"APRILFOOLS",,,,,"AVAILABLE"
"emoji_fairy_flower","66","66","sc/emoji_66.sc","emoji_fairy_flower",,,,,"SPECIAL","COLLECTORS","SPECIAL",,,,,,,,"TRUE",,,,"ONCEUPON",,,,,"NEVER"
"emoji_fairy_wand","66","66","sc/emoji_66.sc","emoji_fairy_wand",,,,,"SPECIAL","COLLECTORS","SPECIAL",,,,,,"1500","39","TRUE",,,,"ONCEUPON",,,,,"AVAILABLE"
"emoji_twin_sandsoftime_angry","66","66","sc/emoji_66.sc","emoji_twin_sandsoftime_angry","Twins",,,,"ANGRY","COLLECTORS","ANGRY","Robottwin_Desert_Hurt_VO","3",,,,,,"TRUE",,,,,,,,"TRUE","NEVER"
"emoji_twin_sandsoftime_phew","66","66","sc/emoji_66.sc","emoji_twin_sandsoftime_phew","Twins",,,,"SPECIAL","COLLECTORS","PHEW","Robottwin_Desert_Kill_VO","7",,,,,,"TRUE",,,,,,,,,"NEVER"
"emoji_twin_sandsoftime_happy","66","66","sc/emoji_66.sc","emoji_twin_sandsoftime_happy","Twins",,,,"HAPPY","COLLECTORS","HAPPY","Robottwin_Desert_Lead_VO","4",,,,,,"TRUE",,,,,,,,,"NEVER"
"emoji_twin_sandsoftime_clap","66","66","sc/emoji_66.sc","emoji_twin_sandsoftime_clap","Twins",,,,"SPECIAL","COLLECTORS","CLAP","Colt_Pin_Clap","0",,,,,,"TRUE",,,,,,,,,"NEVER"
"emoji_twin_sandsoftime_special","66","66","sc/emoji_66.sc","emoji_twin_sandsoftime_special","Twins",,,,"SPECIAL","COLLECTORS","SPECIAL","Robottwin_Desert_Start_VO","6",,,,,,"TRUE",,,,,,,,,"NEVER"
"emoji_twin_sandsoftime_thanks","66","66","sc/emoji_66.sc","emoji_twin_sandsoftime_thanks","Twins",,,,"SPECIAL","COLLECTORS","THANKS","Robottwin_Desert_Start_VO","2",,,,,,"TRUE",,,,,,,,,"NEVER"
"emoji_twin_sandsoftime_gg","66","66","sc/emoji_66.sc","emoji_twin_sandsoftime_gg","Twins",,,,"SPECIAL","COLLECTORS","GG","Robottwin_Desert_Hurt_VO","1",,,,,,"TRUE",,,,,,,,,"NEVER"
"emoji_twin_sandsoftime_sad","66","66","sc/emoji_66.sc","emoji_twin_sandsoftime_sad","Twins",,,,"SAD","COLLECTORS","SAD","Robottwin_Desert_Die_VO","5",,,,,,"TRUE",,,,,,,,"TRUE","NEVER"
"emoji_twin_sandsoftime","66","66","sc/emoji_66.sc","emoji_twin_sandsoftime","Twins",,,,"DEFAULT","COLLECTORS","DEFAULT","Robottwin_Desert_Kill_VO","6",,,,,,"TRUE",,,,,,,,,"NEVER"
"emoji_trunk_sc","66","66","sc/emoji_66.sc","emoji_trunk_sc","Domain",,,,"SPECIAL","COLLECTORS","SPECIAL",,,,,,,,"TRUE",,,,,,,,,"NEVER"
"emoji_propass_arrow","66","66","sc/emoji_66.sc","emoji_propass_arrow",,,,,"SPECIAL","COLLECTORS","SPECIAL",,,,,,,,"TRUE",,,,"PROPASS",,,,,"NEVER"
"emoji_propass_bonfire","66","66","sc/emoji_66.sc","emoji_propass_bonfire",,,,,"SPECIAL","COLLECTORS","SPECIAL",,,,,,,,"TRUE",,,,"PROPASS",,,,,"NEVER"
"emoji_propass_cards","66","66","sc/emoji_66.sc","emoji_propass_cards",,,,,"SPECIAL","COLLECTORS","SPECIAL",,,,,,,,"TRUE",,,,"PROPASS",,,,,"NEVER"
"emoji_propass_fire","66","66","sc/emoji_66.sc","emoji_propass_fire",,,,,"SPECIAL","COLLECTORS","SPECIAL",,,,,,,,"TRUE",,,,"PROPASS",,,,,"NEVER"
"emoji_propass_flag","66","66","sc/emoji_66.sc","emoji_propass_flag",,,,,"SPECIAL","COLLECTORS","SPECIAL",,,,,,,,"TRUE",,,,"PROPASS",,,,,"NEVER"
"emoji_propass_hammer","66","66","sc/emoji_66.sc","emoji_propass_hammer",,,,,"SPECIAL","COLLECTORS","SPECIAL",,,,,,,,"TRUE",,,,"PROPASS",,,,,"NEVER"
"emoji_propass_light","66","66","sc/emoji_66.sc","emoji_propass_light",,,,,"SPECIAL","COLLECTORS","SPECIAL",,,,,,,,"TRUE",,,,"PROPASS",,,,,"NEVER"
"emoji_propass_map","66","66","sc/emoji_66.sc","emoji_propass_map",,,,,"SPECIAL","COLLECTORS","SPECIAL",,,,,,,,"TRUE",,,,"PROPASS",,,,,"NEVER"
"emoji_propass_music","66","66","sc/emoji_66.sc","emoji_propass_music",,,,,"SPECIAL","COLLECTORS","SPECIAL",,,,,,,,"TRUE",,,,"PROPASS",,,,,"NEVER"
"emoji_propass_potions","66","66","sc/emoji_66.sc","emoji_propass_potions",,,,,"SPECIAL","COLLECTORS","SPECIAL",,,,,,,,"TRUE",,,,"PROPASS",,,,,"NEVER"
"emoji_propass_ring","66","66","sc/emoji_66.sc","emoji_propass_ring",,,,,"SPECIAL","COLLECTORS","SPECIAL",,,,,,,,"TRUE",,,,"PROPASS",,,,,"NEVER"
"emoji_piper_brownfriends","66","66","sc/emoji_66.sc","emoji_piper_brownfriends","Sniper",,,,"SPECIAL","COLLECTORS","SPECIAL",,,,,,,,"TRUE",,,,,,,,,"NEVER"
"emoji_nita_aprilfools","66","66","sc/emoji_66.sc","emoji_nita_aprilfools","Shaman",,,,"SPECIAL","COLLECTORS","SPECIAL",,,,,,,,"TRUE",,,,,,,,,"NEVER"
"emoji_melodie_aprilfools","66","66","sc/emoji_66.sc","emoji_melodie_aprilfools","AxeJuggler",,,,"SPECIAL","COLLECTORS","SPECIAL",,,,,,,,"TRUE",,,,,,,,,"NEVER"
"emoji_glowbert_overcharge","66","66","sc/emoji_66.sc","emoji_glowbert_overcharge","Mender",,,,"SPECIAL","COLLECTORS","SPECIAL",,,,,,,,"TRUE",,,,,,,,,"NEVER"
"emoji_pierce_overcharge","66","66","sc/emoji_66.sc","emoji_pierce_overcharge","Bulletstorm",,,,"SPECIAL","COLLECTORS","SPECIAL",,,,,,,,"TRUE",,,,,,,,,"NEVER"
"emoji_glowbert_bertglow","66","66","sc/emoji_66.sc","emoji_glowbert_bertglow","Mender",,,,"SPECIAL","COLLECTORS","SPECIAL",,,,,,,,"TRUE",,,,,,,,,"NEVER"
"emoji_frank_fairy","66","66","sc/emoji_66.sc","emoji_frank_fairy","HammerDude",,,,"SPECIAL","COLLECTORS","SPECIAL",,,,,,,,"TRUE",,,,,,,,,"NEVER"
"emoji_doug_sandsoftime","66","66","sc/emoji_66.sc","emoji_doug_sandsoftime","Reviver",,,,"SPECIAL","COLLECTORS","SPECIAL",,,,,,,,"TRUE",,,,,,,,,"NEVER"
"emoji_cordelius_sandsoftime","66","66","sc/emoji_66.sc","emoji_cordelius_sandsoftime","Duelist",,,,"SPECIAL","COLLECTORS","SPECIAL",,,,,,,,"TRUE",,,,,,,,,"NEVER"
"emoji_cordelius_sandsoftime_chroma1","66","66","sc/emoji_66.sc","emoji_cordelius_sandsoftime_chroma1","Duelist",,,,"SPECIAL","COLLECTORS","SPECIAL",,,,,,,,"TRUE",,,,,,,,,"NEVER"
"emoji_cordelius_sandsoftime_chroma2","66","66","sc/emoji_66.sc","emoji_cordelius_sandsoftime_chroma2","Duelist",,,,"SPECIAL","COLLECTORS","SPECIAL",,,,,,,,"TRUE",,,,,,,,,"NEVER"
"emoji_8bit_sandsoftime","66","66","sc/emoji_66.sc","emoji_8bit_sandsoftime","Arcade",,,,"SPECIAL","COLLECTORS","SPECIAL",,,,,,,,"TRUE",,,,,,,,,"NEVER"
"emoji_bibi_sandsoftime","66","66","sc/emoji_66.sc","emoji_bibi_sandsoftime","Baseball",,,,"SPECIAL","COLLECTORS","SPECIAL",,,,,,,,"TRUE",,,,,,,,,"NEVER"
"emoji_bp_sandsoftime26_default","66","66","sc/emoji_66.sc","emoji_bp_sandsoftime26_default",,,,,"DEFAULT","COLLECTORS","DEFAULT",,,,,,"1500","39","TRUE",,,,"DARKSANDS",,,,,"AVAILABLE"
"emoji_bp_sandsoftime26_angry","66","66","sc/emoji_66.sc","emoji_bp_sandsoftime26_angry",,,,,"ANGRY","COLLECTORS","ANGRY",,,,,,"1500","39","TRUE",,,,"DARKSANDS",,,,"TRUE","AVAILABLE"
"emoji_bp_sandsoftime26_sad","66","66","sc/emoji_66.sc","emoji_bp_sandsoftime26_sad",,,,,"SAD","COLLECTORS","SAD",,,,,,"1500","39","TRUE",,,,"DARKSANDS",,,,"TRUE","AVAILABLE"
"emoji_bp_sandsoftime26_special","66","66","sc/emoji_66.sc","emoji_bp_sandsoftime26_special",,,,,"SPECIAL","COLLECTORS","SPECIAL",,,,,,"1500","39","TRUE",,,,"DARKSANDS",,,,,"AVAILABLE"
"emoji_bp_sandsoftime26_thanks","66","66","sc/emoji_66.sc","emoji_bp_sandsoftime26_thanks",,,,,"SPECIAL","COLLECTORS","SPECIAL",,,,,,"1500","39","TRUE",,,,"DARKSANDS",,,,,"AVAILABLE"
"emoji_sandsoftime_anubis","66","66","sc/emoji_66.sc","emoji_sandsoftime_anubis",,,,,"SPECIAL","COLLECTORS","SPECIAL",,,,,,,,"TRUE",,,,"DARKSANDS",,,,,
"emoji_champie_team_fut","66","66","sc/emoji_66.sc","emoji_champie_team_fut",,,,,"SPECIAL","COLLECTORS","SPECIAL",,,,,,,,"TRUE",,,,"WF_2020",,,,,"NEVER"
"0ab1d4d4348ed8eb5adb6d82d6548d90c2ac41a0",-1,-1,"sc/emoji_1.sc","emoji_8bit_gg",,,,,"SPECIAL","RARE","GG","8bit_kill_vo","1",,,,"750","19","TRUE",,,,,,,,,"AVAILABLE"
"emoji_champie_team_hmb","66","66","sc/emoji_66.sc","emoji_champie_team_hmb",,,,,"SPECIAL","COLLECTORS","SPECIAL",,,,,,,,"TRUE",,,,"WF_2020",,,,,"NEVER"
"emoji_champie_team_loud","66","66","sc/emoji_66.sc","emoji_champie_team_loud",,,,,"SPECIAL","COLLECTORS","SPECIAL",,,,,,,,"TRUE",,,,"WF_2020",,,,,"NEVER"
"emoji_champie_team_navi","66","66","sc/emoji_66.sc","emoji_champie_team_navi",,,,,"SPECIAL","COLLECTORS","SPECIAL",,,,,,,,"TRUE",,,,"WF_2020",,,,,"NEVER"
"emoji_champie_team_sk","66","66","sc/emoji_66.sc","emoji_champie_team_sk",,,,,"SPECIAL","COLLECTORS","SPECIAL",,,,,,,,"TRUE",,,,"WF_2020",,,,,"NEVER"
"emoji_champie_team_th","66","66","sc/emoji_66.sc","emoji_champie_team_th",,,,,"SPECIAL","COLLECTORS","SPECIAL",,,,,,,,"TRUE",,,,"WF_2020",,,,,"NEVER"
"emoji_champie_team_totem","66","66","sc/emoji_66.sc","emoji_champie_team_totem",,,,,"SPECIAL","COLLECTORS","SPECIAL",,,,,,,,"TRUE",,,,"WF_2020",,,,,"NEVER"
"emoji_champie_team_tribe","66","66","sc/emoji_66.sc","emoji_champie_team_tribe",,,,,"SPECIAL","COLLECTORS","SPECIAL",,,,,,,,"TRUE",,,,"WF_2020",,,,,"NEVER"
"emoji_champie_team_zeta","66","66","sc/emoji_66.sc","emoji_champie_team_zeta",,,,,"SPECIAL","COLLECTORS","SPECIAL",,,,,,,,"TRUE",,,,"WF_2020",,,,,"NEVER"
"emoji_bp_fairy","66","66","sc/emoji_66.sc","emoji_bp_fairy",,,,,"DEFAULT","COLLECTORS","DEFAULT",,,,,,"1500","39","TRUE",,,,"ONCEUPON",,,,,"AVAILABLE"
"emoji_bp_fairy_angry","66","66","sc/emoji_66.sc","emoji_bp_fairy_angry",,,,,"ANGRY","COLLECTORS","ANGRY",,,,,,"1500","39","TRUE",,,,"ONCEUPON",,,,"TRUE","AVAILABLE"
"emoji_bp_fairy_sad","66","66","sc/emoji_66.sc","emoji_bp_fairy_sad",,,,,"SAD","COLLECTORS","SAD",,,,,,"1500","39","TRUE",,,,"ONCEUPON",,,,"TRUE","AVAILABLE"
"emoji_bp_fairy_special","66","66","sc/emoji_66.sc","emoji_bp_fairy_special",,,,,"SPECIAL","COLLECTORS","SPECIAL",,,,,,"1500","39","TRUE",,,,"ONCEUPON",,,,,"AVAILABLE"
"emoji_bp_fairy_thanks","66","66","sc/emoji_66.sc","emoji_bp_fairy_thanks",,,,,"SPECIAL","COLLECTORS","SPECIAL",,,,,,"1500","39","TRUE",,,,"ONCEUPON",,,,,"AVAILABLE"
"emoji_lily_sandsoftime","66","66","sc/emoji_66.sc","emoji_lily_sandsoftime","Ambusher",,,,"SPECIAL","COLLECTORS","SPECIAL",,,,,,,,"TRUE",,,,,,,,,"NEVER"
"emoji_lily_sandsoftime_chroma_brown","66","66","sc/emoji_66.sc","emoji_lily_sandsoftime_chroma_brown","Ambusher",,,,"SPECIAL","COLLECTORS","SPECIAL",,,,,,,,"TRUE",,,,,,,,,"NEVER"
"emoji_lily_sandsoftime_chroma_white","66","66","sc/emoji_66.sc","emoji_lily_sandsoftime_chroma_white","Ambusher",,,,"SPECIAL","COLLECTORS","SPECIAL",,,,,,,,"TRUE",,,,,,,,,"NEVER"
"emoji_naji","66","66","sc/emoji_66.sc","emoji_naji","Redirecter",,,,"DEFAULT","DEFAULT","DEFAULT","Najia_Start_VO","11",,,,,,"TRUE",,,,,,,,,"NEVER"
"emoji_naji_happy","66","66","sc/emoji_66.sc","emoji_naji_happy","Redirecter",,,,"HAPPY","COMMON","HAPPY","Najia_Lead_VO","3",,,,,,"TRUE",,,,,,,"TrophyRewardsRedirecter",,"NEVER"
"emoji_naji_sad","66","66","sc/emoji_66.sc","emoji_naji_sad","Redirecter",,,,"SAD","COMMON","SAD","Najia_Die_VO","7",,,,"375","9","TRUE",,,,,,,,"TRUE","AVAILABLE"
"emoji_naji_angry","66","66","sc/emoji_66.sc","emoji_naji_angry","Redirecter",,,,"ANGRY","COMMON","ANGRY","Najia_Hurt_VO","5",,,,"375","9","TRUE",,,,,,,,"TRUE","AVAILABLE"
"emoji_naji_gg","66","66","sc/emoji_66.sc","emoji_naji_gg","Redirecter",,,,"SPECIAL","RARE","GG","Najia_Start_VO","6",,,,"750","19","TRUE",,,,,,,,,"AVAILABLE"
"emoji_naji_thanks","66","66","sc/emoji_66.sc","emoji_naji_thanks","Redirecter",,,,"SPECIAL","EPIC","THANKS","Najia_Hurt_VO","1",,,,"1500","39","TRUE",,,,,,,,,"AVAILABLE"
"emoji_naji_phew","66","66","sc/emoji_66.sc","emoji_naji_phew","Redirecter",,,,"SPECIAL","EPIC","PHEW","Najia_Start_VO","8",,,,"1500","39","TRUE",,,,,,,,,"AVAILABLE"
"emoji_naji_special","66","66","sc/emoji_66.sc","emoji_naji_special","Redirecter",,,,"SPECIAL","EPIC","SPECIAL","Najia_Start_VO","3",,,,,,"TRUE",,,,,,,"TrophyRewardsRedirecter",,"NEVER"
"emoji_naji_clap","66","66","sc/emoji_66.sc","emoji_naji_clap","Redirecter",,,,"SPECIAL","RARE","CLAP","Colt_Pin_Clap","0",,,,"750","19","TRUE",,,,,,,,,"AVAILABLE"
"emoji_naji_facepalm","66","66","sc/emoji_66.sc","emoji_naji_facepalm","Redirecter",,,,"SPECIAL","COLLECTORS","FACEPALM","Najia_Start_VO","7",,,,,,"TRUE",,,,,,,"TrophyRewardsRedirecter","TRUE","NEVER"
"emoji_mina_fairy","66","66","sc/emoji_66.sc","emoji_mina_fairy","Dancer",,,,"SPECIAL","COLLECTORS","SPECIAL",,,,,,,,"TRUE",,,,,,,,,"NEVER"
"emoji_bonnie_fairy","66","66","sc/emoji_66.sc","emoji_bonnie_fairy","CannonGirl",,,,"SPECIAL","COLLECTORS","SPECIAL",,,,,,,,"TRUE",,,,,,,,,"NEVER"
"emoji_bonnie_fairy_chroma_dark","66","66","sc/emoji_66.sc","emoji_bonnie_fairy_chroma_dark","CannonGirl",,,,"SPECIAL","COLLECTORS","SPECIAL",,,,,,,,"TRUE",,,,,,,,,"NEVER"
"emoji_bonnie_fairy_chroma_light","66","66","sc/emoji_66.sc","emoji_bonnie_fairy_chroma_light","CannonGirl",,,,"SPECIAL","COLLECTORS","SPECIAL",,,,,,,,"TRUE",,,,,,,,,"NEVER"
"emoji_maisie_dragon","66","66","sc/emoji_66.sc","emoji_maisie_dragon","Maisie",,,,"SPECIAL","COLLECTORS","DEFAULT",,,,,,,,"TRUE",,,,,,,,,"NEVER"
"emoji_grom_dragon","66","66","sc/emoji_66.sc","emoji_grom_dragon","CrossBomber",,,,"SPECIAL","COLLECTORS","DEFAULT","Grom_DS_Start_VO","2",,,,,,"TRUE",,,,,,,,,"NEVER"
"emoji_grom_dragon_angry","66","66","sc/emoji_66.sc","emoji_grom_dragon_angry","CrossBomber",,,,"SPECIAL","COLLECTORS","ANGRY","Grom_DS_Start_VO","8",,,,,,"TRUE",,,,,,,,"TRUE","NEVER"
"emoji_grom_dragon_happy","66","66","sc/emoji_66.sc","emoji_grom_dragon_happy","CrossBomber",,,,"SPECIAL","COLLECTORS","HAPPY","Grom_DS_Lead_VO","4",,,,,,"TRUE",,,,,,,,,"NEVER"
"emoji_grom_dragon_gg","66","66","sc/emoji_66.sc","emoji_grom_dragon_gg","CrossBomber",,,,"SPECIAL","COLLECTORS","GG","Grom_DS_Lead_VO","0",,,,,,"TRUE",,,,,,,,,"NEVER"
"emoji_grom_dragon_phew","66","66","sc/emoji_66.sc","emoji_grom_dragon_phew","CrossBomber",,,,"SPECIAL","COLLECTORS","PHEW","Grom_DS_Start_VO","4",,,,,,"TRUE",,,,,,,,,"NEVER"
"emoji_grom_dragon_sad","66","66","sc/emoji_66.sc","emoji_grom_dragon_sad","CrossBomber",,,,"SPECIAL","COLLECTORS","SAD","Grom_DS_Hurt_VO","5",,,,,,"TRUE",,,,,,,,"TRUE","NEVER"
"emoji_grom_dragon_splecial","66","66","sc/emoji_66.sc","emoji_grom_dragon_splecial","CrossBomber",,,,"SPECIAL","COLLECTORS","SPECIAL","Grom_DS_Kill_VO","1",,,,,,"TRUE",,,,,,,,,"NEVER"
"emoji_grom_dragon_thanks","66","66","sc/emoji_66.sc","emoji_grom_dragon_thanks","CrossBomber",,,,"SPECIAL","COLLECTORS","THANKS","Grom_DS_Lead_VO","2",,,,,,"TRUE",,,,,,,,,"NEVER"
"emoji_grom_dragon_clap","66","66","sc/emoji_66.sc","emoji_grom_dragon_clap","CrossBomber",,,,"SPECIAL","COLLECTORS","CLAP","Colt_Pin_Clap","0",,,,,,"TRUE",,,,,,,,,"NEVER"
"emoji_griff_dragon","66","66","sc/emoji_66.sc","emoji_griff_dragon","AssaultShotgun",,,,"SPECIAL","COLLECTORS","DEFAULT",,,,,,,,"TRUE",,,,,,,,,"NEVER"
"emoji_griff_dragon_orange","66","66","sc/emoji_66.sc","emoji_griff_dragon_orange","AssaultShotgun",,,,"SPECIAL","COLLECTORS","SPECIAL",,,,,,,,"TRUE",,,,,,,,,"NEVER"
"emoji_griff_dragon_red","66","66","sc/emoji_66.sc","emoji_griff_dragon_red","AssaultShotgun",,,,"SPECIAL","COLLECTORS","SPECIAL",,,,,,,,"TRUE",,,,,,,,,"NEVER"
"emoji_crow_propass","66","66","sc/emoji_66.sc","emoji_crow_propass","Crow",,,,"SPECIAL","COLLECTORS","SPECIAL","Crow_DS_Lead_VO","3",,,,,,"TRUE",,,,"PROPASS",,,,,"NEVER"
"emoji_crow_propass_angry","66","66","sc/emoji_66.sc","emoji_crow_propass_angry","Crow",,,,"ANGRY","COLLECTORS","ANGRY","Crow_DS_Kill_VO","1",,,,,,"TRUE",,,,"PROPASS",,,,"TRUE","NEVER"
"emoji_crow_propass_clap","66","66","sc/emoji_66.sc","emoji_crow_propass_clap","Crow",,,,"SPECIAL","COLLECTORS","CLAP","Colt_Pin_Clap","0",,,,,,"TRUE",,,,"PROPASS",,,,,"NEVER"
"emoji_crow_propass_gg","66","66","sc/emoji_66.sc","emoji_crow_propass_gg","Crow",,,,"SPECIAL","COLLECTORS","GG","Crow_DS_Kill_VO","6",,,,,,"TRUE",,,,"PROPASS",,,,,"NEVER"
"emoji_crow_propass_happy","66","66","sc/emoji_66.sc","emoji_crow_propass_happy","Crow",,,,"HAPPY","COLLECTORS","HAPPY","Crow_DS_Kill_VO","0",,,,,,"TRUE",,,,"PROPASS",,,,,"NEVER"
"emoji_crow_propass_phew","66","66","sc/emoji_66.sc","emoji_crow_propass_phew","Crow",,,,"SPECIAL","COLLECTORS","PHEW","Crow_DS_Die_VO","2",,,,,,"TRUE",,,,"PROPASS",,,,,"NEVER"
"emoji_crow_propass_sad","66","66","sc/emoji_66.sc","emoji_crow_propass_sad","Crow",,,,"SAD","COLLECTORS","SAD","Crow_DS_Die_VO","0",,,,,,"TRUE",,,,"PROPASS",,,,"TRUE","NEVER"
"emoji_crow_propass_special","66","66","sc/emoji_66.sc","emoji_crow_propass_special","Crow",,,,"SPECIAL","COLLECTORS","SPECIAL","Crow_DS_Kill_VO","7",,,,,,"TRUE",,,,"PROPASS",,,,,"NEVER"
"emoji_crow_propass_thanks","66","66","sc/emoji_66.sc","emoji_crow_propass_thanks","Crow",,,,"SPECIAL","COLLECTORS","THANKS","Crow_DS_Die_VO","3",,,,,,"TRUE",,,,"PROPASS",,,,,"NEVER"
"emoji_crow_propass_special_chroma_ghost","66","66","sc/emoji_66.sc","emoji_crow_propass_special_chroma_ghost","Crow",,,,"SPECIAL","COLLECTORS","SPECIAL","Crow_DS_Lead_VO","2",,,,,,"TRUE",,,,"PROPASS",,,,,"NEVER"
"emoji_crow_propass_special_chroma_purple","66","66","sc/emoji_66.sc","emoji_crow_propass_special_chroma_purple","Crow",,,,"SPECIAL","COLLECTORS","SPECIAL","Crow_DS_Lead_VO","1",,,,,,"TRUE",,,,"PROPASS",,,,,"NEVER"
"emoji_box_najia","66","66","sc/emoji_66.sc","emoji_box_najia","Redirecter",,,,"SPECIAL","COLLECTORS","SPECIAL",,,,,,,,"TRUE",,,,"BOXES",,,,,"NEVER"
"emoji_champie_sandsoftime26","66","66","sc/emoji_66.sc","emoji_champie_sandsoftime26",,,,,"SPECIAL","COLLECTORS","SPECIAL",,,,,,,,"TRUE",,,,"WF_2020",,,,,"NEVER"
"emoji_champie_dragonslayer","66","66","sc/emoji_66.sc","emoji_champie_dragonslayer",,,,,"SPECIAL","COLLECTORS","SPECIAL",,,,,,,,"TRUE",,,,"WF_2020",,,,,"NEVER"
"emoji_sirius_overcharge","66","66","sc/emoji_66.sc","emoji_sirius_overcharge","Shadowdemon",,,,"SPECIAL","COLLECTORS","SPECIAL",,,,,,,,"TRUE",,,,,,,,,"NEVER"
"emoji_carl_capitandark","66","66","sc/emoji_66.sc","emoji_carl_capitandark","Whirlwind",,,,"SPECIAL","COLLECTORS","SPECIAL",,,,,,,,"TRUE",,,,,,,,,"NEVER"
"emoji_carl_capitan","66","66","sc/emoji_66.sc","emoji_carl_capitan","Whirlwind",,,,"SPECIAL","COLLECTORS","SPECIAL",,,,,,,,"TRUE",,,,,,,,,"NEVER"
"emoji_carl_surfer","66","66","sc/emoji_66.sc","emoji_carl_surfer","Whirlwind",,,,"SPECIAL","COLLECTORS","SPECIAL",,,,,,,,"TRUE",,,,,,,,,"NEVER"
"emoji_darryl_d4r","66","66","sc/emoji_66.sc","emoji_darryl_d4r","BarrelBot",,,,"SPECIAL","COLLECTORS","SPECIAL",,,,,,,,"TRUE",,,,,,,,,"NEVER"
"emoji_colt_gunslinger","66","66","sc/emoji_66.sc","emoji_colt_gunslinger","Gunslinger",,,,"SPECIAL","COLLECTORS","SPECIAL",,,,,,,,"TRUE",,,,,,,,,"NEVER"
"emoji_shelly_psg","66","66","sc/emoji_66.sc","emoji_shelly_psg","ShotgunGirl",,,,"SPECIAL","COLLECTORS","SPECIAL",,,,,,,,"TRUE",,,,,,,,,"NEVER"
"emoji_jacky_esports","67","67","sc/emoji_67.sc","emoji_jacky_esports",,,,,"SPECIAL","COLLECTORS","SPECIAL",,,,,,,,"TRUE",,,,"WF_2020",,,,,"NEVER"
"emoji_adidas_box","67","67","sc/emoji_67.sc","emoji_adidas_box",,,,,"SPECIAL","COLLECTORS","SPECIAL",,,,,,,,"TRUE",,,,"ADIDAS",,,,,"NEVER"
"emoji_adidas_highfive","67","67","sc/emoji_67.sc","emoji_adidas_highfive",,,,,"SPECIAL","COLLECTORS","SPECIAL",,,,,,,,"TRUE",,,,"STRIKERS",,,,,"NEVER"
"emoji_adidas_mud","67","67","sc/emoji_67.sc","emoji_adidas_mud",,,,,"SPECIAL","COLLECTORS","SPECIAL",,,,,,,,"TRUE",,,,"ADIDAS",,,,,"NEVER"
"emoji_adidas_score","67","67","sc/emoji_67.sc","emoji_adidas_score",,,,,"SPECIAL","COLLECTORS","SPECIAL",,,,,,,,"TRUE",,,,"STRIKERS",,,,,"NEVER"
"emoji_adidas_shoe","67","67","sc/emoji_67.sc","emoji_adidas_shoe",,,,,"SPECIAL","COLLECTORS","SPECIAL",,,,,,,,"TRUE",,,,"ADIDAS",,,,,"NEVER"
"emoji_amber_starr","67","67","sc/emoji_67.sc","emoji_amber_starr",,,,,"SPECIAL","COLLECTORS","SPECIAL",,,,,,,,"TRUE",,,,"ANIME",,,,,
"emoji_bea_starr","67","67","sc/emoji_67.sc","emoji_bea_starr",,,,,"SPECIAL","COLLECTORS","SPECIAL",,,,,,,,"TRUE",,,,"ANIME",,,,,
"emoji_black_market_1","67","67","sc/emoji_67.sc","emoji_black_market_1",,,,,"SPECIAL","COLLECTORS","SPECIAL",,,,,,,,"TRUE",,,,"MISC",,,,,
"emoji_black_market_2","67","67","sc/emoji_67.sc","emoji_black_market_2",,,,,"SPECIAL","COLLECTORS","SPECIAL",,,,,,,,"TRUE",,,,"MISC",,,,,
"emoji_black_market_3","67","67","sc/emoji_67.sc","emoji_black_market_3",,,,,"SPECIAL","COLLECTORS","SPECIAL",,,,,,,,"TRUE",,,,"MISC",,,,,
"emoji_bolt","67","67","sc/emoji_67.sc","emoji_bolt","Rock",,,,"DEFAULT","DEFAULT","DEFAULT","Bolt_Start_VO","0",,,,,,"TRUE",,,,,,,,,
"emoji_bolt_happy","67","67","sc/emoji_67.sc","emoji_bolt_happy","Rock",,,,"HAPPY","COMMON","HAPPY","Bolt_Start_VO","6",,,,,,"TRUE",,,,,,,"TrophyRewardsRock",,"NEVER"
"emoji_bolt_sad","67","67","sc/emoji_67.sc","emoji_bolt_sad","Rock",,,,"SAD","COMMON","SAD","Bolt_Die_VO","0",,,,,,"TRUE",,,,,,,,,
"emoji_bolt_angry","67","67","sc/emoji_67.sc","emoji_bolt_angry","Rock",,,,"ANGRY","COMMON","ANGRY","Bolt_Hurt_VO","6",,,,,,"TRUE",,,,,,,,,
"emoji_bolt_gg","67","67","sc/emoji_67.sc","emoji_bolt_gg","Rock",,,,"SPECIAL","RARE","GG","Bolt_Lead_VO","2",,,,,,"TRUE",,,,,,,,,
"emoji_bolt_thanks","67","67","sc/emoji_67.sc","emoji_bolt_thanks","Rock",,,,"SPECIAL","EPIC","THANKS","Bolt_Lead_VO","3",,,,,,"TRUE",,,,,,,,,
"emoji_bolt_phew","67","67","sc/emoji_67.sc","emoji_bolt_phew","Rock",,,,"SPECIAL","EPIC","PHEW","Bolt_Start_VO","3",,,,,,"TRUE",,,,,,,,,
"emoji_bolt_special","67","67","sc/emoji_67.sc","emoji_bolt_special","Rock",,,,"SPECIAL","EPIC","SPECIAL","Bolt_Start_VO","2",,,,,,"TRUE",,,,,,,"TrophyRewardsRock",,"NEVER"
"emoji_bolt_clap","67","67","sc/emoji_67.sc","emoji_bolt_clap","Rock",,,,"SPECIAL","RARE","CLAP","Colt_Pin_Clap","0",,,,,,"TRUE",,,,,,,,,
"emoji_bolt_facepalm","67","67","sc/emoji_67.sc","emoji_bolt_facepalm","Rock",,,,"SPECIAL","COLLECTORS","FACEPALM","Bolt_Hurt_VO","6",,,,,,"TRUE",,,,,,,"TrophyRewardsRock",,"NEVER"
"emoji_box_bolt","67","67","sc/emoji_67.sc","emoji_box_bolt","Rock",,,,"SPECIAL","COLLECTORS","SPECIAL",,,,,,,,"TRUE",,,,"BOXES",,,,,
"emoji_box_damian","67","67","sc/emoji_67.sc","emoji_box_damian","Gladiator",,,,"SPECIAL","COLLECTORS","SPECIAL",,,,,,,,"TRUE",,,,"BOXES",,,,,
"emoji_box_stella","67","67","sc/emoji_67.sc","emoji_box_stella","MagicalGirl",,,,"SPECIAL","COLLECTORS","SPECIAL",,,,,,,,"TRUE",,,,"BOXES",,,,,
"emoji_champie_adidas","67","67","sc/emoji_67.sc","emoji_champie_adidas",,,,,"SPECIAL","COLLECTORS","SPECIAL",,,,,,,,"TRUE",,,,"WF_2020",,,,,"NEVER"
"emoji_champie_bavaria","67","67","sc/emoji_67.sc","emoji_champie_bavaria",,,,,"SPECIAL","COLLECTORS","SPECIAL",,,,,,,,"TRUE",,,,"WF_2020",,,,,"NEVER"
"emoji_champie_berlin","67","67","sc/emoji_67.sc","emoji_champie_berlin",,,,,"SPECIAL","COLLECTORS","SPECIAL",,,,,,,,"TRUE",,,,"WF_2020",,,,,"NEVER"
"emoji_champie_chef","67","67","sc/emoji_67.sc","emoji_champie_chef",,,,,"SPECIAL","COLLECTORS","SPECIAL",,,,,,,,"TRUE",,,,"WF_2020",,,,,"NEVER"
"emoji_champie_metal","67","67","sc/emoji_67.sc","emoji_champie_metal",,,,,"SPECIAL","COLLECTORS","SPECIAL",,,,,,,,"TRUE",,,,,,,,,
"emoji_champie_team_cr","67","67","sc/emoji_67.sc","emoji_champie_team_cr",,,,,"SPECIAL","COLLECTORS","SPECIAL",,,,,,,,"TRUE",,,,"WF_2020",,,,,"NEVER"
"emoji_colette_starr","67","67","sc/emoji_67.sc","emoji_colette_starr",,,,,"SPECIAL","COLLECTORS","SPECIAL",,,,,,,,"TRUE",,,,"ANIME",,,,,
"emoji_damian","67","67","sc/emoji_67.sc","emoji_damian","Gladiator",,,,"DEFAULT","DEFAULT","DEFAULT","Damien_Hurt_VO","8",,,,,,"TRUE",,,,,,,,,
"emoji_damian_happy","67","67","sc/emoji_67.sc","emoji_damian_happy","Gladiator",,,,"HAPPY","COMMON","HAPPY","Damien_Lead_VO","8",,,,,,"TRUE",,,,,,,"TrophyRewardsGladiator",,"NEVER"
"emoji_damian_sad","67","67","sc/emoji_67.sc","emoji_damian_sad","Gladiator",,,,"SAD","COMMON","SAD","Damien_Die_VO","6",,,,,,"TRUE",,,,,,,,,
"emoji_damian_angry","67","67","sc/emoji_67.sc","emoji_damian_angry","Gladiator",,,,"ANGRY","COMMON","ANGRY","Damien_Hurt_VO","9",,,,,,"TRUE",,,,,,,,,
"emoji_damian_gg","67","67","sc/emoji_67.sc","emoji_damian_gg","Gladiator",,,,"SPECIAL","RARE","GG","Damien_Start_VO","1",,,,,,"TRUE",,,,,,,,,
"emoji_damian_thanks","67","67","sc/emoji_67.sc","emoji_damian_thanks","Gladiator",,,,"SPECIAL","EPIC","THANKS","Damien_Lead_VO","4",,,,,,"TRUE",,,,,,,,,
"emoji_damian_phew","67","67","sc/emoji_67.sc","emoji_damian_phew","Gladiator",,,,"SPECIAL","EPIC","PHEW","Damien_Lead_VO","5",,,,,,"TRUE",,,,,,,,,
"emoji_damian_special","67","67","sc/emoji_67.sc","emoji_damian_special","Gladiator",,,,"SPECIAL","EPIC","SPECIAL","Damien_Ulti_VO","0",,,,,,"TRUE",,,,,,,"TrophyRewardsGladiator",,"NEVER"
"emoji_damian_clap","67","67","sc/emoji_67.sc","emoji_damian_clap","Gladiator",,,,"SPECIAL","RARE","CLAP","Colt_Pin_Clap","0",,,,,,"TRUE",,,,,,,,,
"emoji_damian_facepalm","67","67","sc/emoji_67.sc","emoji_damian_facepalm","Gladiator",,,,"SPECIAL","COLLECTORS","FACEPALM","Damien_Hurt_VO","6",,,,,,"TRUE",,,,,,,"TrophyRewardsGladiator",,"NEVER"
"emoji_damian_overcharge","67","67","sc/emoji_67.sc","emoji_damian_overcharge","Gladiator",,,,"SPECIAL","COLLECTORS","SPECIAL",,,,,,,,"TRUE",,,,,,,,,"NEVER"
"emoji_edgar_mha","67","67","sc/emoji_67.sc","emoji_edgar_mha","Enrager",,,,"SPECIAL","COLLECTORS","SPECIAL",,,,,,,,"TRUE",,,,,,,,,"NEVER"
"emoji_esports_brawlcup26","67","67","sc/emoji_67.sc","emoji_esports_brawlcup26",,,,,"SPECIAL","COLLECTORS","SPECIAL",,,,,,,,"TRUE",,,,"WF_2020",,,,,"NEVER"
"emoji_esports_brawlcup26_vip","67","67","sc/emoji_67.sc","emoji_esports_brawlcup26_vip",,,,,"SPECIAL","COLLECTORS","SPECIAL",,,,,,,,"TRUE",,,,"WF_2020",,,,,"NEVER"
"emoji_fang_mha","67","67","sc/emoji_67.sc","emoji_fang_mha","KickerDude",,,,"SPECIAL","COLLECTORS","SPECIAL",,,,,,,,"TRUE",,,,,,,,,"NEVER"
"emoji_finx_starr","67","67","sc/emoji_67.sc","emoji_finx_starr",,,,,"SPECIAL","COLLECTORS","SPECIAL",,,,,,,,"TRUE",,,,"ANIME",,,,,
"emoji_gus_mha","67","67","sc/emoji_67.sc","emoji_gus_mha","SoulCollector",,,,"SPECIAL","COLLECTORS","SPECIAL",,,,,,,,"TRUE",,,,,,,,,"NEVER"
"emoji_janet_mha","67","67","sc/emoji_67.sc","emoji_janet_mha","JetpackGirl",,,,"SPECIAL","COLLECTORS","SPECIAL",,,,,,,,"TRUE",,,,,,,,,"NEVER"
"emoji_juju_starr","67","67","sc/emoji_67.sc","emoji_juju_starr",,,,,"SPECIAL","COLLECTORS","SPECIAL",,,,,,,,"TRUE",,,,"ANIME",,,,,
"emoji_metal_heart","67","67","sc/emoji_67.sc","emoji_metal_heart",,,,,"SPECIAL","COLLECTORS","SPECIAL",,,,,,,,"TRUE",,,,"MISC",,,,,
"emoji_mha_allmight","67","67","sc/emoji_67.sc","emoji_mha_allmight",,,,,"SPECIAL","COLLECTORS","SPECIAL",,,,,,,,"TRUE",,,,"MHA",,,,,"NEVER"
"emoji_mha_deku","67","67","sc/emoji_67.sc","emoji_mha_deku",,,,,"SPECIAL","COLLECTORS","SPECIAL",,,,,,,,"TRUE",,,,"MHA",,,,,"NEVER"
"emoji_mha_ochaco","67","67","sc/emoji_67.sc","emoji_mha_ochaco",,,,,"SPECIAL","COLLECTORS","SPECIAL",,,,,,,,"TRUE",,,,"MHA",,,,,"NEVER"
"emoji_naji_overcharge","67","67","sc/emoji_67.sc","emoji_naji_overcharge","Redirecter",,,,"SPECIAL","COLLECTORS","SPECIAL",,,,,,,,"TRUE",,,,,,,,,"NEVER"
"emoji_primo_mha","67","67","sc/emoji_67.sc","emoji_primo_mha","Luchador",,,,"SPECIAL","COLLECTORS","DEFAULT","El_primo_Hero_Start_VO","0",,,,,,"TRUE",,,,,,,,,"NEVER"
"emoji_primo_mha_angry","67","67","sc/emoji_67.sc","emoji_primo_mha_angry","Luchador",,,,"SPECIAL","COLLECTORS","ANGRY","El_primo_Hero_Hurt_VO","4",,,,,,"TRUE",,,,,,,,,"NEVER"
"emoji_primo_mha_clap","67","67","sc/emoji_67.sc","emoji_primo_mha_clap","Luchador",,,,"SPECIAL","COLLECTORS","CLAP","Colt_Pin_Clap","0",,,,,,"TRUE",,,,,,,,,"NEVER"
"emoji_primo_mha_gg","67","67","sc/emoji_67.sc","emoji_primo_mha_gg","Luchador",,,,"SPECIAL","COLLECTORS","GG","El_primo_Hero_Lead_VO","1",,,,,,"TRUE",,,,,,,,,"NEVER"
"emoji_primo_mha_happy","67","67","sc/emoji_67.sc","emoji_primo_mha_happy","Luchador",,,,"SPECIAL","COLLECTORS","HAPPY","El_primo_Hero_Kill_VO","3",,,,,,"TRUE",,,,,,,,,"NEVER"
"emoji_primo_mha_phew","67","67","sc/emoji_67.sc","emoji_primo_mha_phew","Luchador",,,,"SPECIAL","COLLECTORS","PHEW","El_primo_Hero_Hurt_VO","2",,,,,,"TRUE",,,,,,,,,"NEVER"
"emoji_primo_mha_sad","67","67","sc/emoji_67.sc","emoji_primo_mha_sad","Luchador",,,,"SPECIAL","COLLECTORS","SAD","El_primo_Hero_Hurt_VO","1",,,,,,"TRUE",,,,,,,,,"NEVER"
"emoji_primo_mha_special","67","67","sc/emoji_67.sc","emoji_primo_mha_special","Luchador",,,,"SPECIAL","COLLECTORS","SPECIAL","El_primo_Hero_Ulti_VO","0",,,,,,"TRUE",,,,,,,,,"NEVER"
"emoji_primo_mha_thanks","67","67","sc/emoji_67.sc","emoji_primo_mha_thanks","Luchador",,,,"SPECIAL","COLLECTORS","THANKS","El_primo_Hero_Atk_VO","0",,,,,,"TRUE",,,,,,,,,"NEVER"
"emoji_question","67","67","sc/emoji_67.sc","emoji_question",,,,,"SPECIAL","COLLECTORS","SPECIAL",,,,,,,,"TRUE",,,,"ANIME",,,,,
"emoji_rainbow_puke","67","67","sc/emoji_67.sc","emoji_rainbow_puke",,,,,"SPECIAL","COLLECTORS","SPECIAL",,,,,,,,"TRUE",,,,"ANIME",,,,,
"emoji_spike_starr","67","67","sc/emoji_67.sc","emoji_spike_starr",,,,,"SPECIAL","COLLECTORS","SPECIAL",,,,,,,,"TRUE",,,,"ANIME",,,,,
"emoji_sport_cheering","67","67","sc/emoji_67.sc","emoji_sport_cheering",,,,,"SPECIAL","COLLECTORS","SPECIAL",,,,,,,,"TRUE",,,,"STRIKERS",,,,,"NEVER"
"emoji_starrgirl","67","67","sc/emoji_67.sc","emoji_starrgirl",,,,,"SPECIAL","COLLECTORS","SPECIAL",,,,,,,,"TRUE",,,,"ANIME",,,,,
"emoji_starrgirl_angry","67","67","sc/emoji_67.sc","emoji_starrgirl_angry",,,,,"SPECIAL","COLLECTORS","SPECIAL",,,,,,,,"TRUE",,,,"ANIME",,,,,
"emoji_starrgirl_happy","67","67","sc/emoji_67.sc","emoji_starrgirl_happy",,,,,"SPECIAL","COLLECTORS","SPECIAL",,,,,,,,"TRUE",,,,"ANIME",,,,,
"emoji_starrgirl_special","67","67","sc/emoji_67.sc","emoji_starrgirl_special",,,,,"SPECIAL","COLLECTORS","SPECIAL",,,,,,,,"TRUE",,,,"ANIME",,,,,
"emoji_starrgirl_thanks","67","67","sc/emoji_67.sc","emoji_starrgirl_thanks",,,,,"SPECIAL","COLLECTORS","SPECIAL",,,,,,,,"TRUE",,,,"ANIME",,,,,
"emoji_starrnova_amber","67","67","sc/emoji_67.sc","emoji_starrnova_amber",,,,,"SPECIAL","COLLECTORS","SPECIAL",,,,,,,,"TRUE",,,,"ANIME",,,,,
"emoji_starrnova_bea","67","67","sc/emoji_67.sc","emoji_starrnova_bea",,,,,"SPECIAL","COLLECTORS","SPECIAL",,,,,,,,"TRUE",,,,"ANIME",,,,,
"emoji_starrnova_juju","67","67","sc/emoji_67.sc","emoji_starrnova_juju",,,,,"SPECIAL","COLLECTORS","SPECIAL",,,,,,,,"TRUE",,,,"ANIME",,,,,
"emoji_starrnova_spike","67","67","sc/emoji_67.sc","emoji_starrnova_spike",,,,,"SPECIAL","COLLECTORS","SPECIAL",,,,,,,,"TRUE",,,,"ANIME",,,,,
"emoji_starrnova_star","67","67","sc/emoji_67.sc","emoji_starrnova_star",,,,,"SPECIAL","COLLECTORS","SPECIAL",,,,,,,,"TRUE",,,,"ANIME",,,,,
"emoji_starrnova_stella","67","67","sc/emoji_67.sc","emoji_starrnova_stella",,,,,"SPECIAL","COLLECTORS","SPECIAL",,,,,,,,"TRUE",,,,"ANIME",,,,,
"emoji_stella","67","67","sc/emoji_67.sc","emoji_stella","MagicalGirl",,,,"DEFAULT","DEFAULT","DEFAULT","StarrNova_Start_VO","2",,,,,,"TRUE",,,,,,,,,
"emoji_stella_happy","67","67","sc/emoji_67.sc","emoji_stella_happy","MagicalGirl",,,,"HAPPY","COMMON","HAPPY","StarrNova_Lead_VO","6",,,,,,"TRUE",,,,,,,"TrophyRewardsMagicalGirl",,"NEVER"
"emoji_stella_sad","67","67","sc/emoji_67.sc","emoji_stella_sad","MagicalGirl",,,,"SAD","COMMON","SAD","StarrNova_Hurt_VO","5",,,,,,"TRUE",,,,,,,,,
"emoji_stella_angry","67","67","sc/emoji_67.sc","emoji_stella_angry","MagicalGirl",,,,"ANGRY","COMMON","ANGRY","StarrNova_Die_VO","9",,,,,,"TRUE",,,,,,,,,
"emoji_stella_gg","67","67","sc/emoji_67.sc","emoji_stella_gg","MagicalGirl",,,,"SPECIAL","RARE","GG","StarrNova_Start_VO","0",,,,,,"TRUE",,,,,,,,,
"emoji_stella_thanks","67","67","sc/emoji_67.sc","emoji_stella_thanks","MagicalGirl",,,,"SPECIAL","EPIC","THANKS","StarrNova_Start_VO","7",,,,,,"TRUE",,,,,,,,,
"emoji_stella_phew","67","67","sc/emoji_67.sc","emoji_stella_phew","MagicalGirl",,,,"SPECIAL","EPIC","PHEW","StarrNova_Die_VO","5",,,,,,"TRUE",,,,,,,,,
"emoji_stella_special","67","67","sc/emoji_67.sc","emoji_stella_special","MagicalGirl",,,,"SPECIAL","EPIC","SPECIAL","StarrNova_Ulti_VO","5",,,,,,"TRUE",,,,,,,"TrophyRewardsMagicalGirl",,"NEVER"
"emoji_stella_clap","67","67","sc/emoji_67.sc","emoji_stella_clap","MagicalGirl",,,,"SPECIAL","RARE","CLAP","Colt_Pin_Clap","0",,,,,,"TRUE",,,,,,,,,
"emoji_stella_facepalm","67","67","sc/emoji_67.sc","emoji_stella_facepalm","MagicalGirl",,,,"SPECIAL","COLLECTORS","FACEPALM","StarrNova_Hurt_VO","0",,,,,,"TRUE",,,,,,,"TrophyRewardsMagicalGirl",,"NEVER"
"emoji_stella_overcharge","67","67","sc/emoji_67.sc","emoji_stella_overcharge","MagicalGirl",,,,"SPECIAL","COLLECTORS","SPECIAL","StarrNova_Lead_VO","4",,,,,,"TRUE",,,,,,,,,"NEVER"
"emoji_strikers","67","67","sc/emoji_67.sc","emoji_strikers",,,,,"DEFAULT","COLLECTORS","DEFAULT",,,,,,,,"TRUE",,,,"ADIDAS",,,,,"NEVER"
"emoji_strikers_angry","67","67","sc/emoji_67.sc","emoji_strikers_angry",,,,,"ANGRY","COLLECTORS","ANGRY",,,,,,,,"TRUE",,,,"STRIKERS",,,,,"NEVER"
"emoji_strikers_cry","67","67","sc/emoji_67.sc","emoji_strikers_cry",,,,,"SPECIAL","COLLECTORS","SPECIAL",,,,,,,,"TRUE",,,,"ADIDAS",,,,,"NEVER"
"emoji_strikers_happy","67","67","sc/emoji_67.sc","emoji_strikers_happy",,,,,"HAPPY","COLLECTORS","HAPPY",,,,,,,,"TRUE",,,,"STRIKERS",,,,,"NEVER"
"emoji_strikers_sad","67","67","sc/emoji_67.sc","emoji_strikers_sad",,,,,"SAD","COLLECTORS","SAD",,,,,,,,"TRUE",,,,"ADIDAS",,,,,"NEVER"
"emoji_strikers_special","67","67","sc/emoji_67.sc","emoji_strikers_special",,,,,"SPECIAL","COLLECTORS","SPECIAL",,,,,,,,"TRUE",,,,"STRIKERS",,,,,"NEVER"
"emoji_wink","67","67","sc/emoji_67.sc","emoji_wink",,,,,"SPECIAL","COLLECTORS","SPECIAL",,,,,,,,"TRUE",,,,"ANIME",,,,,
"emoji_carl_strikers","67","67","sc/emoji_67.sc","emoji_carl_strikers",,,,,"SPECIAL","COLLECTORS","SPECIAL",,,,,,,,"TRUE",,,,"STRIKERS",,,,,"NEVER"
"emoji_meeple_strikers","67","67","sc/emoji_67.sc","emoji_meeple_strikers",,,,,"SPECIAL","COLLECTORS","SPECIAL",,,,,,,,"TRUE",,,,"STRIKERS",,,,,"NEVER"
"emoji_lou_strikers","67","67","sc/emoji_67.sc","emoji_lou_strikers",,,,,"SPECIAL","COLLECTORS","SPECIAL",,,,,,,,"TRUE",,,,"STRIKERS",,,,,"NEVER"
"emoji_surge_strikers","67","67","sc/emoji_67.sc","emoji_surge_strikers",,,,,"SPECIAL","COLLECTORS","SPECIAL",,,,,,,,"TRUE",,,,"STRIKERS",,,,,"NEVER"
"emoji_otis_strikers","67","67","sc/emoji_67.sc","emoji_otis_strikers",,,,,"SPECIAL","COLLECTORS","SPECIAL",,,,,,,,"TRUE",,,,"STRIKERS",,,,,"NEVER"
"emoji_gene_strikers","67","67","sc/emoji_67.sc","emoji_gene_strikers",,,,,"SPECIAL","COLLECTORS","SPECIAL",,,,,,,,"TRUE",,,,"STRIKERS",,,,,"NEVER"
"emoji_clawmachine","67","67","sc/emoji_67.sc","emoji_clawmachine",,,,,"SPECIAL","COLLECTORS","SPECIAL",,,,,,,,"TRUE",,,,"MISC",,,,,
"emoji_gray_windstock","68","68","sc/emoji_68.sc","emoji_gray_windstock",,,,,"SPECIAL","COLLECTORS","SPECIAL",,,,,,,,"TRUE",,,,"WINDSTOCK",,,,,
"emoji_kenji_windstock","68","68","sc/emoji_68.sc","emoji_kenji_windstock",,,,,"SPECIAL","COLLECTORS","SPECIAL",,,,,,,,"TRUE",,,,"WINDSTOCK",,,,,
"emoji_moe_windstock","68","68","sc/emoji_68.sc","emoji_moe_windstock",,,,,"SPECIAL","COLLECTORS","SPECIAL",,,,,,,,"TRUE",,,,"WINDSTOCK",,,,,
"emoji_sprout_windstock","68","68","sc/emoji_68.sc","emoji_sprout_windstock",,,,,"SPECIAL","COLLECTORS","SPECIAL",,,,,,,,"TRUE",,,,"WINDSTOCK",,,,,
"emoji_rosa_windstock","68","68","sc/emoji_68.sc","emoji_rosa_windstock",,,,,"SPECIAL","COLLECTORS","SPECIAL",,,,,,,,"TRUE",,,,"WINDSTOCK",,,,,
"emoji_byron_windstock","68","68","sc/emoji_68.sc","emoji_byron_windstock",,,,,"SPECIAL","COLLECTORS","SPECIAL",,,,,,,,"TRUE",,,,"WINDSTOCK",,,,,
"emoji_nori","68","68","sc/emoji_68.sc","emoji_nori","KatanaKid",,,,"DEFAULT","DEFAULT","DEFAULT","Nori_Start_VO","0",,,,,,"TRUE",,,,,,,,,
"emoji_nori_happy","68","68","sc/emoji_68.sc","emoji_nori_happy","KatanaKid",,,,"HAPPY","COMMON","HAPPY","Nori_Lead_VO","0",,,,,,"TRUE",,,,,,,"TrophyRewardsKatanaKid",,"NEVER"
"emoji_nori_sad","68","68","sc/emoji_68.sc","emoji_nori_sad","KatanaKid",,,,"SAD","COMMON","SAD","Nori_Die_VO","5",,,,,,"TRUE",,,,,,,,,
"emoji_nori_angry","68","68","sc/emoji_68.sc","emoji_nori_angry","KatanaKid",,,,"ANGRY","COMMON","ANGRY","Nori_Hurt_VO","1",,,,,,"TRUE",,,,,,,,,
"emoji_nori_gg","68","68","sc/emoji_68.sc","emoji_nori_gg","KatanaKid",,,,"SPECIAL","RARE","GG","Nori_Lead_VO","1",,,,,,"TRUE",,,,,,,,,
"emoji_nori_thanks","68","68","sc/emoji_68.sc","emoji_nori_thanks","KatanaKid",,,,"SPECIAL","EPIC","THANKS","Nori_Kill_VO","0",,,,,,"TRUE",,,,,,,,,
"emoji_nori_phew","68","68","sc/emoji_68.sc","emoji_nori_phew","KatanaKid",,,,"SPECIAL","EPIC","PHEW","Nori_Hurt_VO","7",,,,,,"TRUE",,,,,,,,,
"emoji_nori_special","68","68","sc/emoji_68.sc","emoji_nori_special","KatanaKid",,,,"SPECIAL","EPIC","SPECIAL","Nori_Start_VO","5",,,,,,"TRUE",,,,,,,"TrophyRewardsKatanaKid",,"NEVER"
"emoji_nori_clap","68","68","sc/emoji_68.sc","emoji_nori_clap","KatanaKid",,,,"SPECIAL","RARE","CLAP","Colt_Pin_Clap","0",,,,,,"TRUE",,,,,,,,,
"emoji_nori_facepalm","68","68","sc/emoji_68.sc","emoji_nori_facepalm","KatanaKid",,,,"SPECIAL","COLLECTORS","FACEPALM","Nori_Hurt_VO","2",,,,,,"TRUE",,,,,,,"TrophyRewardsKatanaKid",,"NEVER"
"emoji_wendy","68","68","sc/emoji_68.sc","emoji_wendy","FutureGirl",,,,"DEFAULT","DEFAULT","DEFAULT","Wendy_Start_VO","2",,,,,,"TRUE",,,,,,,,,
"emoji_wendy_happy","68","68","sc/emoji_68.sc","emoji_wendy_happy","FutureGirl",,,,"HAPPY","COMMON","HAPPY","Wendy_Lead_VO","1",,,,,,"TRUE",,,,,,,"TrophyRewardsFutureGirl",,"NEVER"
"emoji_wendy_sad","68","68","sc/emoji_68.sc","emoji_wendy_sad","FutureGirl",,,,"SAD","COMMON","SAD","Wendy_Die_VO","3",,,,,,"TRUE",,,,,,,,,
"emoji_wendy_angry","68","68","sc/emoji_68.sc","emoji_wendy_angry","FutureGirl",,,,"ANGRY","COMMON","ANGRY","Wendy_Hurt_VO","1",,,,,,"TRUE",,,,,,,,,
"emoji_wendy_gg","68","68","sc/emoji_68.sc","emoji_wendy_gg","FutureGirl",,,,"SPECIAL","RARE","GG","Wendy_Kill_VO","0",,,,,,"TRUE",,,,,,,,,
"emoji_wendy_thanks","68","68","sc/emoji_68.sc","emoji_wendy_thanks","FutureGirl",,,,"SPECIAL","EPIC","THANKS","Wendy_Start_VO","5",,,,,,"TRUE",,,,,,,,,
"emoji_wendy_phew","68","68","sc/emoji_68.sc","emoji_wendy_phew","FutureGirl",,,,"SPECIAL","EPIC","PHEW","Wendy_Die_VO","0",,,,,,"TRUE",,,,,,,,,
"emoji_wendy_special","68","68","sc/emoji_68.sc","emoji_wendy_special","FutureGirl",,,,"SPECIAL","EPIC","SPECIAL","Wendy_Start_VO","3",,,,,,"TRUE",,,,,,,"TrophyRewardsFutureGirl",,"NEVER"
"emoji_wendy_clap","68","68","sc/emoji_68.sc","emoji_wendy_clap","FutureGirl",,,,"SPECIAL","RARE","CLAP","Colt_Pin_Clap","0",,,,,,"TRUE",,,,,,,,,
"emoji_wendy_facepalm","68","68","sc/emoji_68.sc","emoji_wendy_facepalm","FutureGirl",,,,"SPECIAL","COLLECTORS","FACEPALM","Wendy_Hurt_VO","0",,,,,,"TRUE",,,,,,,"TrophyRewardsFutureGirl",,"NEVER"
"emoji_brock_nano","68","68","sc/emoji_68.sc","emoji_brock_nano","RocketGirl",,,,"DEFAULT","COLLECTORS","DEFAULT","Brock_Cyber_Start_VO","0",,,,,,"TRUE",,,,"PROPASS",,,,,"NEVER"
"emoji_brock_nano_angry","68","68","sc/emoji_68.sc","emoji_brock_nano_angry","RocketGirl",,,,"ANGRY","COLLECTORS","ANGRY","Brock_Cyber_Hurt_VO","6",,,,,,"TRUE",,,,"PROPASS",,,,"TRUE","NEVER"
"emoji_brock_nano_happy","68","68","sc/emoji_68.sc","emoji_brock_nano_happy","RocketGirl",,,,"SPECIAL","COLLECTORS","HAPPY","Brock_Cyber_Lead_VO","8",,,,,,"TRUE",,,,"PROPASS",,,,,"NEVER"
"emoji_brock_nano_gg","68","68","sc/emoji_68.sc","emoji_brock_nano_gg","RocketGirl",,,,"SPECIAL","COLLECTORS","GG","Brock_Cyber_Start_VO","9",,,,,,"TRUE",,,,"PROPASS",,,,,"NEVER"
"emoji_brock_nano_phew","68","68","sc/emoji_68.sc","emoji_brock_nano_phew","RocketGirl",,,,"HAPPY","COLLECTORS","PHEW","Brock_Cyber_Die_VO","0",,,,,,"TRUE",,,,"PROPASS",,,,,"NEVER"
"emoji_brock_nano_sad","68","68","sc/emoji_68.sc","emoji_brock_nano_sad","RocketGirl",,,,"SPECIAL","COLLECTORS","SAD","Brock_Cyber_Die_VO","5",,,,,,"TRUE",,,,"PROPASS",,,,"TRUE","NEVER"
"emoji_brock_nano_special","68","68","sc/emoji_68.sc","emoji_brock_nano_special","RocketGirl",,,,"SAD","COLLECTORS","SPECIAL","Brock_Cyber_Ulti_VO","2",,,,,,"TRUE",,,,"PROPASS",,,,,"NEVER"
"emoji_brock_nano_thanks","68","68","sc/emoji_68.sc","emoji_brock_nano_thanks","RocketGirl",,,,"SPECIAL","COLLECTORS","THANKS","Brock_Cyber_Start_VO","3",,,,,,"TRUE",,,,"PROPASS",,,,,"NEVER"
"emoji_brock_nano_clap","68","68","sc/emoji_68.sc","emoji_brock_nano_clap","RocketGirl",,,,"SPECIAL","COLLECTORS","CLAP","Colt_Pin_Clap","0",,,,,,"TRUE",,,,"PROPASS",,,,,"NEVER"
"emoji_brock_nano_chroma_gold","68","68","sc/emoji_68.sc","emoji_brock_nano_chroma_gold","RocketGirl",,,,"DEFAULT","COLLECTORS","SPECIAL","Brock_Cyber_Hurt_VO","0",,,,,,"TRUE",,,,"PROPASS",,,,,"NEVER"
"emoji_brock_nano_chroma_purple","68","68","sc/emoji_68.sc","emoji_brock_nano_chroma_purple","RocketGirl",,,,"DEFAULT","COLLECTORS","SPECIAL","Brock_Cyber_Lead_VO","3",,,,,,"TRUE",,,,"PROPASS",,,,,"NEVER"
"emoji_propass_energy","68","68","sc/emoji_68.sc","emoji_propass_energy",,,,,"SPECIAL","COLLECTORS","SPECIAL",,,,,,,,"TRUE",,,,"PROPASS",,,,,"NEVER"
"emoji_propass_fan","68","68","sc/emoji_68.sc","emoji_propass_fan",,,,,"SPECIAL","COLLECTORS","SPECIAL",,,,,,,,"TRUE",,,,"PROPASS",,,,,"NEVER"
"emoji_propass_fox_free","68","68","sc/emoji_68.sc","emoji_propass_fox_free",,,,,"SPECIAL","COLLECTORS","SPECIAL",,,,,,,,"TRUE",,,,"PROPASS",,,,,"NEVER"
"emoji_propass_goggle","68","68","sc/emoji_68.sc","emoji_propass_goggle",,,,,"SPECIAL","COLLECTORS","SPECIAL",,,,,,,,"TRUE",,,,"PROPASS",,,,,"NEVER"
"emoji_propass_ice","68","68","sc/emoji_68.sc","emoji_propass_ice",,,,,"SPECIAL","COLLECTORS","SPECIAL",,,,,,,,"TRUE",,,,"PROPASS",,,,,"NEVER"
"emoji_propass_luckybag","68","68","sc/emoji_68.sc","emoji_propass_luckybag",,,,,"SPECIAL","COLLECTORS","SPECIAL",,,,,,,,"TRUE",,,,"PROPASS",,,,,"NEVER"
"emoji_propass_match","68","68","sc/emoji_68.sc","emoji_propass_match",,,,,"SPECIAL","COLLECTORS","SPECIAL",,,,,,,,"TRUE",,,,"PROPASS",,,,,"NEVER"
"emoji_propass_open","68","68","sc/emoji_68.sc","emoji_propass_open",,,,,"SPECIAL","COLLECTORS","SPECIAL",,,,,,,,"TRUE",,,,"PROPASS",,,,,"NEVER"
"emoji_propass_pill","68","68","sc/emoji_68.sc","emoji_propass_pill",,,,,"SPECIAL","COLLECTORS","SPECIAL",,,,,,,,"TRUE",,,,"PROPASS",,,,,"NEVER"
"emoji_propass_tempura","68","68","sc/emoji_68.sc","emoji_propass_tempura",,,,,"SPECIAL","COLLECTORS","SPECIAL",,,,,,,,"TRUE",,,,"PROPASS",,,,,"NEVER"
"emoji_propass_windbell","68","68","sc/emoji_68.sc","emoji_propass_windbell",,,,,"SPECIAL","COLLECTORS","SPECIAL",,,,,,,,"TRUE",,,,"PROPASS",,,,,"NEVER"
"emoji_berry_nano","68","68","sc/emoji_68.sc","emoji_berry_nano",,,,,"SPECIAL","COLLECTORS","SPECIAL",,,,,,,,"TRUE",,,,"NANO",,,,,
"emoji_jae_nano","68","68","sc/emoji_68.sc","emoji_jae_nano",,,,,"SPECIAL","COLLECTORS","SPECIAL",,,,,,,,"TRUE",,,,"NANO",,,,,
"emoji_meg_nano","68","68","sc/emoji_68.sc","emoji_meg_nano",,,,,"SPECIAL","COLLECTORS","SPECIAL",,,,,,,,"TRUE",,,,"WINDSTOCK",,,,,
"emoji_mico_nano","68","68","sc/emoji_68.sc","emoji_mico_nano",,,,,"SPECIAL","COLLECTORS","SPECIAL",,,,,,,,"TRUE",,,,"NANO",,,,,
"emoji_shelly_nano","68","68","sc/emoji_68.sc","emoji_shelly_nano",,,,,"SPECIAL","COLLECTORS","SPECIAL",,,,,,,,"TRUE",,,,"NANO",,,,,
"emoji_tara_nano","68","68","sc/emoji_68.sc","emoji_tara_nano",,,,,"SPECIAL","COLLECTORS","SPECIAL",,,,,,,,"TRUE",,,,"NANO",,,,,
"emoji_tick_nano","68","68","sc/emoji_68.sc","emoji_tick_nano",,,,,"SPECIAL","COLLECTORS","SPECIAL",,,,,,,,"TRUE",,,,"NANO",,,,,
"emoji_nano_dumpling","68","68","sc/emoji_68.sc","emoji_nano_dumpling",,,,,"SPECIAL","COLLECTORS","SPECIAL",,,,,,,,"TRUE",,,,"WINDSTOCK",,,,,
"emoji_nano_samurai","68","68","sc/emoji_68.sc","emoji_nano_samurai",,,,,"SPECIAL","COLLECTORS","SPECIAL",,,,,,,,"TRUE",,,,"NANO",,,,,
"emoji_bp_nano","68","68","sc/emoji_68.sc","emoji_bp_nano",,,,,"SPECIAL","COLLECTORS","SPECIAL",,,,,,,,"TRUE",,,,"NANO",,,,,
"emoji_bp_nano_cat","68","68","sc/emoji_68.sc","emoji_bp_nano_cat",,,,,"SPECIAL","COLLECTORS","SPECIAL",,,,,,,,"TRUE",,,,"NANO",,,,,
"emoji_bp_nano_chef","68","68","sc/emoji_68.sc","emoji_bp_nano_chef",,,,,"SPECIAL","COLLECTORS","SPECIAL",,,,,,,,"TRUE",,,,"NANO",,,,,
"emoji_bp_nano_ninja","68","68","sc/emoji_68.sc","emoji_bp_nano_ninja",,,,,"SPECIAL","COLLECTORS","SPECIAL",,,,,,,,"TRUE",,,,"NANO",,,,,
"emoji_bp_nano_special","68","68","sc/emoji_68.sc","emoji_bp_nano_special",,,,,"SPECIAL","COLLECTORS","SPECIAL",,,,,,,,"TRUE",,,,"NANO",,,,,
"emoji_box_nano","68","68","sc/emoji_68.sc","emoji_box_nano",,,,,"SPECIAL","COLLECTORS","SPECIAL",,,,,,,,"TRUE",,,,"NANO",,,,,
"emoji_box_windstock","68","68","sc/emoji_68.sc","emoji_box_windstock",,,,,"SPECIAL","COLLECTORS","SPECIAL",,,,,,,,"TRUE",,,,"WINDSTOCK",,,,,
"emoji_bp_windstock","68","68","sc/emoji_68.sc","emoji_bp_windstock",,,,,"SPECIAL","COLLECTORS","SPECIAL",,,,,,,,"TRUE",,,,"WINDSTOCK",,,,,
"emoji_bp_windstock_sad","68","68","sc/emoji_68.sc","emoji_bp_windstock_sad",,,,,"SPECIAL","COLLECTORS","SPECIAL",,,,,,,,"TRUE",,,,"WINDSTOCK",,,,,
"emoji_bp_windstock_smart","68","68","sc/emoji_68.sc","emoji_bp_windstock_smart",,,,,"SPECIAL","COLLECTORS","SPECIAL",,,,,,,,"TRUE",,,,"WINDSTOCK",,,,,
"emoji_bp_windstock_special","68","68","sc/emoji_68.sc","emoji_bp_windstock_special",,,,,"SPECIAL","COLLECTORS","SPECIAL",,,,,,,,"TRUE",,,,"WINDSTOCK",,,,,
"emoji_bp_windstock_what","68","68","sc/emoji_68.sc","emoji_bp_windstock_what",,,,,"SPECIAL","COLLECTORS","SPECIAL",,,,,,,,"TRUE",,,,"WINDSTOCK",,,,,
"emoji_box_nori","68","68","sc/emoji_68.sc","emoji_box_nori","KatanaKid",,,,"SPECIAL","COLLECTORS","SPECIAL",,,,,,,,"TRUE",,,,"BOXES",,,,,
"emoji_box_wendy","68","68","sc/emoji_68.sc","emoji_box_wendy","FutureGirl",,,,"SPECIAL","COLLECTORS","SPECIAL",,,,,,,,"TRUE",,,,"BOXES",,,,,
"emoji_ash_adidas","68","68","sc/emoji_68.sc","emoji_ash_adidas",,,,,"SPECIAL","COLLECTORS","SPECIAL",,,,,,,,"TRUE",,,,"ADIDAS",,,,,"NEVER"
"emoji_champi_esports_68_1","68","68","sc/emoji_68.sc","emoji_champi_esports_68_1",,,,,"SPECIAL","COLLECTORS","SPECIAL",,,,,,,,"TRUE",,,,"WF_2020",,,,,"NEVER"
"emoji_champi_esports_68_2","68","68","sc/emoji_68.sc","emoji_champi_esports_68_2",,,,,"SPECIAL","COLLECTORS","SPECIAL",,,,,,,,"TRUE",,,,"WF_2020",,,,,"NEVER"
"emoji_champi_esports_68_3","68","68","sc/emoji_68.sc","emoji_champi_esports_68_3",,,,,"SPECIAL","COLLECTORS","SPECIAL",,,,,,,,"TRUE",,,,"WF_2020",,,,,"NEVER"
"emoji_champie_team_fl","68","68","sc/emoji_68.sc","emoji_champie_team_fl",,,,,"SPECIAL","COLLECTORS","SPECIAL",,,,,,,,"TRUE",,,,"WF_2020",,,,,"NEVER"
"emoji_bolt_overcharge","68","68","sc/emoji_68.sc","emoji_bolt_overcharge","Rock",,,,"SPECIAL","COLLECTORS","SPECIAL",,,,,,,,"TRUE",,,,,,,,,"NEVER"
"emoji_error_npc","68","68","sc/emoji_68.sc","emoji_error_npc",,,,,"SPECIAL","COLLECTORS","SPECIAL","Pin_Error_Npc",,,,,,,"TRUE",,,,"MISC",,,,,"NEVER"
"emoji_summer_cooldown","68","68","sc/emoji_68.sc","emoji_summer_cooldown",,,,,"SPECIAL","COLLECTORS","SPECIAL","Pin_Summer_Cooldown",,,,,,,"TRUE",,,,"MISC",,,,,"NEVER"
"emoji_clown_surrender","68","68","sc/emoji_68.sc","emoji_clown_surrender",,,,,"SPECIAL","COLLECTORS","SPECIAL","Pin_Clown_Surrender",,,,,,,"TRUE",,,,"MISC",,,,,"NEVER"
"emoji_creator_3_26","68","68","sc/emoji_68.sc","emoji_creator_3_26",,,,,"SPECIAL","COLLECTORS","SPECIAL","Pin_Absolute_Cinema",,,,,,,"TRUE",,,,"MISC",,,,,"NEVER"
"emoji_creator_4_26","68","68","sc/emoji_68.sc","emoji_creator_4_26",,,,,"SPECIAL","COLLECTORS","SPECIAL","Pin_Absolute_Cinema",,,,,,,"TRUE",,,,"MISC",,,,,"NEVER"
